Testflow,Test Suite,Test Method,Test,Test#,Pattern,Wafer,Site,Pin,Device,Device ID,Part ID,Part Txt,Lower,LS,Value,Unit,US,Upper,P/F,Time,TS Time,Print To Data Log,Test Text
1,"CONTINUITY","","CONTINUITY",10030,"",0,1,"EN0_PS1600",1,"1","","",-600,"<=",-9.9999e+07,"mV","<=",-200,"F",1.37792,***,"",
1,"CONTINUITY","","CONTINUITY",10020,"",0,1,"FAULTB_PS1600",1,"1","","",-600,"<=",-9.9999e+07,"mV","<=",-200,"F",1.37792,***,"",
1,"CONTINUITY","","CONTINUITY",10050,"",0,1,"FCB_PS1600",1,"1","","",-600,"<=",-9.9999e+07,"mV","<=",-200,"F",1.37792,***,"",
1,"CONTINUITY","","CONTINUITY",10090,"",0,1,"ISEN_PS1600",1,"1","","",-600,"<=",-9.9999e+07,"mV","<=",-200,"F",1.37792,***,"",
1,"CONTINUITY","","CONTINUITY",10080,"",0,1,"ITRIP_PS1600",1,"1","","",-600,"<=",-9.9999e+07,"mV","<=",-200,"F",1.37792,***,"",
1,"CONTINUITY","","CONTINUITY",10040,"",0,1,"OFF_PS1600",1,"1","","",-600,"<=",-9.9999e+07,"mV","<=",-200,"F",1.37792,***,"",
1,"CONTINUITY","","CONTINUITY",10010,"",0,1,"SS_PS1600",1,"1","","",-600,"<=",-36.5664,"mV","<=",-200,"F",1.37792,***,"",
1,"CONTINUITY","","CONTINUITY",10070,"",0,1,"VBIAS_PS1600",1,"1","","",-600,"<=",-1406.52,"mV","<=",-150,"F",1.37792,***,"",
1,"CONTINUITY","","CONTINUITY",10060,"",0,1,"GND_PS1600",1,"1","","",-600,"<=",-284.887,"mV","<=",-200,"P",1.37792,***,"",
1,"CONTINUITY","","CONTINUITY",10180,"",0,1,"VIN1",1,"1","","",-400,"<=",-336.231,"mV","<=",-60,"P",1.37792,***,"",
1,"CONTINUITY","","MOULD_RES",10340,"",0,1,"VIN1",1,"1","","",0,"<=",4027.44,"ohm","<=",20,"F",1.37792,***,"",
1,"CONTINUITY","","CONTINUITY",10190,"",0,1,"VIN2",1,"1","","",-400,"<=",-2000.09,"mV","<=",-60,"F",1.37792,***,"",
1,"CONTINUITY","","MOULD_RES",10350,"",0,1,"VIN2",1,"1","","",0,"<=",9826.08,"ohm","<=",20,"F",1.37792,***,"",
1,"CONTINUITY","","CONTINUITY",10200,"",0,1,"VIN3",1,"1","","",-400,"<=",-0.28801,"mV","<=",-60,"F",1.37792,***,"",
1,"CONTINUITY","","MOULD_RES",10360,"",0,1,"VIN3",1,"1","","",0,"<=",4.79592,"ohm","<=",20,"P",1.37792,***,"",
1,"CONTINUITY","","CONTINUITY",10210,"",0,1,"VIN4_RS1",1,"1","","",-400,"<=",0.152588,"mV","<=",-60,"F",1.37792,***,"",
1,"CONTINUITY","","MOULD_RES",10370,"",0,1,"VIN4_RS1",1,"1","","",0,"<=",0.313653,"ohm","<=",20,"P",1.37792,***,"",
1,"CONTINUITY","","CONTINUITY",10220,"",0,1,"VIN4_RS2",1,"1","","",-400,"<=",-0.204086,"mV","<=",-60,"F",1.37792,***,"",
1,"CONTINUITY","","MOULD_RES",10380,"",0,1,"VIN4_RS2",1,"1","","",0,"<=",0.455644,"ohm","<=",20,"P",1.37792,***,"",
1,"CONTINUITY","","CONTINUITY",10230,"",0,1,"VIN5_RS1",1,"1","","",-400,"<=",-0.0743866,"mV","<=",-60,"F",1.37792,***,"",
1,"CONTINUITY","","MOULD_RES",10390,"",0,1,"VIN5_RS1",1,"1","","",0,"<=",0.283983,"ohm","<=",20,"P",1.37792,***,"",
1,"CONTINUITY","","CONTINUITY",10240,"",0,1,"VIN5_RS2",1,"1","","",-400,"<=",0.150681,"mV","<=",-60,"F",1.37792,***,"",
1,"CONTINUITY","","MOULD_RES",10400,"",0,1,"VIN5_RS2",1,"1","","",0,"<=",0.256432,"ohm","<=",20,"P",1.37792,***,"",
1,"CONTINUITY","","CONTINUITY",10250,"",0,1,"VIN6",1,"1","","",-400,"<=",0.087738,"mV","<=",-60,"F",1.37792,***,"",
1,"CONTINUITY","","MOULD_RES",10410,"",0,1,"VIN6",1,"1","","",0,"<=",0.218286,"ohm","<=",20,"P",1.37792,***,"",
1,"CONTINUITY","","CONTINUITY",10100,"",0,1,"VOUT1",1,"1","","",-300,"<=",-0.766754,"mV","<=",-30,"F",1.37792,***,"",
1,"CONTINUITY","","MOULD_RES",10260,"",0,1,"VOUT1",1,"1","","",0,"<=",0.0275511,"ohm","<=",20,"P",1.37792,***,"",
1,"CONTINUITY","","CONTINUITY",10110,"",0,1,"VOUT2_RS1",1,"1","","",-300,"<=",-0.751495,"mV","<=",-30,"F",1.37792,***,"",
1,"CONTINUITY","","MOULD_RES",10270,"",0,1,"VOUT2_RS1",1,"1","","",0,"<=",0.341203,"ohm","<=",20,"P",1.37792,***,"",
1,"CONTINUITY","","CONTINUITY",10120,"",0,1,"VOUT2_RS2",1,"1","","",-300,"<=",-0.814438,"mV","<=",-30,"F",1.37792,***,"",
1,"CONTINUITY","","MOULD_RES",10280,"",0,1,"VOUT2_RS2",1,"1","","",0,"<=",0.152588,"ohm","<=",20,"P",1.37792,***,"",
1,"CONTINUITY","","CONTINUITY",10130,"",0,1,"VOUT3_RS1",1,"1","","",-300,"<=",-0.764847,"mV","<=",-30,"F",1.37792,***,"",
1,"CONTINUITY","","MOULD_RES",10290,"",0,1,"VOUT3_RS1",1,"1","","",0,"<=",0.139872,"ohm","<=",20,"P",1.37792,***,"",
1,"CONTINUITY","","CONTINUITY",10140,"",0,1,"VOUT3_RS2",1,"1","","",-300,"<=",-0.814438,"mV","<=",-30,"F",1.37792,***,"",
1,"CONTINUITY","","MOULD_RES",10300,"",0,1,"VOUT3_RS2",1,"1","","",0,"<=",0.0890089,"ohm","<=",20,"P",1.37792,***,"",
1,"CONTINUITY","","CONTINUITY",10150,"",0,1,"VOUT4",1,"1","","",-300,"<=",-0.818253,"mV","<=",-30,"F",1.37792,***,"",
1,"CONTINUITY","","MOULD_RES",10310,"",0,1,"VOUT4",1,"1","","",0,"<=",0.283983,"ohm","<=",20,"P",1.37792,***,"",
1,"CONTINUITY","","CONTINUITY",10160,"",0,1,"VOUT5",1,"1","","",-300,"<=",-2000.07,"mV","<=",-30,"F",1.37792,***,"",
1,"CONTINUITY","","MOULD_RES",10320,"",0,1,"VOUT5",1,"1","","",0,"<=",9615.12,"ohm","<=",20,"F",1.37792,***,"",
1,"CONTINUITY","","CONTINUITY",10170,"",0,1,"VOUT6",1,"1","","",-300,"<=",-280.827,"mV","<=",-30,"P",1.37792,***,"",
1,"CONTINUITY","","MOULD_RES",10330,"",0,1,"VOUT6",1,"1","","",0,"<=",4548.94,"ohm","<=",20,"F",1.37792,***,"",
1,"Pin_to_Pin_Leakage","","PIN_TO_PIN_POS_LEAKAGE_PIN",20010,"",0,1,"FAULTB_PS1600",1,"1","","",-1500,"<=",-9.9999e+13,"nA","<=",200,"F",0.792685,***,"",
1,"Pin_to_Pin_Leakage","","PIN_TO_PIN_NEG_LEAKAGE_PIN",20110,"",0,1,"FAULTB_PS1600",1,"1","","",-1500,"<=",-9.9999e+13,"nA","<=",200,"F",0.792685,***,"",
1,"Pin_to_Pin_Leakage","","PIN_TO_PIN_POS_LEAKAGE_PIN",20020,"",0,1,"ITRIP_PS1600",1,"1","","",-1500,"<=",-134.047,"nA","<=",200,"P",0.792685,***,"",
1,"Pin_to_Pin_Leakage","","PIN_TO_PIN_NEG_LEAKAGE_PIN",20120,"",0,1,"ITRIP_PS1600",1,"1","","",-1500,"<=",-134.047,"nA","<=",200,"P",0.792685,***,"",
1,"Pin_to_Pin_Leakage","","PIN_TO_PIN_POS_LEAKAGE_PIN",20030,"",0,1,"OFF_PS1600",1,"1","","",-1500,"<=",-101.292,"nA","<=",200,"P",0.792685,***,"",
1,"Pin_to_Pin_Leakage","","PIN_TO_PIN_NEG_LEAKAGE_PIN",20130,"",0,1,"OFF_PS1600",1,"1","","",-1500,"<=",-101.292,"nA","<=",200,"P",0.792685,***,"",
1,"Pin_to_Pin_Leakage","","PIN_TO_PIN_POS_LEAKAGE_PIN",20040,"",0,1,"SS_PS1600",1,"1","","",-1500,"<=",-9.9999e+13,"nA","<=",200,"F",0.792685,***,"",
1,"Pin_to_Pin_Leakage","","PIN_TO_PIN_NEG_LEAKAGE_PIN",20140,"",0,1,"SS_PS1600",1,"1","","",-1500,"<=",-9.9999e+13,"nA","<=",200,"F",0.792685,***,"",
1,"Pin_to_Pin_Leakage","","PIN_TO_PIN_POS_LEAKAGE_PIN",20050,"",0,1,"VIN1",1,"1","","",-1500,"<=",45.8917,"nA","<=",500,"P",0.792685,***,"",
1,"Pin_to_Pin_Leakage","","PIN_TO_PIN_NEG_LEAKAGE_PIN",20150,"",0,1,"VIN1",1,"1","","",-1500,"<=",-109.572,"nA","<=",-10,"P",0.792685,***,"",
1,"Pin_to_Pin_Leakage","","PIN_TO_PIN_POS_LEAKAGE_PIN",20060,"",0,1,"VOUT1",1,"1","","",-1500,"<=",300.668,"nA","<=",500,"P",0.792685,***,"",
1,"Pin_to_Pin_Leakage","","PIN_TO_PIN_NEG_LEAKAGE_PIN",20160,"",0,1,"VOUT1",1,"1","","",-1500,"<=",-298.845,"nA","<=",-10,"P",0.792685,***,"",
1,"Pin_to_Pin_Leakage","","PIN_TO_PIN_POS_LEAKAGE_PIN",20070,"",0,1,"EN0_PS1600",1,"1","","",-1500,"<=",31.0549,"nA","<=",700,"P",0.792685,***,"",
1,"Pin_to_Pin_Leakage","","PIN_TO_PIN_NEG_LEAKAGE_PIN",20170,"",0,1,"EN0_PS1600",1,"1","","",-1500,"<=",-343.111,"nA","<=",-300,"P",0.792685,***,"",
1,"Pin_to_Pin_Leakage","","PIN_TO_PIN_POS_LEAKAGE_PIN",20080,"",0,1,"FCB_PS1600",1,"1","","",-1500,"<=",9.9999e+13,"nA","<=",200,"F",0.792685,***,"",
1,"Pin_to_Pin_Leakage","","PIN_TO_PIN_NEG_LEAKAGE_PIN",20180,"",0,1,"FCB_PS1600",1,"1","","",-1500,"<=",-9.9999e+13,"nA","<=",200,"F",0.792685,***,"",
1,"Pin_to_Pin_Leakage","","PIN_TO_PIN_POS_LEAKAGE_PIN",20090,"",0,1,"ISEN_PS1600",1,"1","","",-1500,"<=",249.067,"nA","<=",250,"P",0.792685,***,"",
1,"Pin_to_Pin_Leakage","","PIN_TO_PIN_NEG_LEAKAGE_PIN",20190,"",0,1,"ISEN_PS1600",1,"1","","",-1500,"<=",-528.963,"nA","<=",200,"P",0.792685,***,"",
1,"Pin_to_Pin_Leakage","","PIN_TO_PIN_POS_LEAKAGE_PIN_VBIAS_PS1600",20100,"",0,1,"VBIAS_PS1600",1,"1","","",0.5,"<=",-0.007,"uA","<=",30,"F",0.792685,***,"",
1,"Pin_to_Pin_Leakage","","PIN_TO_PIN_NEG_LEAKAGE_PIN_VBIAS_PS1600",20200,"",0,1,"VBIAS_PS1600",1,"1","","",-30,"<=",-0.177,"uA","<=",-0.5,"F",0.792685,***,"",
1,"IVDDFL_IVINFL_RONFL","","RON_200mAVDD_5_VIN_5_20V_Part",90050,"",0,1,"VIN1",1,"1","","",0.01,"<=",5.32487,"ohm","<=",0.034,"F",0.394842,***,"",
1,"IVDDFL_IVINFL_RONFL","","DEVICE_VARIENT_TRUE",90060,"",0,1,"VIN1",1,"1","","",0.5,"<=",0,"","<=",1.5,"F",0.394842,***,"",
1,"RON_DIFF_LOAD_CURRENT","","RON_200mA_VDD5",650100,"",0,1,"VIN3",1,"1","","",0.01,"<=",8.74002,"ohm","<=",0.034,"F",0.271038,***,"",
1,"RON_DIFF_LOAD_CURRENT","","RON_500mA_VDD5",650110,"",0,1,"VIN3",1,"1","","",0.01,"<=",3.74743,"ohm","<=",0.034,"F",0.271038,***,"",
1,"RON_DIFF_LOAD_CURRENT","","RON_FL_VDD5",650120,"",0,1,"VIN3",1,"1","","",0.01,"<=",0.37798,"ohm","<=",0.034,"F",0.271038,***,"",
1,"Fuse_Burn_Check","","BANKA_BIT5_BLOWN_TRUE",1000001,"",0,1,"OFF_PS1600",1,"1","","",0,"<=",0,"","<=",1,"P",0.474801,***,"",
1,"Gross_Functional_EN_FCB_FAULTB_OFF","","EN_FCB_LOW_VOUT_LOW",30010,"",0,1,"VOUT4",1,"1","","",-0.3,"<=",-1.907e-06,"V","<=",1,"P",0.735158,***,"",
1,"Gross_Functional_EN_FCB_FAULTB_OFF","","EN_FCB_LOW_OFF_HIGH",30020,"",0,1,"OFF_PS1600",1,"1","","",1.6,"<=",0.303105,"V","<=",2.3,"F",0.735158,***,"",
1,"Gross_Functional_EN_FCB_FAULTB_OFF","","FCB_LOW_VOUT_LOW",30030,"",0,1,"VOUT4",1,"1","","",-0.2,"<=",-0.00012207,"V","<=",0.5,"P",0.735158,***,"",
1,"Gross_Functional_EN_FCB_FAULTB_OFF","","FCB_LOW_OFF_HIGH",30040,"",0,1,"OFF_PS1600",1,"1","","",1.6,"<=",0.31113,"V","<=",2.3,"F",0.735158,***,"",
1,"Gross_Functional_EN_FCB_FAULTB_OFF","","EN_LOW_VOUT_LOW",30050,"",0,1,"VOUT4",1,"1","","",-0.3,"<=",3.624e-05,"V","<=",0.5,"P",0.735158,***,"",
1,"Gross_Functional_EN_FCB_FAULTB_OFF","","EN_LOW_OFF_HIGH",30060,"",0,1,"OFF_PS1600",1,"1","","",1.6,"<=",1.0936,"V","<=",2.3,"F",0.735158,***,"",
1,"Gross_Functional_EN_FCB_FAULTB_OFF","","EN_FCB_HIGH_VOUT_HIGH",30070,"",0,1,"VOUT4",1,"1","","",4.85,"<=",4.77851,"V","<=",5.1,"F",0.735158,***,"",
1,"Gross_Functional_EN_FCB_FAULTB_OFF","","EN_FCB_HIGH_OFF_LOW",30080,"",0,1,"OFF_PS1600",1,"1","","",-0.001,"<=",1.12081,"V","<=",0.5,"F",0.735158,***,"",
1,"Gross_Functional_EN_FCB_FAULTB_OFF","","FAULT_SET_VOUT_LOW",30090,"",0,1,"VOUT4",1,"1","","",-0.001,"<=",7.4387e-05,"V","<=",0.5,"P",0.735158,***,"",
1,"Gross_Functional_EN_FCB_FAULTB_OFF","","FAULT_SET_OFF_HIGH",30100,"",0,1,"OFF_PS1600",1,"1","","",1.6,"<=",1.11972,"V","<=",2.3,"F",0.735158,***,"",
1,"Gross_Functional_EN_FCB_FAULTB_OFF","","FAULT_RESET_VOUT_HIGH",30110,"",0,1,"VOUT4",1,"1","","",4.85,"<=",4.78182,"V","<=",5.1,"F",0.735158,***,"",
1,"Gross_Functional_EN_FCB_FAULTB_OFF","","FAULT_RESET_OFF_LOW",30120,"",0,1,"OFF_PS1600",1,"1","","",0,"<=",1.11967,"V","<=",0.5,"F",0.735158,***,"",
1,"EN_pullup_resistor","","EN0V_PULLUP_RES",50010,"",0,1,"EN0_PS1600",1,"1","","",155,"<=",100596,"Kohm","<=",230,"F",0.327475,***,"",
1,"EN_pullup_resistor","","EN1V_PULLUP_RES",50020,"",0,1,"EN0_PS1600",1,"1","","",155,"<=",8.00008e-09,"Kohm","<=",230,"F",0.327475,***,"",
1,"EN_pullup_resistor","","EN0V_Current",50030,"",0,1,"EN0_PS1600",1,"1","","",-11,"<=",-0.0178934,"uA","<=",-7,"F",0.327475,***,"",
1,"EN_pullup_resistor","","EN1V_Current",50040,"",0,1,"EN0_PS1600",1,"1","","",-5.5,"<=",9.9999e+10,"uA","<=",-3,"F",0.327475,***,"",
1,"Output_enabled_Leakage_IVDDFL_IVINFL","","IVDD_VDD_5V_VIN_5V_LOAD_8A",860160,"",0,1,"VDD",1,"1","","",0,"<=",510.748,"uA","<=",300,"F",0.959799,***,"",
1,"Output_enabled_Leakage_IVDDFL_IVINFL","","IVIN_VDD_5V_VIN_5V_LOAD_8A",860170,"",0,1,"VIN3",1,"1","","",1,"<=",-9.99322,"mA","<=",2,"F",0.959799,***,"",
1,"Output_enabled_Leakage_IVDDFL_IVINFL","","LOAD_CURRENT_READBACK_VDD_5V_VIN_5V_LOAD_8A",860180,"",0,1,"VOUT6",1,"1","","",7.5,"<=",5.16157,"A","<=",8.1,"F",0.959799,***,"",
1,"Output_enabled_Leakage_IVDDFL_IVINFL","","IVDD_VDD_5V_VIN_12V_LOAD_8A",860340,"",0,1,"VDD",1,"1","","",0,"<=",510.6,"uA","<=",300,"F",0.959799,***,"",
1,"Output_enabled_Leakage_IVDDFL_IVINFL","","IVIN_VDD_5V_VIN_12V_LOAD_8A",860350,"",0,1,"VIN3",1,"1","","",1,"<=",9.98597,"mA","<=",2,"F",0.959799,***,"",
1,"Output_enabled_Leakage_IVDDFL_IVINFL","","LOAD_CURRENT_READBACK_VDD_5V_VIN_12V_LOAD_8A",860360,"",0,1,"VOUT6",1,"1","","",7.5,"<=",5.15537,"A","<=",8.1,"F",0.959799,***,"",
1,"Output_enabled_Leakage_IVDDFL_IVINFL","","IVDD_VDD_5V_VIN_20V_LOAD_8A",860520,"",0,1,"VDD",1,"1","","",0,"<=",510.444,"uA","<=",300,"F",0.959799,***,"",
1,"Output_enabled_Leakage_IVDDFL_IVINFL","","IVIN_VDD_5V_VIN_20V_LOAD_8A",860530,"",0,1,"VIN3",1,"1","","",1,"<=",10.0265,"mA","<=",2,"F",0.959799,***,"",
1,"Output_enabled_Leakage_IVDDFL_IVINFL","","LOAD_CURRENT_READBACK_VDD_5V_VIN_20V_LOAD_8A",860540,"",0,1,"VOUT6",1,"1","","",7.5,"<=",5.15399,"A","<=",8.1,"F",0.959799,***,"",
1,"Output_enabled_Leakage_IVDDFL_IVINFL","","IVDD_VDD_12V_VIN_5V_LOAD_8A",860700,"",0,1,"VDD",1,"1","","",0,"<=",510.547,"uA","<=",300,"F",0.959799,***,"",
1,"Output_enabled_Leakage_IVDDFL_IVINFL","","IVIN_VDD_12V_VIN_5V_LOAD_8A",860710,"",0,1,"VIN3",1,"1","","",1,"<=",-10.0228,"mA","<=",2,"F",0.959799,***,"",
1,"Output_enabled_Leakage_IVDDFL_IVINFL","","LOAD_CURRENT_READBACK_VDD_12V_VIN_5V_LOAD_8A",860720,"",0,1,"VOUT6",1,"1","","",7.5,"<=",5.15934,"A","<=",8.1,"F",0.959799,***,"",
1,"Output_enabled_Leakage_IVDDFL_IVINFL","","IVDD_VDD_12V_VIN_12V_LOAD_8A",860880,"",0,1,"VDD",1,"1","","",0,"<=",510.879,"uA","<=",300,"F",0.959799,***,"",
1,"Output_enabled_Leakage_IVDDFL_IVINFL","","IVIN_VDD_12V_VIN_12V_LOAD_8A",860890,"",0,1,"VIN3",1,"1","","",1,"<=",9.98333,"mA","<=",2,"F",0.959799,***,"",
1,"Output_enabled_Leakage_IVDDFL_IVINFL","","LOAD_CURRENT_READBACK_VDD_12V_VIN_12V_LOAD_8A",860900,"",0,1,"VOUT6",1,"1","","",7.5,"<=",5.15437,"A","<=",8.1,"F",0.959799,***,"",
1,"Output_enabled_Leakage_IVDDFL_IVINFL","","IVDD_VDD_12V_VIN_20V_LOAD_8A",861060,"",0,1,"VDD",1,"1","","",0,"<=",510.509,"uA","<=",300,"F",0.959799,***,"",
1,"Output_enabled_Leakage_IVDDFL_IVINFL","","IVIN_VDD_12V_VIN_20V_LOAD_8A",861070,"",0,1,"VIN3",1,"1","","",1,"<=",9.99653,"mA","<=",2,"F",0.959799,***,"",
1,"Output_enabled_Leakage_IVDDFL_IVINFL","","LOAD_CURRENT_READBACK_VDD_12V_VIN_20V_LOAD_8A",861080,"",0,1,"VOUT6",1,"1","","",7.5,"<=",5.15201,"A","<=",8.1,"F",0.959799,***,"",
1,"Output_enabled_Leakage_IVDDFL_IVINFL","","IVDD_VDD_20V_VIN_5V_LOAD_8A",861240,"",0,1,"VDD",1,"1","","",0,"<=",510.329,"uA","<=",300,"F",0.959799,***,"",
1,"Output_enabled_Leakage_IVDDFL_IVINFL","","IVIN_VDD_20V_VIN_5V_LOAD_8A",861250,"",0,1,"VIN3",1,"1","","",1,"<=",-9.99622,"mA","<=",2,"F",0.959799,***,"",
1,"Output_enabled_Leakage_IVDDFL_IVINFL","","LOAD_CURRENT_READBACK_VDD_20V_VIN_5V_LOAD_8A",861260,"",0,1,"VOUT6",1,"1","","",7.5,"<=",5.15744,"A","<=",8.1,"F",0.959799,***,"",
1,"Output_enabled_Leakage_IVDDFL_IVINFL","","IVDD_VDD_20V_VIN_12V_LOAD_8A",861420,"",0,1,"VDD",1,"1","","",0,"<=",510.42,"uA","<=",300,"F",0.959799,***,"",
1,"Output_enabled_Leakage_IVDDFL_IVINFL","","IVIN_VDD_20V_VIN_12V_LOAD_8A",861430,"",0,1,"VIN3",1,"1","","",1,"<=",10.0265,"mA","<=",2,"F",0.959799,***,"",
1,"Output_enabled_Leakage_IVDDFL_IVINFL","","LOAD_CURRENT_READBACK_VDD_20V_VIN_12V_LOAD_8A",861440,"",0,1,"VOUT6",1,"1","","",7.5,"<=",5.15484,"A","<=",8.1,"F",0.959799,***,"",
1,"Output_enabled_Leakage_IVDDFL_IVINFL","","IVDD_VDD_20V_VIN_20V_LOAD_8A",861600,"",0,1,"VDD",1,"1","","",0,"<=",512.072,"uA","<=",300,"F",0.959799,***,"",
1,"Output_enabled_Leakage_IVDDFL_IVINFL","","IVIN_VDD_20V_VIN_20V_LOAD_8A",861610,"",0,1,"VIN3",1,"1","","",1,"<=",9.99615,"mA","<=",2,"F",0.959799,***,"",
1,"Output_enabled_Leakage_IVDDFL_IVINFL","","LOAD_CURRENT_READBACK_VDD_20V_VIN_20V_LOAD_8A",861620,"",0,1,"VOUT6",1,"1","","",7.5,"<=",5.07331,"A","<=",8.1,"F",0.959799,***,"",
1,"Output_disabled_leakage","","IVDDDIS_VDD_3_VIN_3",40010,"",0,1,"VDD",1,"1","","",10,"<=",300.933,"uA","<=",200,"F",1.15024,***,"",
1,"Output_disabled_leakage","","IVINDIS_VDD_3_VIN_3",40050,"",0,1,"VIN1",1,"1","","",10,"<=",450.686,"uA","<=",300,"F",1.15024,***,"",
1,"Output_disabled_leakage","","IOFF_VDD_3_VIN_3",40090,"",0,1,"VOUT4",1,"1","","",-250,"<=",-200,"uA","<=",11,"P",1.15024,***,"",
1,"Output_disabled_leakage","","IVDDDIS_VDD_3_VIN_20",40020,"",0,1,"VDD",1,"1","","",10,"<=",251.748,"uA","<=",200,"F",1.15024,***,"",
1,"Output_disabled_leakage","","IVINDIS_VDD_3_VIN_20",40060,"",0,1,"VIN1",1,"1","","",10,"<=",500.18,"uA","<=",300,"F",1.15024,***,"",
1,"Output_disabled_leakage","","IOFF_VDD_3_VIN_20",40100,"",0,1,"VOUT4",1,"1","","",-250,"<=",-200.063,"uA","<=",11,"P",1.15024,***,"",
1,"Output_disabled_leakage","","IVINVDD0_VIN_3",40130,"",0,1,"VIN1",1,"1","","",10,"<=",500.09,"uA","<=",300,"F",1.15024,***,"",
1,"Output_disabled_leakage","","IOFFVDD0_VIN_3",40150,"",0,1,"VOUT4",1,"1","","",-250,"<=",-8.19156,"uA","<=",11,"P",1.15024,***,"",
1,"Output_disabled_leakage","","IVDDDIS_VDD_20_VIN_3",40030,"",0,1,"VDD",1,"1","","",10,"<=",49999.2,"uA","<=",200,"F",1.15024,***,"",
1,"Output_disabled_leakage","","IVINDIS_VDD_20_VIN_3",40070,"",0,1,"VIN1",1,"1","","",10,"<=",450.47,"uA","<=",300,"F",1.15024,***,"",
1,"Output_disabled_leakage","","IOFF_VDD_20_VIN_3",40110,"",0,1,"VOUT4",1,"1","","",-250,"<=",-200.095,"uA","<=",11,"P",1.15024,***,"",
1,"Output_disabled_leakage","","IVDDDIS_VDD_20_VIN_20",40040,"",0,1,"VDD",1,"1","","",10,"<=",49995.4,"uA","<=",200,"F",1.15024,***,"",
1,"Output_disabled_leakage","","IVINDIS_VDD_20_VIN_20",40080,"",0,1,"VIN1",1,"1","","",10,"<=",500.016,"uA","<=",300,"F",1.15024,***,"",
1,"Output_disabled_leakage","","IOFF_VDD_20_VIN_20",40120,"",0,1,"VOUT4",1,"1","","",-250,"<=",-200.057,"uA","<=",11,"P",1.15024,***,"",
1,"Output_disabled_leakage","","IVINVDD0_VIN_20",40140,"",0,1,"VIN1",1,"1","","",10,"<=",499.83,"uA","<=",300,"F",1.15024,***,"",
1,"Output_disabled_leakage","","IOFFVDD0_VIN_20",40160,"",0,1,"VOUT4",1,"1","","",-250,"<=",-6.07624,"uA","<=",11,"P",1.15024,***,"",
1,"Leakage_Test","","IOFF_REVERSE_VOUT_VIN_LEAKAGE_1mA",60030,"",0,1,"VIN",1,"1","","",-200,"<=",-377.415,"mV","<=",-60,"F",0.263336,***,"",
1,"Leakage_Test","","IOFF_REVERSE_VOUT_VIN_LEAKAGE_10mA",60040,"",0,1,"VIN",1,"1","","",-300,"<=",-605.16,"mV","<=",-140,"F",0.263336,***,"",
1,"Leakage_Test","","IOFF_REVERSE_VOUT_VIN_LEAKAGE_100uA",60050,"",0,1,"VIN",1,"1","","",-200,"<=",-245.937,"mV","<=",-5,"F",0.263336,***,"",
1,"Nominal_Input_pin_Leakages","","LEAKAGE",70010,"",0,1,"EN0_PS1600",1,"1","","",-20,"<=",3.975,"uA","<=",20,"P",2.33284,***,"",
1,"Nominal_Input_pin_Leakages","","LEAKAGE",70060,"",0,1,"FAULTB_PS1600",1,"1","","",-0.2,"<=",14.423,"uA","<=",0.2,"F",2.33284,***,"",
1,"Nominal_Input_pin_Leakages","","LEAKAGE",70020,"",0,1,"FCB_PS1600",1,"1","","",-0.5,"<=",14.426,"uA","<=",0.5,"F",2.33284,***,"",
1,"Nominal_Input_pin_Leakages","","LEAKAGE",70040,"",0,1,"ISEN_PS1600",1,"1","","",-20,"<=",3.506,"uA","<=",20,"P",2.33284,***,"",
1,"Nominal_Input_pin_Leakages","","LEAKAGE",70030,"",0,1,"ITRIP_PS1600",1,"1","","",-20,"<=",0.05,"uA","<=",20,"P",2.33284,***,"",
1,"Nominal_Input_pin_Leakages","","LEAKAGE",70080,"",0,1,"OFF_PS1600",1,"1","","",-0.2,"<=",2.907,"uA","<=",0.7,"F",2.33284,***,"",
1,"Nominal_Input_pin_Leakages","","LEAKAGE",70050,"",0,1,"SS_PS1600",1,"1","","",-20,"<=",3.721,"uA","<=",20,"P",2.33284,***,"",
1,"Nominal_Input_pin_Leakages","","LEAKAGE",70070,"",0,1,"VBIAS_PS1600",1,"1","","",-20,"<=",0.013,"uA","<=",20,"P",2.33284,***,"",
1,"Nominal_Input_pin_Leakages","","LEAKAGE_2V",70090,"",0,1,"OFF_PS1600",1,"1","","",-0.5,"<=",17.343,"uA","<=",0.5,"F",2.33284,***,"",
1,"Output_enabled_leakage","","IVDD_VDD_3V_VIN_3V",80001,"",0,1,"VDD",1,"1","","",10,"<=",499.956,"uA","<=",300,"F",0.81578,***,"",
1,"Output_enabled_leakage","","IVIN_VDD_3V_VIN_3V",80005,"",0,1,"VIN1",1,"1","","",10,"<=",499.845,"uA","<=",500,"P",0.81578,***,"",
1,"Output_enabled_leakage","","IVDD_VDD_3V_VIN_20V",80010,"",0,1,"VDD",1,"1","","",10,"<=",499.867,"uA","<=",300,"F",0.81578,***,"",
1,"Output_enabled_leakage","","IVIN_VDD_3V_VIN_20V",80014,"",0,1,"VIN1",1,"1","","",10,"<=",500.247,"uA","<=",500,"F",0.81578,***,"",
1,"Output_enabled_leakage","","IVDD_VDD_20V_VIN_3V",80011,"",0,1,"VDD",1,"1","","",10,"<=",499.874,"uA","<=",300,"F",0.81578,***,"",
1,"Output_enabled_leakage","","IVIN_VDD_20V_VIN_3V",80015,"",0,1,"VIN1",1,"1","","",10,"<=",499.949,"uA","<=",500,"P",0.81578,***,"",
1,"Output_enabled_leakage","","IVDD_VDD_20V_VIN_20V",80012,"",0,1,"VDD",1,"1","","",10,"<=",499.837,"uA","<=",300,"F",0.81578,***,"",
1,"Output_enabled_leakage","","IVIN_VDD_20V_VIN_20V",80016,"",0,1,"VIN1",1,"1","","",10,"<=",500.128,"uA","<=",500,"F",0.81578,***,"",
1,"Post_Output_disabled_leakage","","IVDDDIS_VDD_3_VIN_3",730010,"",0,1,"VDD",1,"1","","",10,"<=",303.626,"uA","<=",200,"F",0.978709,***,"",
1,"Post_Output_disabled_leakage","","IVINDIS_VDD_3_VIN_3",730050,"",0,1,"VIN1",1,"1","","",10,"<=",450.276,"uA","<=",300,"F",0.978709,***,"",
1,"Post_Output_disabled_leakage","","IOFF_VDD_3_VIN_3",730090,"",0,1,"VOUT4",1,"1","","",-200,"<=",-200.007,"uA","<=",11,"F",0.978709,***,"",
1,"Post_Output_disabled_leakage","","DELTA_IVDDDIS_VDD_3_VIN_3",730280,"",0,1,"VDD",1,"1","","",-25,"<=",2.69338,"uA","<=",25,"P",0.978709,***,"",
1,"Post_Output_disabled_leakage","","DELTA_IVINDIS_VDD_3_VIN_3",730320,"",0,1,"VIN1",1,"1","","",-25,"<=",-0.409782,"uA","<=",25,"P",0.978709,***,"",
1,"Post_Output_disabled_leakage","","DELTA_IOFF_VDD_3_VIN_3",730360,"",0,1,"VOUT4",1,"1","","",-25,"<=",-0.007451,"uA","<=",25,"P",0.978709,***,"",
1,"Post_Output_disabled_leakage","","IVDDDIS_VDD_3_VIN_20",730020,"",0,1,"VDD",1,"1","","",10,"<=",253.677,"uA","<=",200,"F",0.978709,***,"",
1,"Post_Output_disabled_leakage","","IVINDIS_VDD_3_VIN_20",730060,"",0,1,"VIN1",1,"1","","",10,"<=",500.09,"uA","<=",300,"F",0.978709,***,"",
1,"Post_Output_disabled_leakage","","IOFF_VDD_3_VIN_20",730100,"",0,1,"VOUT4",1,"1","","",-200,"<=",-200.089,"uA","<=",11,"F",0.978709,***,"",
1,"Post_Output_disabled_leakage","","DELTA_IVDDDIS_VDD_3_VIN_20",730290,"",0,1,"VDD",1,"1","","",-25,"<=",1.9297,"uA","<=",25,"P",0.978709,***,"",
1,"Post_Output_disabled_leakage","","DELTA_IVINDIS_VDD_3_VIN_20",730330,"",0,1,"VIN1",1,"1","","",-25,"<=",-0.089407,"uA","<=",25,"P",0.978709,***,"",
1,"Post_Output_disabled_leakage","","DELTA_IOFF_VDD_3_VIN_20",730370,"",0,1,"VOUT4",1,"1","","",-25,"<=",-0.026077,"uA","<=",25,"P",0.978709,***,"",
1,"Post_Output_disabled_leakage","","IVINVDD0_VIN_3",730130,"",0,1,"VIN1",1,"1","","",10,"<=",499.964,"uA","<=",300,"F",0.978709,***,"",
1,"Post_Output_disabled_leakage","","IOFFVDD0_VIN_3",730150,"",0,1,"VOUT4",1,"1","","",-200,"<=",-7.52986,"uA","<=",11,"P",0.978709,***,"",
1,"Post_Output_disabled_leakage","","DELTA_IVINVDD0_VIN_3",730400,"",0,1,"VIN1",1,"1","","",-25,"<=",-0.12666,"uA","<=",25,"P",0.978709,***,"",
1,"Post_Output_disabled_leakage","","DELTA_IOFFVDD0_VIN_3",730420,"",0,1,"VOUT4",1,"1","","",-25,"<=",0.661705,"uA","<=",25,"P",0.978709,***,"",
1,"Post_Output_disabled_leakage","","IVDDDIS_VDD_20_VIN_3",730030,"",0,1,"VDD",1,"1","","",10,"<=",49997.8,"uA","<=",200,"F",0.978709,***,"",
1,"Post_Output_disabled_leakage","","IVINDIS_VDD_20_VIN_3",730070,"",0,1,"VIN1",1,"1","","",10,"<=",450.272,"uA","<=",300,"F",0.978709,***,"",
1,"Post_Output_disabled_leakage","","IOFF_VDD_20_VIN_3",730110,"",0,1,"VOUT4",1,"1","","",-200,"<=",-200.38,"uA","<=",11,"F",0.978709,***,"",
1,"Post_Output_disabled_leakage","","DELTA_IVDDDIS_VDD_20_VIN_3",730300,"",0,1,"VDD",1,"1","","",-25,"<=",-1.43051,"uA","<=",25,"P",0.978709,***,"",
1,"Post_Output_disabled_leakage","","DELTA_IVINDIS_VDD_20_VIN_3",730340,"",0,1,"VIN1",1,"1","","",-25,"<=",-0.19744,"uA","<=",25,"P",0.978709,***,"",
1,"Post_Output_disabled_leakage","","DELTA_IOFF_VDD_20_VIN_3",730380,"",0,1,"VOUT4",1,"1","","",-25,"<=",-0.284985,"uA","<=",25,"P",0.978709,***,"",
1,"Post_Output_disabled_leakage","","IVDDDIS_VDD_20_VIN_20",730040,"",0,1,"VDD",1,"1","","",10,"<=",49996.9,"uA","<=",200,"F",0.978709,***,"",
1,"Post_Output_disabled_leakage","","IVINDIS_VDD_20_VIN_20",730080,"",0,1,"VIN1",1,"1","","",10,"<=",500.135,"uA","<=",300,"F",0.978709,***,"",
1,"Post_Output_disabled_leakage","","IOFF_VDD_20_VIN_20",730120,"",0,1,"VOUT4",1,"1","","",-200,"<=",-199.94,"uA","<=",11,"P",0.978709,***,"",
1,"Post_Output_disabled_leakage","","DELTA_IVDDDIS_VDD_20_VIN_20",730310,"",0,1,"VDD",1,"1","","",-25,"<=",1.43051,"uA","<=",25,"P",0.978709,***,"",
1,"Post_Output_disabled_leakage","","DELTA_IVINDIS_VDD_20_VIN_20",730350,"",0,1,"VIN1",1,"1","","",-25,"<=",0.11921,"uA","<=",25,"P",0.978709,***,"",
1,"Post_Output_disabled_leakage","","DELTA_IOFF_VDD_20_VIN_20",730390,"",0,1,"VOUT4",1,"1","","",-25,"<=",0.117346,"uA","<=",25,"P",0.978709,***,"",
1,"Post_Output_disabled_leakage","","IVINVDD0_VIN_20",730140,"",0,1,"VIN1",1,"1","","",10,"<=",500.068,"uA","<=",300,"F",0.978709,***,"",
1,"Post_Output_disabled_leakage","","IOFFVDD0_VIN_20",730160,"",0,1,"VOUT4",1,"1","","",-200,"<=",-7.77806,"uA","<=",11,"P",0.978709,***,"",
1,"Post_Output_disabled_leakage","","DELTA_IVINVDD0_VIN_20",730410,"",0,1,"VIN1",1,"1","","",-25,"<=",0.238419,"uA","<=",25,"P",0.978709,***,"",
1,"Post_Output_disabled_leakage","","DELTA_IOFFVDD0_VIN_20",730430,"",0,1,"VOUT4",1,"1","","",-25,"<=",-1.70182,"uA","<=",25,"P",0.978709,***,"",
1,"Post_Leakage_Test","","IOFF_REVERSE_VOUT_VIN_LEAKAGE_1mA",740030,"",0,1,"VIN",1,"1","","",-200,"<=",-376.98,"mV","<=",-60,"F",0.132682,***,"",
1,"Post_Leakage_Test","","IOFF_REVERSE_VOUT_VIN_LEAKAGE_10mA",740040,"",0,1,"VIN",1,"1","","",-300,"<=",-604.568,"mV","<=",-140,"F",0.132682,***,"",
1,"Post_Leakage_Test","","IOFF_REVERSE_VOUT_VIN_LEAKAGE_100uA",740050,"",0,1,"VIN",1,"1","","",-200,"<=",-245.693,"mV","<=",-5,"F",0.132682,***,"",
1,"Post_Leakage_Test","","DELTA_IOFF_REVERSE_VOUT_VIN_LEAKAGE_1mA",740060,"",0,1,"VIN",1,"1","","",-20,"<=",0.434875,"mV","<=",20,"P",0.132682,***,"",
1,"Post_Leakage_Test","","DELTA_IOFF_REVERSE_VOUT_VIN_LEAKAGE_10mA",740070,"",0,1,"VIN",1,"1","","",-20,"<=",0.591278,"mV","<=",20,"P",0.132682,***,"",
1,"Post_Leakage_Test","","DELTA_IOFF_REVERSE_VOUT_VIN_LEAKAGE_100uA",740080,"",0,1,"VIN",1,"1","","",-20,"<=",0.244141,"mV","<=",20,"P",0.132682,***,"",
1,"Post_Nominal_Input_pin_Leakages","","LEAKAGE",750010,"",0,1,"EN0_PS1600",1,"1","","",-20,"<=",3.975,"uA","<=",20,"P",2.29883,***,"",
1,"Post_Nominal_Input_pin_Leakages","","DELTA_LEAKAGE",750100,"",0,1,"EN0_PS1600",1,"1","","",-20,"<=",0,"uA","<=",20,"P",2.29883,***,"",
1,"Post_Nominal_Input_pin_Leakages","","LEAKAGE",750060,"",0,1,"FAULTB_PS1600",1,"1","","",-0.2,"<=",14.419,"uA","<=",0.2,"F",2.29883,***,"",
1,"Post_Nominal_Input_pin_Leakages","","DELTA_LEAKAGE",750150,"",0,1,"FAULTB_PS1600",1,"1","","",-20,"<=",-0.004,"uA","<=",20,"P",2.29883,***,"",
1,"Post_Nominal_Input_pin_Leakages","","LEAKAGE",750020,"",0,1,"FCB_PS1600",1,"1","","",-0.5,"<=",14.425,"uA","<=",0.5,"F",2.29883,***,"",
1,"Post_Nominal_Input_pin_Leakages","","DELTA_LEAKAGE",750110,"",0,1,"FCB_PS1600",1,"1","","",-20,"<=",-0.001,"uA","<=",20,"P",2.29883,***,"",
1,"Post_Nominal_Input_pin_Leakages","","LEAKAGE",750040,"",0,1,"ISEN_PS1600",1,"1","","",-20,"<=",3.468,"uA","<=",20,"P",2.29883,***,"",
1,"Post_Nominal_Input_pin_Leakages","","DELTA_LEAKAGE",750130,"",0,1,"ISEN_PS1600",1,"1","","",-20,"<=",-0.038,"uA","<=",20,"P",2.29883,***,"",
1,"Post_Nominal_Input_pin_Leakages","","LEAKAGE",750030,"",0,1,"ITRIP_PS1600",1,"1","","",-20,"<=",0.053,"uA","<=",20,"P",2.29883,***,"",
1,"Post_Nominal_Input_pin_Leakages","","DELTA_LEAKAGE",750120,"",0,1,"ITRIP_PS1600",1,"1","","",-20,"<=",0.003,"uA","<=",20,"P",2.29883,***,"",
1,"Post_Nominal_Input_pin_Leakages","","LEAKAGE",750080,"",0,1,"OFF_PS1600",1,"1","","",-0.2,"<=",2.907,"uA","<=",0.7,"F",2.29883,***,"",
1,"Post_Nominal_Input_pin_Leakages","","DELTA_LEAKAGE",750170,"",0,1,"OFF_PS1600",1,"1","","",-20,"<=",0,"uA","<=",20,"P",2.29883,***,"",
1,"Post_Nominal_Input_pin_Leakages","","LEAKAGE",750050,"",0,1,"SS_PS1600",1,"1","","",-20,"<=",3.734,"uA","<=",20,"P",2.29883,***,"",
1,"Post_Nominal_Input_pin_Leakages","","DELTA_LEAKAGE",750140,"",0,1,"SS_PS1600",1,"1","","",-20,"<=",0.013,"uA","<=",20,"P",2.29883,***,"",
1,"Post_Nominal_Input_pin_Leakages","","LEAKAGE",750070,"",0,1,"VBIAS_PS1600",1,"1","","",-20,"<=",0.01,"uA","<=",20,"P",2.29883,***,"",
1,"Post_Nominal_Input_pin_Leakages","","DELTA_LEAKAGE",750160,"",0,1,"VBIAS_PS1600",1,"1","","",-20,"<=",-0.003,"uA","<=",20,"P",2.29883,***,"",
1,"Post_Nominal_Input_pin_Leakages","","LEAKAGE_2V",750090,"",0,1,"OFF_PS1600",1,"1","","",-0.5,"<=",16.913,"uA","<=",0.5,"F",2.29883,***,"",
1,"Post_Nominal_Input_pin_Leakages","","DELTA_LEAKAGE_2V",750180,"",0,1,"OFF_PS1600",1,"1","","",-20,"<=",-0.43,"uA","<=",20,"P",2.29883,***,"",
1,"Post_Output_enabled_leakage","","IVDD_VDD_3V_VIN_3V",760010,"",0,1,"VDD",1,"1","","",10,"<=",500.143,"uA","<=",300,"F",0.395329,***,"",
1,"Post_Output_enabled_leakage","","IVIN_VDD_3V_VIN_3V",760050,"",0,1,"VIN1",1,"1","","",10,"<=",499.859,"uA","<=",350,"F",0.395329,***,"",
1,"Post_Output_enabled_leakage","","DELTA_IVDD_VDD_3V_VIN_3V",760210,"",0,1,"VDD",1,"1","","",-20,"<=",0.186265,"uA","<=",20,"P",0.395329,***,"",
1,"Post_Output_enabled_leakage","","DELTA_IVIN_VDD_3V_VIN_3V",760290,"",0,1,"VIN1",1,"1","","",-20,"<=",0.0149012,"uA","<=",20,"P",0.395329,***,"",
1,"Post_Output_enabled_leakage","","IVDD_VDD_3V_VIN_20V",760090,"",0,1,"VDD",1,"1","","",10,"<=",499.748,"uA","<=",300,"F",0.395329,***,"",
1,"Post_Output_enabled_leakage","","IVIN_VDD_3V_VIN_20V",760120,"",0,1,"VIN1",1,"1","","",10,"<=",500.128,"uA","<=",350,"F",0.395329,***,"",
1,"Post_Output_enabled_leakage","","DELTA_IVDD_VDD_3V_VIN_20V",760220,"",0,1,"VDD",1,"1","","",-20,"<=",-0.119209,"uA","<=",20,"P",0.395329,***,"",
1,"Post_Output_enabled_leakage","","DELTA_IVIN_VDD_3V_VIN_20V",760300,"",0,1,"VIN1",1,"1","","",-20,"<=",-0.119209,"uA","<=",20,"P",0.395329,***,"",
1,"Post_Output_enabled_leakage","","IVDD_VDD_20V_VIN_3V",760100,"",0,1,"VDD",1,"1","","",10,"<=",500.083,"uA","<=",300,"F",0.395329,***,"",
1,"Post_Output_enabled_leakage","","IVIN_VDD_20V_VIN_3V",760130,"",0,1,"VIN1",1,"1","","",10,"<=",500.12,"uA","<=",350,"F",0.395329,***,"",
1,"Post_Output_enabled_leakage","","DELTA_IVDD_VDD_20V_VIN_3V",760250,"",0,1,"VDD",1,"1","","",-20,"<=",0.208616,"uA","<=",20,"P",0.395329,***,"",
1,"Post_Output_enabled_leakage","","DELTA_IVIN_VDD_20V_VIN_3V",760330,"",0,1,"VIN1",1,"1","","",-20,"<=",0.171363,"uA","<=",20,"P",0.395329,***,"",
1,"Post_Output_enabled_leakage","","IVDD_VDD_20V_VIN_20V",760110,"",0,1,"VDD",1,"1","","",10,"<=",499.919,"uA","<=",300,"F",0.395329,***,"",
1,"Post_Output_enabled_leakage","","IVIN_VDD_20V_VIN_20V",760140,"",0,1,"VIN1",1,"1","","",10,"<=",499.941,"uA","<=",350,"F",0.395329,***,"",
1,"Post_Output_enabled_leakage","","DELTA_IVDD_VDD_20V_VIN_20V",760260,"",0,1,"VDD",1,"1","","",-20,"<=",0.0819564,"uA","<=",20,"P",0.395329,***,"",
1,"Post_Output_enabled_leakage","","DELTA_IVIN_VDD_20V_VIN_20V",760340,"",0,1,"VIN1",1,"1","","",-20,"<=",-0.186265,"uA","<=",20,"P",0.395329,***,"",
1,"SCAN","","Scan_test",330010,"_rdi_burst_SCAN_bk4_mp",0,1,"@",1,"1","","",***,"",***," ","",***,"F",0.262602,***,"",
1,"Logic","","Logic_test",340010,"_rdi_burst_Logic_bk6_mp",0,1,"@",1,"1","","",***,"",***," ","",***,"F",0.43432,***,"",
1,"Vreftrim","","VBIAS_VALUE_CODE0",180020,"",0,1,"VBIAS_PS1600",1,"1","","",1.5,"<=",0.851957,"V","<=",2.5,"F",9.25891,***,"",
1,"Vreftrim","","VBIAS_VALUE_CODE1",180030,"",0,1,"VBIAS_PS1600",1,"1","","",1.5,"<=",8.31431,"V","<=",2.5,"F",9.25891,***,"",
1,"Vreftrim","","VBIAS_VALUE_CODE2",180040,"",0,1,"VBIAS_PS1600",1,"1","","",1.5,"<=",8.31676,"V","<=",2.5,"F",9.25891,***,"",
1,"Vreftrim","","VBIAS_VALUE_CODE3",180050,"",0,1,"VBIAS_PS1600",1,"1","","",1.5,"<=",8.31892,"V","<=",2.5,"F",9.25891,***,"",
1,"Vreftrim","","VBIAS_VALUE_CODE4",180060,"",0,1,"VBIAS_PS1600",1,"1","","",1.5,"<=",8.32041,"V","<=",2.5,"F",9.25891,***,"",
1,"Vreftrim","","VBIAS_VALUE_CODE5",180070,"",0,1,"VBIAS_PS1600",1,"1","","",1.5,"<=",8.3212,"V","<=",2.5,"F",9.25891,***,"",
1,"Vreftrim","","VBIAS_VALUE_CODE6",180080,"",0,1,"VBIAS_PS1600",1,"1","","",1.5,"<=",8.32234,"V","<=",2.5,"F",9.25891,***,"",
1,"Vreftrim","","VBIAS_VALUE_CODE7",180090,"",0,1,"VBIAS_PS1600",1,"1","","",1.5,"<=",8.32285,"V","<=",2.5,"F",9.25891,***,"",
1,"Vreftrim","","VBIAS_VALUE_CODE8",180100,"",0,1,"VBIAS_PS1600",1,"1","","",1.5,"<=",8.32376,"V","<=",2.5,"F",9.25891,***,"",
1,"Vreftrim","","VBIAS_VALUE_CODE9",180110,"",0,1,"VBIAS_PS1600",1,"1","","",1.5,"<=",8.3241,"V","<=",2.5,"F",9.25891,***,"",
1,"Vreftrim","","VBIAS_VALUE_CODE10",180120,"",0,1,"VBIAS_PS1600",1,"1","","",1.5,"<=",8.32456,"V","<=",2.5,"F",9.25891,***,"",
1,"Vreftrim","","VBIAS_VALUE_CODE11",180130,"",0,1,"VBIAS_PS1600",1,"1","","",1.5,"<=",8.3249,"V","<=",2.5,"F",9.25891,***,"",
1,"Vreftrim","","VBIAS_VALUE_CODE12",180140,"",0,1,"VBIAS_PS1600",1,"1","","",1.5,"<=",8.32524,"V","<=",2.5,"F",9.25891,***,"",
1,"Vreftrim","","VBIAS_VALUE_CODE13",180150,"",0,1,"VBIAS_PS1600",1,"1","","",1.5,"<=",8.32558,"V","<=",2.5,"F",9.25891,***,"",
1,"Vreftrim","","VBIAS_VALUE_CODE14",180160,"",0,1,"VBIAS_PS1600",1,"1","","",1.5,"<=",8.32615,"V","<=",2.5,"F",9.25891,***,"",
1,"Vreftrim","","VBIAS_VALUE_CODE15",180170,"",0,1,"VBIAS_PS1600",1,"1","","",1.5,"<=",8.32667,"V","<=",2.5,"F",9.25891,***,"",
1,"Vreftrim","","VBIAS_VALUE_CODE16",180180,"",0,1,"VBIAS_PS1600",1,"1","","",1.5,"<=",8.32729,"V","<=",2.5,"F",9.25891,***,"",
1,"Vreftrim","","VBIAS_VALUE_CODE17",180190,"",0,1,"VBIAS_PS1600",1,"1","","",1.5,"<=",8.32786,"V","<=",2.5,"F",9.25891,***,"",
1,"Vreftrim","","VBIAS_VALUE_CODE18",180200,"",0,1,"VBIAS_PS1600",1,"1","","",1.5,"<=",8.32735,"V","<=",2.5,"F",9.25891,***,"",
1,"Vreftrim","","VBIAS_VALUE_CODE19",180210,"",0,1,"VBIAS_PS1600",1,"1","","",1.5,"<=",8.32706,"V","<=",2.5,"F",9.25891,***,"",
1,"Vreftrim","","VBIAS_VALUE_CODE20",180220,"",0,1,"VBIAS_PS1600",1,"1","","",1.5,"<=",8.32684,"V","<=",2.5,"F",9.25891,***,"",
1,"Vreftrim","","VBIAS_VALUE_CODE21",180230,"",0,1,"VBIAS_PS1600",1,"1","","",1.5,"<=",8.32667,"V","<=",2.5,"F",9.25891,***,"",
1,"Vreftrim","","VBIAS_VALUE_CODE22",180240,"",0,1,"VBIAS_PS1600",1,"1","","",1.5,"<=",8.32695,"V","<=",2.5,"F",9.25891,***,"",
1,"Vreftrim","","VBIAS_VALUE_CODE23",180250,"",0,1,"VBIAS_PS1600",1,"1","","",1.5,"<=",8.32724,"V","<=",2.5,"F",9.25891,***,"",
1,"Vreftrim","","VBIAS_VALUE_CODE24",180260,"",0,1,"VBIAS_PS1600",1,"1","","",1.5,"<=",8.32706,"V","<=",2.5,"F",9.25891,***,"",
1,"Vreftrim","","VBIAS_VALUE_CODE25",180270,"",0,1,"VBIAS_PS1600",1,"1","","",1.5,"<=",8.32735,"V","<=",2.5,"F",9.25891,***,"",
1,"Vreftrim","","VBIAS_VALUE_CODE26",180280,"",0,1,"VBIAS_PS1600",1,"1","","",1.5,"<=",8.32746,"V","<=",2.5,"F",9.25891,***,"",
1,"Vreftrim","","VBIAS_VALUE_CODE27",180290,"",0,1,"VBIAS_PS1600",1,"1","","",1.5,"<=",8.32746,"V","<=",2.5,"F",9.25891,***,"",
1,"Vreftrim","","VBIAS_VALUE_CODE28",180300,"",0,1,"VBIAS_PS1600",1,"1","","",1.5,"<=",8.32758,"V","<=",2.5,"F",9.25891,***,"",
1,"Vreftrim","","VBIAS_VALUE_CODE29",180310,"",0,1,"VBIAS_PS1600",1,"1","","",1.5,"<=",8.32752,"V","<=",2.5,"F",9.25891,***,"",
1,"Vreftrim","","VBIAS_VALUE_CODE30",180320,"",0,1,"VBIAS_PS1600",1,"1","","",1.5,"<=",8.32769,"V","<=",2.5,"F",9.25891,***,"",
1,"Vreftrim","","VBIAS_VALUE_CODE31",180330,"",0,1,"VBIAS_PS1600",1,"1","","",1.5,"<=",8.32775,"V","<=",2.5,"F",9.25891,***,"",
1,"Vreftrim","","VREF_TRIM_CODE",180010,"",0,1,"VBIAS_PS1600",1,"1","","",0,"<=",0,"Code","<=",31,"P",9.25891,***,"",
1,"Vreftrim","","VBIAS_BEST_FIT_VALUE",180340,"",0,1,"VBIAS_PS1600",1,"1","","",1.77,"<=",0.851957,"V","<=",1.83,"F",9.25891,***,"",
1,"SS_Current_Trim","","SS_CURRENT_CODE0",220040,"",0,1,"SS_PS1600",1,"1","","",-16,"<=",-146.842,"uA","<=",-6,"F",8.80241,***,"",
1,"SS_Current_Trim","","SS_CURRENT_CODE1",220050,"",0,1,"SS_PS1600",1,"1","","",-16,"<=",-146.83,"uA","<=",-6,"F",8.80241,***,"",
1,"SS_Current_Trim","","SS_CURRENT_CODE2",220060,"",0,1,"SS_PS1600",1,"1","","",-16,"<=",-146.842,"uA","<=",-6,"F",8.80241,***,"",
1,"SS_Current_Trim","","SS_CURRENT_CODE3",220070,"",0,1,"SS_PS1600",1,"1","","",-16,"<=",-146.837,"uA","<=",-6,"F",8.80241,***,"",
1,"SS_Current_Trim","","SS_CURRENT_CODE4",220080,"",0,1,"SS_PS1600",1,"1","","",-16,"<=",-146.84,"uA","<=",-6,"F",8.80241,***,"",
1,"SS_Current_Trim","","SS_CURRENT_CODE5",220090,"",0,1,"SS_PS1600",1,"1","","",-16,"<=",-146.842,"uA","<=",-6,"F",8.80241,***,"",
1,"SS_Current_Trim","","SS_CURRENT_CODE6",220100,"",0,1,"SS_PS1600",1,"1","","",-16,"<=",-146.84,"uA","<=",-6,"F",8.80241,***,"",
1,"SS_Current_Trim","","SS_CURRENT_CODE7",220110,"",0,1,"SS_PS1600",1,"1","","",-16,"<=",-146.855,"uA","<=",-6,"F",8.80241,***,"",
1,"SS_Current_Trim","","SS_CURRENT_CODE8",220120,"",0,1,"SS_PS1600",1,"1","","",-16,"<=",-146.842,"uA","<=",-6,"F",8.80241,***,"",
1,"SS_Current_Trim","","SS_CURRENT_CODE9",220130,"",0,1,"SS_PS1600",1,"1","","",-16,"<=",-146.837,"uA","<=",-6,"F",8.80241,***,"",
1,"SS_Current_Trim","","SS_CURRENT_CODE10",220140,"",0,1,"SS_PS1600",1,"1","","",-16,"<=",-146.835,"uA","<=",-6,"F",8.80241,***,"",
1,"SS_Current_Trim","","SS_CURRENT_CODE11",220150,"",0,1,"SS_PS1600",1,"1","","",-16,"<=",-146.832,"uA","<=",-6,"F",8.80241,***,"",
1,"SS_Current_Trim","","SS_CURRENT_CODE12",220160,"",0,1,"SS_PS1600",1,"1","","",-16,"<=",-146.832,"uA","<=",-6,"F",8.80241,***,"",
1,"SS_Current_Trim","","SS_CURRENT_CODE13",220170,"",0,1,"SS_PS1600",1,"1","","",-16,"<=",-146.837,"uA","<=",-6,"F",8.80241,***,"",
1,"SS_Current_Trim","","SS_CURRENT_CODE14",220180,"",0,1,"SS_PS1600",1,"1","","",-16,"<=",-146.835,"uA","<=",-6,"F",8.80241,***,"",
1,"SS_Current_Trim","","SS_CURRENT_CODE15",220190,"",0,1,"SS_PS1600",1,"1","","",-16,"<=",-146.83,"uA","<=",-6,"F",8.80241,***,"",
1,"SS_Current_Trim","","SS_CURRENT_CODE16",220200,"",0,1,"SS_PS1600",1,"1","","",-16,"<=",-146.84,"uA","<=",-6,"F",8.80241,***,"",
1,"SS_Current_Trim","","SS_CURRENT_CODE17",220210,"",0,1,"SS_PS1600",1,"1","","",-16,"<=",-146.84,"uA","<=",-6,"F",8.80241,***,"",
1,"SS_Current_Trim","","SS_CURRENT_CODE18",220220,"",0,1,"SS_PS1600",1,"1","","",-16,"<=",-146.85,"uA","<=",-6,"F",8.80241,***,"",
1,"SS_Current_Trim","","SS_CURRENT_CODE19",220230,"",0,1,"SS_PS1600",1,"1","","",-16,"<=",-146.837,"uA","<=",-6,"F",8.80241,***,"",
1,"SS_Current_Trim","","SS_CURRENT_CODE20",220240,"",0,1,"SS_PS1600",1,"1","","",-16,"<=",-146.837,"uA","<=",-6,"F",8.80241,***,"",
1,"SS_Current_Trim","","SS_CURRENT_CODE21",220250,"",0,1,"SS_PS1600",1,"1","","",-16,"<=",-146.832,"uA","<=",-6,"F",8.80241,***,"",
1,"SS_Current_Trim","","SS_CURRENT_CODE22",220260,"",0,1,"SS_PS1600",1,"1","","",-16,"<=",-146.84,"uA","<=",-6,"F",8.80241,***,"",
1,"SS_Current_Trim","","SS_CURRENT_CODE23",220270,"",0,1,"SS_PS1600",1,"1","","",-16,"<=",-146.832,"uA","<=",-6,"F",8.80241,***,"",
1,"SS_Current_Trim","","SS_CURRENT_CODE24",220280,"",0,1,"SS_PS1600",1,"1","","",-16,"<=",-146.84,"uA","<=",-6,"F",8.80241,***,"",
1,"SS_Current_Trim","","SS_CURRENT_CODE25",220290,"",0,1,"SS_PS1600",1,"1","","",-16,"<=",-146.84,"uA","<=",-6,"F",8.80241,***,"",
1,"SS_Current_Trim","","SS_CURRENT_CODE26",220300,"",0,1,"SS_PS1600",1,"1","","",-16,"<=",-146.845,"uA","<=",-6,"F",8.80241,***,"",
1,"SS_Current_Trim","","SS_CURRENT_CODE27",220310,"",0,1,"SS_PS1600",1,"1","","",-16,"<=",-146.842,"uA","<=",-6,"F",8.80241,***,"",
1,"SS_Current_Trim","","SS_CURRENT_CODE28",220320,"",0,1,"SS_PS1600",1,"1","","",-16,"<=",-146.847,"uA","<=",-6,"F",8.80241,***,"",
1,"SS_Current_Trim","","SS_CURRENT_CODE29",220330,"",0,1,"SS_PS1600",1,"1","","",-16,"<=",-146.858,"uA","<=",-6,"F",8.80241,***,"",
1,"SS_Current_Trim","","SS_CURRENT_CODE30",220340,"",0,1,"SS_PS1600",1,"1","","",-16,"<=",-146.842,"uA","<=",-6,"F",8.80241,***,"",
1,"SS_Current_Trim","","SS_CURRENT_CODE31",220350,"",0,1,"SS_PS1600",1,"1","","",-16,"<=",-146.842,"uA","<=",-6,"F",8.80241,***,"",
1,"SS_Current_Trim","","SS_CURRENT_TRIM_CODE",220030,"",0,1,"SS_PS1600",1,"1","","",0,"<=",0,"Code","<=",31,"P",8.80241,***,"",
1,"SS_Current_Trim","","SS_CURRENT_BEST_FIT_VALUE",220360,"",0,1,"SS_PS1600",1,"1","","",-10.4,"<=",-146.842,"uA","<=",-9.6,"F",8.80241,***,"",
1,"SS_Gain","","CURRENT_SS_0P1V_CODE0",230020,"",0,1,"SS_PS1600",1,"1","","",150,"<=",3089.9,"mA","<=",1800,"F",19.8995,***,"",
1,"SS_Gain","","CURRENT_SS_0P2V_CODE0",230180,"",0,1,"SS_PS1600",1,"1","","",300,"<=",3090.05,"mA","<=",3200,"P",19.8995,***,"",
1,"SS_Gain","","CURRENT_SS_0P1V_CODE1",230030,"",0,1,"SS_PS1600",1,"1","","",150,"<=",3090.7,"mA","<=",1800,"F",19.8995,***,"",
1,"SS_Gain","","CURRENT_SS_0P2V_CODE1",230190,"",0,1,"SS_PS1600",1,"1","","",300,"<=",3091.3,"mA","<=",3200,"P",19.8995,***,"",
1,"SS_Gain","","CURRENT_SS_0P1V_CODE2",230040,"",0,1,"SS_PS1600",1,"1","","",150,"<=",3091.3,"mA","<=",1800,"F",19.8995,***,"",
1,"SS_Gain","","CURRENT_SS_0P2V_CODE2",230200,"",0,1,"SS_PS1600",1,"1","","",300,"<=",3090.34,"mA","<=",3200,"P",19.8995,***,"",
1,"SS_Gain","","CURRENT_SS_0P1V_CODE3",230050,"",0,1,"SS_PS1600",1,"1","","",150,"<=",3090.49,"mA","<=",1800,"F",19.8995,***,"",
1,"SS_Gain","","CURRENT_SS_0P2V_CODE3",230210,"",0,1,"SS_PS1600",1,"1","","",300,"<=",3091.28,"mA","<=",3200,"P",19.8995,***,"",
1,"SS_Gain","","CURRENT_SS_0P1V_CODE4",230060,"",0,1,"SS_PS1600",1,"1","","",150,"<=",3090.74,"mA","<=",1800,"F",19.8995,***,"",
1,"SS_Gain","","CURRENT_SS_0P2V_CODE4",230220,"",0,1,"SS_PS1600",1,"1","","",300,"<=",3090.63,"mA","<=",3200,"P",19.8995,***,"",
1,"SS_Gain","","CURRENT_SS_0P1V_CODE5",230070,"",0,1,"SS_PS1600",1,"1","","",150,"<=",3090.77,"mA","<=",1800,"F",19.8995,***,"",
1,"SS_Gain","","CURRENT_SS_0P2V_CODE5",230230,"",0,1,"SS_PS1600",1,"1","","",300,"<=",3090.33,"mA","<=",3200,"P",19.8995,***,"",
1,"SS_Gain","","CURRENT_SS_0P1V_CODE6",230080,"",0,1,"SS_PS1600",1,"1","","",150,"<=",3090.72,"mA","<=",1800,"F",19.8995,***,"",
1,"SS_Gain","","CURRENT_SS_0P2V_CODE6",230240,"",0,1,"SS_PS1600",1,"1","","",300,"<=",3090.67,"mA","<=",3200,"P",19.8995,***,"",
1,"SS_Gain","","CURRENT_SS_0P1V_CODE7",230090,"",0,1,"SS_PS1600",1,"1","","",150,"<=",3090.6,"mA","<=",1800,"F",19.8995,***,"",
1,"SS_Gain","","CURRENT_SS_0P2V_CODE7",230250,"",0,1,"SS_PS1600",1,"1","","",300,"<=",3091.07,"mA","<=",3200,"P",19.8995,***,"",
1,"SS_Gain","","CURRENT_SS_0P1V_CODE8",230100,"",0,1,"SS_PS1600",1,"1","","",150,"<=",3090.75,"mA","<=",1800,"F",19.8995,***,"",
1,"SS_Gain","","CURRENT_SS_0P2V_CODE8",230260,"",0,1,"SS_PS1600",1,"1","","",300,"<=",3090.56,"mA","<=",3200,"P",19.8995,***,"",
1,"SS_Gain","","CURRENT_SS_0P1V_CODE9",230110,"",0,1,"SS_PS1600",1,"1","","",150,"<=",3090.84,"mA","<=",1800,"F",19.8995,***,"",
1,"SS_Gain","","CURRENT_SS_0P2V_CODE9",230270,"",0,1,"SS_PS1600",1,"1","","",300,"<=",3090.91,"mA","<=",3200,"P",19.8995,***,"",
1,"SS_Gain","","CURRENT_SS_0P1V_CODE10",230120,"",0,1,"SS_PS1600",1,"1","","",150,"<=",3090.75,"mA","<=",1800,"F",19.8995,***,"",
1,"SS_Gain","","CURRENT_SS_0P2V_CODE10",230280,"",0,1,"SS_PS1600",1,"1","","",300,"<=",3091.01,"mA","<=",3200,"P",19.8995,***,"",
1,"SS_Gain","","CURRENT_SS_0P1V_CODE11",230130,"",0,1,"SS_PS1600",1,"1","","",150,"<=",3090.84,"mA","<=",1800,"F",19.8995,***,"",
1,"SS_Gain","","CURRENT_SS_0P2V_CODE11",230290,"",0,1,"SS_PS1600",1,"1","","",300,"<=",3090.91,"mA","<=",3200,"P",19.8995,***,"",
1,"SS_Gain","","CURRENT_SS_0P1V_CODE12",230140,"",0,1,"SS_PS1600",1,"1","","",150,"<=",3091.2,"mA","<=",1800,"F",19.8995,***,"",
1,"SS_Gain","","CURRENT_SS_0P2V_CODE12",230300,"",0,1,"SS_PS1600",1,"1","","",300,"<=",3090.95,"mA","<=",3200,"P",19.8995,***,"",
1,"SS_Gain","","CURRENT_SS_0P1V_CODE13",230150,"",0,1,"SS_PS1600",1,"1","","",150,"<=",3091.07,"mA","<=",1800,"F",19.8995,***,"",
1,"SS_Gain","","CURRENT_SS_0P2V_CODE13",230310,"",0,1,"SS_PS1600",1,"1","","",300,"<=",3090.88,"mA","<=",3200,"P",19.8995,***,"",
1,"SS_Gain","","CURRENT_SS_0P1V_CODE14",230160,"",0,1,"SS_PS1600",1,"1","","",150,"<=",3090.64,"mA","<=",1800,"F",19.8995,***,"",
1,"SS_Gain","","CURRENT_SS_0P2V_CODE14",230320,"",0,1,"SS_PS1600",1,"1","","",300,"<=",3090.84,"mA","<=",3200,"P",19.8995,***,"",
1,"SS_Gain","","CURRENT_SS_0P1V_CODE15",230170,"",0,1,"SS_PS1600",1,"1","","",150,"<=",3090.4,"mA","<=",1800,"F",19.8995,***,"",
1,"SS_Gain","","CURRENT_SS_0P2V_CODE15",230330,"",0,1,"SS_PS1600",1,"1","","",300,"<=",3090.73,"mA","<=",4000,"P",19.8995,***,"",
1,"SS_Gain","","SS_GAIN_TRIM_CODE",230010,"",0,1,"SS_PS1600",1,"1","","",0,"<=",0,"Code","<=",15,"P",19.8995,***,"",
1,"SS_Gain","","BEST_CURR_SS_0p2V",230340,"",0,1,"SS_PS1600",1,"1","","",1700,"<=",3090.05,"mA","<=",2300,"F",19.8995,***,"",
1,"SS_Gain","","BEST_CURR_SS_0p1V",230350,"",0,1,"SS_PS1600",1,"1","","",700,"<=",3089.9,"mA","<=",1300,"F",19.8995,***,"",
1,"SS_Gain","","BEST_CURR_SS_delta",230360,"",0,1,"SS_PS1600",1,"1","","",900,"<=",0.142403,"mA","<=",1100,"F",19.8995,***,"",
1,"SSoffset_Trim","","SS_OFFSET_CURRENT_CODE0",240020,"",0,1,"SS_PS1600",1,"1","","",-700,"<=",-569.403,"mA","<=",-100,"P",8.66568,***,"",
1,"SSoffset_Trim","","SS_OFFSET_CURRENT_CODE1",240030,"",0,1,"SS_PS1600",1,"1","","",-700,"<=",-568.252,"mA","<=",-100,"P",8.66568,***,"",
1,"SSoffset_Trim","","SS_OFFSET_CURRENT_CODE2",240040,"",0,1,"SS_PS1600",1,"1","","",-700,"<=",-567.59,"mA","<=",-100,"P",8.66568,***,"",
1,"SSoffset_Trim","","SS_OFFSET_CURRENT_CODE3",240050,"",0,1,"SS_PS1600",1,"1","","",-700,"<=",-567.097,"mA","<=",-100,"P",8.66568,***,"",
1,"SSoffset_Trim","","SS_OFFSET_CURRENT_CODE4",240060,"",0,1,"SS_PS1600",1,"1","","",-700,"<=",-566.852,"mA","<=",-100,"P",8.66568,***,"",
1,"SSoffset_Trim","","SS_OFFSET_CURRENT_CODE5",240070,"",0,1,"SS_PS1600",1,"1","","",-700,"<=",-566.749,"mA","<=",-100,"P",8.66568,***,"",
1,"SSoffset_Trim","","SS_OFFSET_CURRENT_CODE6",240080,"",0,1,"SS_PS1600",1,"1","","",-700,"<=",-566.597,"mA","<=",-100,"P",8.66568,***,"",
1,"SSoffset_Trim","","SS_OFFSET_CURRENT_CODE7",240090,"",0,1,"SS_PS1600",1,"1","","",-700,"<=",-566.524,"mA","<=",-100,"P",8.66568,***,"",
1,"SSoffset_Trim","","SS_OFFSET_CURRENT_CODE8",240100,"",0,1,"SS_PS1600",1,"1","","",-700,"<=",-566.431,"mA","<=",-100,"P",8.66568,***,"",
1,"SSoffset_Trim","","SS_OFFSET_CURRENT_CODE9",240110,"",0,1,"SS_PS1600",1,"1","","",-700,"<=",-566.296,"mA","<=",-100,"P",8.66568,***,"",
1,"SSoffset_Trim","","SS_OFFSET_CURRENT_CODE10",240120,"",0,1,"SS_PS1600",1,"1","","",-700,"<=",-566.307,"mA","<=",-100,"P",8.66568,***,"",
1,"SSoffset_Trim","","SS_OFFSET_CURRENT_CODE11",240130,"",0,1,"SS_PS1600",1,"1","","",-700,"<=",-566.167,"mA","<=",-100,"P",8.66568,***,"",
1,"SSoffset_Trim","","SS_OFFSET_CURRENT_CODE12",240140,"",0,1,"SS_PS1600",1,"1","","",-700,"<=",-566.131,"mA","<=",-100,"P",8.66568,***,"",
1,"SSoffset_Trim","","SS_OFFSET_CURRENT_CODE13",240150,"",0,1,"SS_PS1600",1,"1","","",-700,"<=",-566.175,"mA","<=",-100,"P",8.66568,***,"",
1,"SSoffset_Trim","","SS_OFFSET_CURRENT_CODE14",240160,"",0,1,"SS_PS1600",1,"1","","",-700,"<=",-566.137,"mA","<=",-100,"P",8.66568,***,"",
1,"SSoffset_Trim","","SS_OFFSET_CURRENT_CODE15",240170,"",0,1,"SS_PS1600",1,"1","","",-700,"<=",-566.03,"mA","<=",-100,"P",8.66568,***,"",
1,"SSoffset_Trim","","SS_OFFSET_TRIM_CODE",240010,"",0,1,"SS_PS1600",1,"1","","",0,"<=",15,"Code","<=",15,"P",8.66568,***,"",
1,"SSoffset_Trim","","BEST_Curr_SS_0p04V",240180,"",0,1,"SS_PS1600",1,"1","","",-450,"<=",-566.03,"mA","<=",-350,"F",8.66568,***,"",
1,"VDD_UVLO_OTS_POR","","Low_Temp_Voltage_bank0",200130,"",0,1,"OFF_PS1600",1,"1","","",0,"<=",0.8043,"V","<=",0.2,"F",1.30205,***,"",
1,"VDD_UVLO_OTS_POR","","High_Temp_Voltage_bank0",200140,"",0,1,"OFF_PS1600",1,"1","","",1.6,"<=",0.805609,"V","<=",2.3,"F",1.30205,***,"",
1,"VDD_UVLO_OTS_POR","","Low_Temp_Voltage_bank0_reset",200150,"",0,1,"OFF_PS1600",1,"1","","",0,"<=",0.805609,"V","<=",0.2,"F",1.30205,***,"",
1,"VDD_UVLO_OTS_POR","","Low_Temp_Voltage_bank1",200160,"",0,1,"OFF_PS1600",1,"1","","",0,"<=",0.806349,"V","<=",0.2,"F",1.30205,***,"",
1,"VDD_UVLO_OTS_POR","","High_Temp_Voltage_bank1",200170,"",0,1,"OFF_PS1600",1,"1","","",1.6,"<=",0.806235,"V","<=",2.3,"F",1.30205,***,"",
1,"VDD_UVLO_OTS_POR","","Low_Temp_Voltage_bank1_reset",200180,"",0,1,"OFF_PS1600",1,"1","","",0,"<=",0.80652,"V","<=",0.5,"F",1.30205,***,"",
1,"UVLO_POR_redundancy","","I_ISEN_UVLO",410010,"",0,1,"VBIAS_PS1600",1,"1","","",8,"<=",-103.018,"uA","<=",13,"F",25.3221,***,"",
1,"UVLO_POR_redundancy","","I_IN_VDD3V",410020,"",0,1,"VBIAS_PS1600",1,"1","","",-10,"<=",-2912,"nA","<=",300,"F",25.3221,***,"",
1,"UVLO_POR_redundancy","","VDD_UVLO_Falling",410030,"",0,1,"VBIAS_PS1600",1,"1","","",2,"<=",0,"V","<=",2.75,"F",25.3221,***,"",
1,"UVLO_POR_redundancy","","I_IN_VDD_UVLO_Falling",410040,"",0,1,"VBIAS_PS1600",1,"1","","",8,"<=",-9.9999e+10,"uA","<=",13,"F",25.3221,***,"",
1,"UVLO_POR_redundancy","","VBIAS_POR_Falling",410050,"",0,1,"VBIAS_PS1600",1,"1","","",1.1,"<=",0.205,"V","<=",1.45,"F",25.3221,***,"",
1,"UVLO_POR_redundancy","","I_IN_VBIAS_POR_Falling",410060,"",0,1,"VBIAS_PS1600",1,"1","","",20,"<=",-99.7548,"uA","<=",33,"F",25.3221,***,"",
1,"UVLO_POR_redundancy","","VBIAS_PORsu_Falling",410070,"",0,1,"VBIAS_PS1600",1,"1","","",0.725,"<=",0.2,"V","<=",1.2,"F",25.3221,***,"",
1,"UVLO_POR_redundancy","","I_IN_VBIAS_PORsu_Falling",410080,"",0,1,"VBIAS_PS1600",1,"1","","",35,"<=",-99.4752,"uA","<=",50,"F",25.3221,***,"",
1,"UVLO_POR_redundancy","","VBIAS_PORsu_Rising",410090,"",0,1,"VBIAS_PS1600",1,"1","","",0.75,"<=",0.205,"V","<=",1.3,"F",25.3221,***,"",
1,"UVLO_POR_redundancy","","I_IN_VBIAS_PORsu_Rising",410100,"",0,1,"VBIAS_PS1600",1,"1","","",20,"<=",-99.8768,"uA","<=",32,"F",25.3221,***,"",
1,"UVLO_POR_redundancy","","PORsu_Hysteresis",410110,"",0,1,"VBIAS_PS1600",1,"1","","",0,"<=",0.005,"","<=",0.175,"P",25.3221,***,"",
1,"UVLO_POR_redundancy","","VBIAS_POR_Rising",410120,"",0,1,"VBIAS_PS1600",1,"1","","",1.2,"<=",0.21,"V","<=",1.6,"F",25.3221,***,"",
1,"UVLO_POR_redundancy","","I_IN_VBIAS_POR_Rising",410130,"",0,1,"VBIAS_PS1600",1,"1","","",8,"<=",-9.9999e+10,"uA","<=",13,"F",25.3221,***,"",
1,"UVLO_POR_redundancy","","POR_Hysteresis",410140,"",0,1,"VBIAS_PS1600",1,"1","","",0.03,"<=",0.005,"","<=",0.3,"F",25.3221,***,"",
1,"UVLO_POR_redundancy","","VDD_UVLO_Rising",410150,"",0,1,"VBIAS_PS1600",1,"1","","",2.2,"<=",2.005,"V","<=",2.85,"F",25.3221,***,"",
1,"UVLO_POR_redundancy","","I_IN_VDD_UVLO_Rising",410160,"",0,1,"VBIAS_PS1600",1,"1","","",-200,"<=",-9.9999e+13,"nA","<=",200,"F",25.3221,***,"",
1,"UVLO_POR_redundancy","","VDD_UVLO_Hysteresis",410170,"",0,1,"VBIAS_PS1600",1,"1","","",0.02,"<=",2.005,"","<=",0.3,"F",25.3221,***,"",
1,"ILIMI_GAIN_TRIM_25PIMAX","","ILIM_GAIN_25PIMAX_CODE0",1100020,"",0,1,"ITRIP_PS1600",1,"1","","",-46,"<=",-9.9999e+10,"uA","<=",-0.001,"F",17.9567,***,"",
1,"ILIMI_GAIN_TRIM_25PIMAX","","ILIM_GAIN_25PIMAX_CODE1",1100030,"",0,1,"ITRIP_PS1600",1,"1","","",-46,"<=",-9.9999e+10,"uA","<=",-0.001,"F",17.9567,***,"",
1,"ILIMI_GAIN_TRIM_25PIMAX","","ILIM_GAIN_25PIMAX_CODE2",1100040,"",0,1,"ITRIP_PS1600",1,"1","","",-46,"<=",-9.9999e+10,"uA","<=",-0.001,"F",17.9567,***,"",
1,"ILIMI_GAIN_TRIM_25PIMAX","","ILIM_GAIN_25PIMAX_CODE3",1100050,"",0,1,"ITRIP_PS1600",1,"1","","",-46,"<=",-9.9999e+10,"uA","<=",-0.001,"F",17.9567,***,"",
1,"ILIMI_GAIN_TRIM_25PIMAX","","ILIM_GAIN_25PIMAX_CODE4",1100060,"",0,1,"ITRIP_PS1600",1,"1","","",-46,"<=",-9.9999e+10,"uA","<=",-0.001,"F",17.9567,***,"",
1,"ILIMI_GAIN_TRIM_25PIMAX","","ILIM_GAIN_25PIMAX_CODE5",1100070,"",0,1,"ITRIP_PS1600",1,"1","","",-46,"<=",-9.9999e+10,"uA","<=",-0.001,"F",17.9567,***,"",
1,"ILIMI_GAIN_TRIM_25PIMAX","","ILIM_GAIN_25PIMAX_CODE6",1100080,"",0,1,"ITRIP_PS1600",1,"1","","",-46,"<=",-9.9999e+10,"uA","<=",-0.001,"F",17.9567,***,"",
1,"ILIMI_GAIN_TRIM_25PIMAX","","ILIM_GAIN_25PIMAX_CODE7",1100090,"",0,1,"ITRIP_PS1600",1,"1","","",-46,"<=",-9.9999e+10,"uA","<=",-0.001,"F",17.9567,***,"",
1,"ILIMI_GAIN_TRIM_25PIMAX","","ILIM_GAIN_25PIMAX_CODE8",1100100,"",0,1,"ITRIP_PS1600",1,"1","","",-46,"<=",-9.9999e+10,"uA","<=",-0.001,"F",17.9567,***,"",
1,"ILIMI_GAIN_TRIM_25PIMAX","","ILIM_GAIN_25PIMAX_CODE9",1100110,"",0,1,"ITRIP_PS1600",1,"1","","",-46,"<=",-9.9999e+10,"uA","<=",-0.001,"F",17.9567,***,"",
1,"ILIMI_GAIN_TRIM_25PIMAX","","ILIM_GAIN_25PIMAX_CODE10",1100120,"",0,1,"ITRIP_PS1600",1,"1","","",-46,"<=",-9.9999e+10,"uA","<=",-0.001,"F",17.9567,***,"",
1,"ILIMI_GAIN_TRIM_25PIMAX","","ILIM_GAIN_25PIMAX_CODE11",1100130,"",0,1,"ITRIP_PS1600",1,"1","","",-46,"<=",-9.9999e+10,"uA","<=",-0.001,"F",17.9567,***,"",
1,"ILIMI_GAIN_TRIM_25PIMAX","","ILIM_GAIN_25PIMAX_CODE12",1100140,"",0,1,"ITRIP_PS1600",1,"1","","",-46,"<=",-9.9999e+10,"uA","<=",-0.001,"F",17.9567,***,"",
1,"ILIMI_GAIN_TRIM_25PIMAX","","ILIM_GAIN_25PIMAX_CODE13",1100150,"",0,1,"ITRIP_PS1600",1,"1","","",-46,"<=",-9.9999e+10,"uA","<=",-0.001,"F",17.9567,***,"",
1,"ILIMI_GAIN_TRIM_25PIMAX","","ILIM_GAIN_25PIMAX_CODE14",1100160,"",0,1,"ITRIP_PS1600",1,"1","","",-46,"<=",-9.9999e+10,"uA","<=",-0.001,"F",17.9567,***,"",
1,"ILIMI_GAIN_TRIM_25PIMAX","","ILIM_GAIN_25PIMAX_CODE15",1100170,"",0,1,"ITRIP_PS1600",1,"1","","",-46,"<=",-9.9999e+10,"uA","<=",-0.001,"F",17.9567,***,"",
1,"ILIMI_GAIN_TRIM_25PIMAX","","ILIM_GAIN_25PIMAX_CODE16",1100180,"",0,1,"ITRIP_PS1600",1,"1","","",-46,"<=",-9.9999e+10,"uA","<=",-0.001,"F",17.9567,***,"",
1,"ILIMI_GAIN_TRIM_25PIMAX","","ILIM_GAIN_25PIMAX_CODE17",1100190,"",0,1,"ITRIP_PS1600",1,"1","","",-46,"<=",-9.9999e+10,"uA","<=",-0.001,"F",17.9567,***,"",
1,"ILIMI_GAIN_TRIM_25PIMAX","","ILIM_GAIN_25PIMAX_CODE18",1100200,"",0,1,"ITRIP_PS1600",1,"1","","",-46,"<=",-9.9999e+10,"uA","<=",-0.001,"F",17.9567,***,"",
1,"ILIMI_GAIN_TRIM_25PIMAX","","ILIM_GAIN_25PIMAX_CODE19",1100210,"",0,1,"ITRIP_PS1600",1,"1","","",-46,"<=",-9.9999e+10,"uA","<=",-0.001,"F",17.9567,***,"",
1,"ILIMI_GAIN_TRIM_25PIMAX","","ILIM_GAIN_25PIMAX_CODE20",1100220,"",0,1,"ITRIP_PS1600",1,"1","","",-46,"<=",-9.9999e+10,"uA","<=",-0.001,"F",17.9567,***,"",
1,"ILIMI_GAIN_TRIM_25PIMAX","","ILIM_GAIN_25PIMAX_CODE21",1100230,"",0,1,"ITRIP_PS1600",1,"1","","",-46,"<=",-9.9999e+10,"uA","<=",-0.001,"F",17.9567,***,"",
1,"ILIMI_GAIN_TRIM_25PIMAX","","ILIM_GAIN_25PIMAX_CODE22",1100240,"",0,1,"ITRIP_PS1600",1,"1","","",-46,"<=",-9.9999e+10,"uA","<=",-0.001,"F",17.9567,***,"",
1,"ILIMI_GAIN_TRIM_25PIMAX","","ILIM_GAIN_25PIMAX_CODE23",1100250,"",0,1,"ITRIP_PS1600",1,"1","","",-46,"<=",-9.9999e+10,"uA","<=",-0.001,"F",17.9567,***,"",
1,"ILIMI_GAIN_TRIM_25PIMAX","","ILIM_GAIN_25PIMAX_CODE24",1100260,"",0,1,"ITRIP_PS1600",1,"1","","",-46,"<=",-9.9999e+10,"uA","<=",-0.001,"F",17.9567,***,"",
1,"ILIMI_GAIN_TRIM_25PIMAX","","ILIM_GAIN_25PIMAX_CODE25",1100270,"",0,1,"ITRIP_PS1600",1,"1","","",-46,"<=",-9.9999e+10,"uA","<=",-0.001,"F",17.9567,***,"",
1,"ILIMI_GAIN_TRIM_25PIMAX","","ILIM_GAIN_25PIMAX_CODE26",1100280,"",0,1,"ITRIP_PS1600",1,"1","","",-46,"<=",-9.9999e+10,"uA","<=",-0.001,"F",17.9567,***,"",
1,"ILIMI_GAIN_TRIM_25PIMAX","","ILIM_GAIN_25PIMAX_CODE27",1100290,"",0,1,"ITRIP_PS1600",1,"1","","",-46,"<=",-9.9999e+10,"uA","<=",-0.001,"F",17.9567,***,"",
1,"ILIMI_GAIN_TRIM_25PIMAX","","ILIM_GAIN_25PIMAX_CODE28",1100300,"",0,1,"ITRIP_PS1600",1,"1","","",-46,"<=",-9.9999e+10,"uA","<=",-0.001,"F",17.9567,***,"",
1,"ILIMI_GAIN_TRIM_25PIMAX","","ILIM_GAIN_25PIMAX_CODE29",1100310,"",0,1,"ITRIP_PS1600",1,"1","","",-46,"<=",-9.9999e+10,"uA","<=",-0.001,"F",17.9567,***,"",
1,"ILIMI_GAIN_TRIM_25PIMAX","","ILIM_GAIN_25PIMAX_CODE30",1100320,"",0,1,"ITRIP_PS1600",1,"1","","",-46,"<=",-9.9999e+10,"uA","<=",-0.001,"F",17.9567,***,"",
1,"ILIMI_GAIN_TRIM_25PIMAX","","ILIM_GAIN_25PIMAX_CODE31",1100330,"",0,1,"ITRIP_PS1600",1,"1","","",-46,"<=",-9.9999e+10,"uA","<=",-0.001,"F",17.9567,***,"",
1,"ILIMI_GAIN_TRIM_25PIMAX","","ILIM_GAIN_TRIM",1100010,"",0,1,"ITRIP_PS1600",1,"1","","",0,"<=",0,"Code","<=",31,"P",17.9567,***,"",
1,"ILIMI_GAIN_TRIM_25PIMAX","","BEST_MEAS_25pIMAX",1100660,"",0,1,"ITRIP_PS1600",1,"1","","",-30,"<=",0,"uA","<=",-18,"F",17.9567,***,"",
1,"ILIMI_GAIN_TRIM_25PIMAX","","BEST_GAIN_20V_Part",1100680,"",0,1,"ITRIP_PS1600",1,"1","","",75000,"<=",0,"GAIN","<=",85000,"F",17.9567,***,"",
1,"ISENSE_BlockOffset_Trim_New","","ISNS_MEAS_10mAIOUT_CODE0",310020,"",0,1,"ISEN_PS1600",1,"1","","",-17,"<=",-14.584,"uA","<=",1,"P",15.0311,***,"",
1,"ISENSE_BlockOffset_Trim_New","","ISNS_MEAS_10mAIOUT_CODE1",310030,"",0,1,"ISEN_PS1600",1,"1","","",-17,"<=",-14.583,"uA","<=",1,"P",15.0311,***,"",
1,"ISENSE_BlockOffset_Trim_New","","ISNS_MEAS_10mAIOUT_CODE2",310040,"",0,1,"ISEN_PS1600",1,"1","","",-17,"<=",-14.584,"uA","<=",1,"P",15.0311,***,"",
1,"ISENSE_BlockOffset_Trim_New","","ISNS_MEAS_10mAIOUT_CODE3",310050,"",0,1,"ISEN_PS1600",1,"1","","",-17,"<=",-14.583,"uA","<=",1,"P",15.0311,***,"",
1,"ISENSE_BlockOffset_Trim_New","","ISNS_MEAS_10mAIOUT_CODE4",310060,"",0,1,"ISEN_PS1600",1,"1","","",-17,"<=",-14.583,"uA","<=",1,"P",15.0311,***,"",
1,"ISENSE_BlockOffset_Trim_New","","ISNS_MEAS_10mAIOUT_CODE5",310070,"",0,1,"ISEN_PS1600",1,"1","","",-17,"<=",-14.583,"uA","<=",1,"P",15.0311,***,"",
1,"ISENSE_BlockOffset_Trim_New","","ISNS_MEAS_10mAIOUT_CODE6",310080,"",0,1,"ISEN_PS1600",1,"1","","",-17,"<=",-14.583,"uA","<=",1,"P",15.0311,***,"",
1,"ISENSE_BlockOffset_Trim_New","","ISNS_MEAS_10mAIOUT_CODE7",310090,"",0,1,"ISEN_PS1600",1,"1","","",-17,"<=",-14.584,"uA","<=",1,"P",15.0311,***,"",
1,"ISENSE_BlockOffset_Trim_New","","ISNS_MEAS_10mAIOUT_CODE8",310100,"",0,1,"ISEN_PS1600",1,"1","","",-17,"<=",-14.583,"uA","<=",1,"P",15.0311,***,"",
1,"ISENSE_BlockOffset_Trim_New","","ISNS_MEAS_10mAIOUT_CODE9",310110,"",0,1,"ISEN_PS1600",1,"1","","",-17,"<=",-14.584,"uA","<=",1,"P",15.0311,***,"",
1,"ISENSE_BlockOffset_Trim_New","","ISNS_MEAS_10mAIOUT_CODE10",310120,"",0,1,"ISEN_PS1600",1,"1","","",-17,"<=",-14.583,"uA","<=",1,"P",15.0311,***,"",
1,"ISENSE_BlockOffset_Trim_New","","ISNS_MEAS_10mAIOUT_CODE11",310130,"",0,1,"ISEN_PS1600",1,"1","","",-17,"<=",-14.584,"uA","<=",1,"P",15.0311,***,"",
1,"ISENSE_BlockOffset_Trim_New","","ISNS_MEAS_10mAIOUT_CODE12",310140,"",0,1,"ISEN_PS1600",1,"1","","",-17,"<=",-14.583,"uA","<=",1,"P",15.0311,***,"",
1,"ISENSE_BlockOffset_Trim_New","","ISNS_MEAS_10mAIOUT_CODE13",310150,"",0,1,"ISEN_PS1600",1,"1","","",-17,"<=",-14.584,"uA","<=",1,"P",15.0311,***,"",
1,"ISENSE_BlockOffset_Trim_New","","ISNS_MEAS_10mAIOUT_CODE14",310160,"",0,1,"ISEN_PS1600",1,"1","","",-17,"<=",-14.584,"uA","<=",1,"P",15.0311,***,"",
1,"ISENSE_BlockOffset_Trim_New","","ISNS_MEAS_10mAIOUT_CODE15",310170,"",0,1,"ISEN_PS1600",1,"1","","",-17,"<=",-14.649,"uA","<=",1,"P",15.0311,***,"",
1,"ISENSE_BlockOffset_Trim_New","","ISNS_BLOCK_OFFSET_TRIM",310010,"",0,1,"ISEN_PS1600",1,"1","","",0,"<=",-1,"Code","<=",15,"F",15.0311,***,"",
1,"ISENSE_BlockOffset_Trim_New","","BEST_MEAS_10mAIOUT",310350,"",0,1,"ISEN_PS1600",1,"1","","",-1.7,"<=",0,"uA","<=",1.3,"P",15.0311,***,"",
1,"SNS_gain_Trim_25PIMAX","","SNS_GAIN_25PIMAX_CODE0",1200020,"",0,1,"ISEN_PS1600",1,"1","","",-350,"<=",-9.9999e+10,"uA","<=",-90,"F",11.4657,***,"",
1,"SNS_gain_Trim_25PIMAX","","SNS_GAIN_25PIMAX_CODE1",1200030,"",0,1,"ISEN_PS1600",1,"1","","",-350,"<=",-9.9999e+10,"uA","<=",-90,"F",11.4657,***,"",
1,"SNS_gain_Trim_25PIMAX","","SNS_GAIN_25PIMAX_CODE2",1200040,"",0,1,"ISEN_PS1600",1,"1","","",-350,"<=",-9.9999e+10,"uA","<=",-90,"F",11.4657,***,"",
1,"SNS_gain_Trim_25PIMAX","","SNS_GAIN_25PIMAX_CODE3",1200050,"",0,1,"ISEN_PS1600",1,"1","","",-350,"<=",-9.9999e+10,"uA","<=",-90,"F",11.4657,***,"",
1,"SNS_gain_Trim_25PIMAX","","SNS_GAIN_25PIMAX_CODE4",1200060,"",0,1,"ISEN_PS1600",1,"1","","",-350,"<=",-9.9999e+10,"uA","<=",-90,"F",11.4657,***,"",
1,"SNS_gain_Trim_25PIMAX","","SNS_GAIN_25PIMAX_CODE5",1200070,"",0,1,"ISEN_PS1600",1,"1","","",-350,"<=",-9.9999e+10,"uA","<=",-90,"F",11.4657,***,"",
1,"SNS_gain_Trim_25PIMAX","","SNS_GAIN_25PIMAX_CODE6",1200080,"",0,1,"ISEN_PS1600",1,"1","","",-350,"<=",-9.9999e+10,"uA","<=",-90,"F",11.4657,***,"",
1,"SNS_gain_Trim_25PIMAX","","SNS_GAIN_25PIMAX_CODE7",1200090,"",0,1,"ISEN_PS1600",1,"1","","",-350,"<=",-9.9999e+10,"uA","<=",-90,"F",11.4657,***,"",
1,"SNS_gain_Trim_25PIMAX","","SNS_GAIN_25PIMAX_CODE8",1200100,"",0,1,"ISEN_PS1600",1,"1","","",-350,"<=",-9.9999e+10,"uA","<=",-90,"F",11.4657,***,"",
1,"SNS_gain_Trim_25PIMAX","","SNS_GAIN_25PIMAX_CODE9",1200110,"",0,1,"ISEN_PS1600",1,"1","","",-350,"<=",-9.9999e+10,"uA","<=",-90,"F",11.4657,***,"",
1,"SNS_gain_Trim_25PIMAX","","SNS_GAIN_25PIMAX_CODE10",1200120,"",0,1,"ISEN_PS1600",1,"1","","",-350,"<=",-9.9999e+10,"uA","<=",-90,"F",11.4657,***,"",
1,"SNS_gain_Trim_25PIMAX","","SNS_GAIN_25PIMAX_CODE11",1200130,"",0,1,"ISEN_PS1600",1,"1","","",-350,"<=",-9.9999e+10,"uA","<=",-90,"F",11.4657,***,"",
1,"SNS_gain_Trim_25PIMAX","","SNS_GAIN_25PIMAX_CODE12",1200140,"",0,1,"ISEN_PS1600",1,"1","","",-350,"<=",-9.9999e+10,"uA","<=",-90,"F",11.4657,***,"",
1,"SNS_gain_Trim_25PIMAX","","SNS_GAIN_25PIMAX_CODE13",1200150,"",0,1,"ISEN_PS1600",1,"1","","",-350,"<=",-9.9999e+10,"uA","<=",-90,"F",11.4657,***,"",
1,"SNS_gain_Trim_25PIMAX","","SNS_GAIN_25PIMAX_CODE14",1200160,"",0,1,"ISEN_PS1600",1,"1","","",-350,"<=",-9.9999e+10,"uA","<=",-90,"F",11.4657,***,"",
1,"SNS_gain_Trim_25PIMAX","","SNS_GAIN_25PIMAX_CODE15",1200170,"",0,1,"ISEN_PS1600",1,"1","","",-350,"<=",-9.9999e+10,"uA","<=",-90,"F",11.4657,***,"",
1,"SNS_gain_Trim_25PIMAX","","SNS_GAIN_TRIM",1200010,"",0,1,"ISEN_PS1600",1,"1","","",0,"<=",0,"Code","<=",31,"P",11.4657,***,"",
1,"SNS_gain_Trim_25PIMAX","","BEST_MEAS_25pIMAX",1200340,"",0,1,"ISEN_PS1600",1,"1","","",-260,"<=",0,"uA","<=",-240,"F",11.4657,***,"",
1,"SNS_gain_Trim_25PIMAX","","ISNS_GAIN_20V_Part",1200360,"",0,1,"ITRIP_PS1600",1,"1","","",7500,"<=",0,"GAIN","<=",8500,"F",11.4657,***,"",
1,"OC_Delay_Trim","","slice0_Period",630010,"",0,1,"OFF_PS1600",1,"1","","",400,"<=",-1,"nS","<=",600,"F",1.68285,***,"",
1,"OC_Delay_Trim","","slice1_Period",630020,"",0,1,"OFF_PS1600",1,"1","","",400,"<=",-1,"nS","<=",600,"F",1.68285,***,"",
1,"OC_Delay_Trim","","slice2_Period",630030,"",0,1,"OFF_PS1600",1,"1","","",400,"<=",-1,"nS","<=",600,"F",1.68285,***,"",
1,"OC_Delay_Trim","","median",630040,"",0,1,"OFF_PS1600",1,"1","","",400,"<=",-1,"nS","<=",600,"F",1.68285,***,"",
1,"OC_Delay_Trim","","Count_Number",630050,"",0,1,"OFF_PS1600",1,"1","","",0,"<=",-11992.2,"nS","<=",40,"F",1.68285,***,"",
1,"OC_Delay_Trim","","TRIM_CODE",630060,"",0,1,"OFF_PS1600",1,"1","","",0,"<=",-12008,"Code","<=",15,"F",1.68285,***,"",
1,"PostVref_Iref_ib1u","","POST_IBIAS_1U",640010,"",0,1,"OFF_PS1600",1,"1","","",-2,"<=",-9.9999e+10,"uA","<=",2,"F",1.47249,***,"",
1,"PostVref_Iref_ib1u","","POST_IBIAS_1U_PP",640020,"",0,1,"OFF_PS1600",1,"1","","",-2,"<=",-9.9999e+10,"uA","<=",2,"F",1.47249,***,"",
1,"SS_Done_level","","SS_level_DRVTM_10_Initial_OFFPIN",770010,"",0,1,"OFF_PS1600",1,"1","","",1,"<=",0.708626,"V","<=",2,"F",4.13115,***,"",
1,"SS_Done_level","","SS_level_threshold_DRVTM_10",770020,"",0,1,"SS_PS1600",1,"1","","",0.9,"<=",-1,"V","<=",1.2,"F",4.13115,***,"",
1,"SS_Done_level","","Post_threshold_DRVTM_10_switchon_OFFPIN_Voltage",770030,"",0,1,"OFF_PS1600",1,"1","","",1,"<=",0.711585,"V","<=",2,"F",4.13115,***,"",
1,"SS_Done_level","","Post_threshold_DRVTM_10_switchoff_OFFPIN_Voltage",770040,"",0,1,"OFF_PS1600",1,"1","","",1,"<=",0.544482,"V","<=",2,"F",4.13115,***,"",
1,"SS_Done_level","","SS_level_DRVTM_12_Initial_OFFPIN",770050,"",0,1,"OFF_PS1600",1,"1","","",1,"<=",0.708626,"V","<=",2,"F",4.13115,***,"",
1,"SS_Done_level","","SS_level_threshold_DRVTM_12",770060,"",0,1,"SS_PS1600",1,"1","","",0.9,"<=",0,"V","<=",1.2,"F",4.13115,***,"",
1,"SS_Done_level","","Post_threshold_DRVTM_12_switchon_OFFPIN_Voltage",770070,"",0,1,"OFF_PS1600",1,"1","","",1,"<=",0.711585,"V","<=",2,"F",4.13115,***,"",
1,"SS_Done_level","","Post_threshold_DRVTM_12_switchoff_OFFPIN_Voltage",770080,"",0,1,"OFF_PS1600",1,"1","","",1,"<=",0.544937,"V","<=",2,"F",4.13115,***,"",
1,"EFUSE_REFERENCE_CURRENT_VOLTAGE","","Efuse_Ref_Voltage",620010,"",0,1,"ISEN_PS1600",1,"1","","",1.5,"<=",0.878176,"V","<=",2,"F",0.358634,***,"",
1,"EFUSE_REFERENCE_CURRENT_VOLTAGE","","Efuse_Ref_Current",620020,"",0,1,"ISEN_PS1600",1,"1","","",140,"<=",3.887,"uA","<=",350,"F",0.358634,***,"",
1,"EFUSE_REFERENCE_CURRENT_VOLTAGE","","Efuse_Resistance",620030,"",0,1,"ISEN_PS1600",1,"1","","",100,"<=",291733,"ohm","<=",1000,"F",0.358634,***,"",
1,"EFUSE_RESISTANCE_MEASUREMENT","","BANKA_EFUSE_RESISTANCE_BIT47",480010,"",0,1,"ISEN_PS1600",1,"1","","",65,"<=",33695.9,"ohms","<=",200,"F",75.7072,***,"",
1,"EFUSE_RESISTANCE_MEASUREMENT","","BANKA_EFUSE_RESISTANCE_BIT46",480020,"",0,1,"ISEN_PS1600",1,"1","","",65,"<=",33420.9,"ohms","<=",200,"F",75.7072,***,"",
1,"EFUSE_RESISTANCE_MEASUREMENT","","BANKA_EFUSE_RESISTANCE_BIT45",480030,"",0,1,"ISEN_PS1600",1,"1","","",65,"<=",33351.9,"ohms","<=",200,"F",75.7072,***,"",
1,"EFUSE_RESISTANCE_MEASUREMENT","","BANKA_EFUSE_RESISTANCE_BIT44",480040,"",0,1,"ISEN_PS1600",1,"1","","",65,"<=",33353.2,"ohms","<=",200,"F",75.7072,***,"",
1,"EFUSE_RESISTANCE_MEASUREMENT","","BANKA_EFUSE_RESISTANCE_BIT43",480050,"",0,1,"ISEN_PS1600",1,"1","","",65,"<=",33356.4,"ohms","<=",200,"F",75.7072,***,"",
1,"EFUSE_RESISTANCE_MEASUREMENT","","BANKA_EFUSE_RESISTANCE_BIT42",480060,"",0,1,"ISEN_PS1600",1,"1","","",65,"<=",33327.3,"ohms","<=",200,"F",75.7072,***,"",
1,"EFUSE_RESISTANCE_MEASUREMENT","","BANKA_EFUSE_RESISTANCE_BIT41",480070,"",0,1,"ISEN_PS1600",1,"1","","",65,"<=",33343.7,"ohms","<=",200,"F",75.7072,***,"",
1,"EFUSE_RESISTANCE_MEASUREMENT","","BANKA_EFUSE_RESISTANCE_BIT40",480080,"",0,1,"ISEN_PS1600",1,"1","","",65,"<=",33331.1,"ohms","<=",200,"F",75.7072,***,"",
1,"EFUSE_RESISTANCE_MEASUREMENT","","BANKA_EFUSE_RESISTANCE_BIT39",480090,"",0,1,"ISEN_PS1600",1,"1","","",65,"<=",33339.3,"ohms","<=",200,"F",75.7072,***,"",
1,"EFUSE_RESISTANCE_MEASUREMENT","","BANKA_EFUSE_RESISTANCE_BIT38",480100,"",0,1,"ISEN_PS1600",1,"1","","",65,"<=",33342.5,"ohms","<=",200,"F",75.7072,***,"",
1,"EFUSE_RESISTANCE_MEASUREMENT","","BANKA_EFUSE_RESISTANCE_BIT37",480110,"",0,1,"ISEN_PS1600",1,"1","","",65,"<=",33333.6,"ohms","<=",200,"F",75.7072,***,"",
1,"EFUSE_RESISTANCE_MEASUREMENT","","BANKA_EFUSE_RESISTANCE_BIT36",480120,"",0,1,"ISEN_PS1600",1,"1","","",65,"<=",33326,"ohms","<=",200,"F",75.7072,***,"",
1,"EFUSE_RESISTANCE_MEASUREMENT","","BANKA_EFUSE_RESISTANCE_BIT35",480130,"",0,1,"ISEN_PS1600",1,"1","","",65,"<=",33326.6,"ohms","<=",200,"F",75.7072,***,"",
1,"EFUSE_RESISTANCE_MEASUREMENT","","BANKA_EFUSE_RESISTANCE_BIT34",480140,"",0,1,"ISEN_PS1600",1,"1","","",65,"<=",33336.1,"ohms","<=",200,"F",75.7072,***,"",
1,"EFUSE_RESISTANCE_MEASUREMENT","","BANKA_EFUSE_RESISTANCE_BIT33",480150,"",0,1,"ISEN_PS1600",1,"1","","",65,"<=",33326,"ohms","<=",200,"F",75.7072,***,"",
1,"EFUSE_RESISTANCE_MEASUREMENT","","BANKA_EFUSE_RESISTANCE_BIT32",480160,"",0,1,"ISEN_PS1600",1,"1","","",65,"<=",33322.9,"ohms","<=",200,"F",75.7072,***,"",
1,"EFUSE_RESISTANCE_MEASUREMENT","","BANKA_EFUSE_RESISTANCE_BIT31",480170,"",0,1,"ISEN_PS1600",1,"1","","",65,"<=",33327.3,"ohms","<=",200,"F",75.7072,***,"",
1,"EFUSE_RESISTANCE_MEASUREMENT","","BANKA_EFUSE_RESISTANCE_BIT30",480180,"",0,1,"ISEN_PS1600",1,"1","","",65,"<=",33338,"ohms","<=",200,"F",75.7072,***,"",
1,"EFUSE_RESISTANCE_MEASUREMENT","","BANKA_EFUSE_RESISTANCE_BIT29",480190,"",0,1,"ISEN_PS1600",1,"1","","",65,"<=",33330.4,"ohms","<=",200,"F",75.7072,***,"",
1,"EFUSE_RESISTANCE_MEASUREMENT","","BANKA_EFUSE_RESISTANCE_BIT28",480200,"",0,1,"ISEN_PS1600",1,"1","","",65,"<=",33326,"ohms","<=",200,"F",75.7072,***,"",
1,"EFUSE_RESISTANCE_MEASUREMENT","","BANKA_EFUSE_RESISTANCE_BIT27",480210,"",0,1,"ISEN_PS1600",1,"1","","",65,"<=",33333,"ohms","<=",200,"F",75.7072,***,"",
1,"EFUSE_RESISTANCE_MEASUREMENT","","BANKA_EFUSE_RESISTANCE_BIT26",480220,"",0,1,"ISEN_PS1600",1,"1","","",65,"<=",33334.2,"ohms","<=",200,"F",75.7072,***,"",
1,"EFUSE_RESISTANCE_MEASUREMENT","","BANKA_EFUSE_RESISTANCE_BIT25",480230,"",0,1,"ISEN_PS1600",1,"1","","",65,"<=",33313.4,"ohms","<=",200,"F",75.7072,***,"",
1,"EFUSE_RESISTANCE_MEASUREMENT","","BANKA_EFUSE_RESISTANCE_BIT24",480240,"",0,1,"ISEN_PS1600",1,"1","","",65,"<=",33329.8,"ohms","<=",200,"F",75.7072,***,"",
1,"EFUSE_RESISTANCE_MEASUREMENT","","BANKA_EFUSE_RESISTANCE_BIT23",480250,"",0,1,"ISEN_PS1600",1,"1","","",65,"<=",33324.1,"ohms","<=",200,"F",75.7072,***,"",
1,"EFUSE_RESISTANCE_MEASUREMENT","","BANKA_EFUSE_RESISTANCE_BIT22",480260,"",0,1,"ISEN_PS1600",1,"1","","",65,"<=",33338,"ohms","<=",200,"F",75.7072,***,"",
1,"EFUSE_RESISTANCE_MEASUREMENT","","BANKA_EFUSE_RESISTANCE_BIT21",480270,"",0,1,"ISEN_PS1600",1,"1","","",65,"<=",33324.8,"ohms","<=",200,"F",75.7072,***,"",
1,"EFUSE_RESISTANCE_MEASUREMENT","","BANKA_EFUSE_RESISTANCE_BIT20",480280,"",0,1,"ISEN_PS1600",1,"1","","",65,"<=",33324.1,"ohms","<=",200,"F",75.7072,***,"",
1,"EFUSE_RESISTANCE_MEASUREMENT","","BANKA_EFUSE_RESISTANCE_BIT19",480290,"",0,1,"ISEN_PS1600",1,"1","","",65,"<=",33322.2,"ohms","<=",200,"F",75.7072,***,"",
1,"EFUSE_RESISTANCE_MEASUREMENT","","BANKA_EFUSE_RESISTANCE_BIT18",480300,"",0,1,"ISEN_PS1600",1,"1","","",65,"<=",33329.8,"ohms","<=",200,"F",75.7072,***,"",
1,"EFUSE_RESISTANCE_MEASUREMENT","","BANKA_EFUSE_RESISTANCE_BIT17",480310,"",0,1,"ISEN_PS1600",1,"1","","",65,"<=",33331.1,"ohms","<=",200,"F",75.7072,***,"",
1,"EFUSE_RESISTANCE_MEASUREMENT","","BANKA_EFUSE_RESISTANCE_BIT16",480320,"",0,1,"ISEN_PS1600",1,"1","","",65,"<=",33338,"ohms","<=",200,"F",75.7072,***,"",
1,"EFUSE_RESISTANCE_MEASUREMENT","","BANKA_EFUSE_RESISTANCE_BIT15",480330,"",0,1,"ISEN_PS1600",1,"1","","",65,"<=",33331.7,"ohms","<=",200,"F",75.7072,***,"",
1,"EFUSE_RESISTANCE_MEASUREMENT","","BANKA_EFUSE_RESISTANCE_BIT14",480340,"",0,1,"ISEN_PS1600",1,"1","","",65,"<=",33322.9,"ohms","<=",200,"F",75.7072,***,"",
1,"EFUSE_RESISTANCE_MEASUREMENT","","BANKA_EFUSE_RESISTANCE_BIT13",480350,"",0,1,"ISEN_PS1600",1,"1","","",65,"<=",33332.3,"ohms","<=",200,"F",75.7072,***,"",
1,"EFUSE_RESISTANCE_MEASUREMENT","","BANKA_EFUSE_RESISTANCE_BIT12",480360,"",0,1,"ISEN_PS1600",1,"1","","",65,"<=",33324.8,"ohms","<=",200,"F",75.7072,***,"",
1,"EFUSE_RESISTANCE_MEASUREMENT","","BANKA_EFUSE_RESISTANCE_BIT11",480370,"",0,1,"ISEN_PS1600",1,"1","","",65,"<=",33324.8,"ohms","<=",200,"F",75.7072,***,"",
1,"EFUSE_RESISTANCE_MEASUREMENT","","BANKA_EFUSE_RESISTANCE_BIT10",480380,"",0,1,"ISEN_PS1600",1,"1","","",65,"<=",33324.8,"ohms","<=",200,"F",75.7072,***,"",
1,"EFUSE_RESISTANCE_MEASUREMENT","","BANKA_EFUSE_RESISTANCE_BIT9",480390,"",0,1,"ISEN_PS1600",1,"1","","",65,"<=",33315.3,"ohms","<=",200,"F",75.7072,***,"",
1,"EFUSE_RESISTANCE_MEASUREMENT","","BANKA_EFUSE_RESISTANCE_BIT8",480400,"",0,1,"ISEN_PS1600",1,"1","","",65,"<=",33309.6,"ohms","<=",200,"F",75.7072,***,"",
1,"EFUSE_RESISTANCE_MEASUREMENT","","BANKA_EFUSE_RESISTANCE_BIT7",480410,"",0,1,"ISEN_PS1600",1,"1","","",65,"<=",33326,"ohms","<=",200,"F",75.7072,***,"",
1,"EFUSE_RESISTANCE_MEASUREMENT","","BANKA_EFUSE_RESISTANCE_BIT6",480420,"",0,1,"ISEN_PS1600",1,"1","","",65,"<=",33325.4,"ohms","<=",200,"F",75.7072,***,"",
1,"EFUSE_RESISTANCE_MEASUREMENT","","BANKA_EFUSE_RESISTANCE_BIT5",480430,"",0,1,"ISEN_PS1600",1,"1","","",65,"<=",33338.7,"ohms","<=",200,"F",75.7072,***,"",
1,"EFUSE_RESISTANCE_MEASUREMENT","","BANKA_EFUSE_RESISTANCE_BIT4",480440,"",0,1,"ISEN_PS1600",1,"1","","",65,"<=",33338,"ohms","<=",200,"F",75.7072,***,"",
1,"EFUSE_RESISTANCE_MEASUREMENT","","BANKA_EFUSE_RESISTANCE_BIT3",480450,"",0,1,"ISEN_PS1600",1,"1","","",65,"<=",33324.1,"ohms","<=",200,"F",75.7072,***,"",
1,"EFUSE_RESISTANCE_MEASUREMENT","","BANKA_EFUSE_RESISTANCE_BIT2",480460,"",0,1,"ISEN_PS1600",1,"1","","",65,"<=",33341.8,"ohms","<=",200,"F",75.7072,***,"",
1,"EFUSE_RESISTANCE_MEASUREMENT","","BANKA_EFUSE_RESISTANCE_BIT1",480470,"",0,1,"ISEN_PS1600",1,"1","","",65,"<=",33333.6,"ohms","<=",200,"F",75.7072,***,"",
1,"EFUSE_RESISTANCE_MEASUREMENT","","BANKA_EFUSE_RESISTANCE_BIT0",480480,"",0,1,"ISEN_PS1600",1,"1","","",65,"<=",33338.7,"ohms","<=",200,"F",75.7072,***,"",
1,"EFUSE_RESISTANCE_MEASUREMENT","","BANKB_EFUSE_RESISTANCE_BIT47",480490,"",0,1,"ISEN_PS1600",1,"1","","",65,"<=",33336.8,"ohms","<=",200,"F",75.7072,***,"",
1,"EFUSE_RESISTANCE_MEASUREMENT","","BANKB_EFUSE_RESISTANCE_BIT46",480500,"",0,1,"ISEN_PS1600",1,"1","","",65,"<=",33317.2,"ohms","<=",200,"F",75.7072,***,"",
1,"EFUSE_RESISTANCE_MEASUREMENT","","BANKB_EFUSE_RESISTANCE_BIT45",480510,"",0,1,"ISEN_PS1600",1,"1","","",65,"<=",33324.1,"ohms","<=",200,"F",75.7072,***,"",
1,"EFUSE_RESISTANCE_MEASUREMENT","","BANKB_EFUSE_RESISTANCE_BIT44",480520,"",0,1,"ISEN_PS1600",1,"1","","",65,"<=",33333,"ohms","<=",200,"F",75.7072,***,"",
1,"EFUSE_RESISTANCE_MEASUREMENT","","BANKB_EFUSE_RESISTANCE_BIT43",480530,"",0,1,"ISEN_PS1600",1,"1","","",65,"<=",33337.4,"ohms","<=",200,"F",75.7072,***,"",
1,"EFUSE_RESISTANCE_MEASUREMENT","","BANKB_EFUSE_RESISTANCE_BIT42",480540,"",0,1,"ISEN_PS1600",1,"1","","",65,"<=",33340.6,"ohms","<=",200,"F",75.7072,***,"",
1,"EFUSE_RESISTANCE_MEASUREMENT","","BANKB_EFUSE_RESISTANCE_BIT41",480550,"",0,1,"ISEN_PS1600",1,"1","","",65,"<=",33346.9,"ohms","<=",200,"F",75.7072,***,"",
1,"EFUSE_RESISTANCE_MEASUREMENT","","BANKB_EFUSE_RESISTANCE_BIT40",480560,"",0,1,"ISEN_PS1600",1,"1","","",65,"<=",33350,"ohms","<=",200,"F",75.7072,***,"",
1,"EFUSE_RESISTANCE_MEASUREMENT","","BANKB_EFUSE_RESISTANCE_BIT39",480570,"",0,1,"ISEN_PS1600",1,"1","","",65,"<=",33348.8,"ohms","<=",200,"F",75.7072,***,"",
1,"EFUSE_RESISTANCE_MEASUREMENT","","BANKB_EFUSE_RESISTANCE_BIT38",480580,"",0,1,"ISEN_PS1600",1,"1","","",65,"<=",33342.5,"ohms","<=",200,"F",75.7072,***,"",
1,"EFUSE_RESISTANCE_MEASUREMENT","","BANKB_EFUSE_RESISTANCE_BIT37",480590,"",0,1,"ISEN_PS1600",1,"1","","",65,"<=",33338,"ohms","<=",200,"F",75.7072,***,"",
1,"EFUSE_RESISTANCE_MEASUREMENT","","BANKB_EFUSE_RESISTANCE_BIT36",480600,"",0,1,"ISEN_PS1600",1,"1","","",65,"<=",33339.3,"ohms","<=",200,"F",75.7072,***,"",
1,"EFUSE_RESISTANCE_MEASUREMENT","","BANKB_EFUSE_RESISTANCE_BIT35",480610,"",0,1,"ISEN_PS1600",1,"1","","",65,"<=",33337.4,"ohms","<=",200,"F",75.7072,***,"",
1,"EFUSE_RESISTANCE_MEASUREMENT","","BANKB_EFUSE_RESISTANCE_BIT34",480620,"",0,1,"ISEN_PS1600",1,"1","","",65,"<=",33335.5,"ohms","<=",200,"F",75.7072,***,"",
1,"EFUSE_RESISTANCE_MEASUREMENT","","BANKB_EFUSE_RESISTANCE_BIT33",480630,"",0,1,"ISEN_PS1600",1,"1","","",65,"<=",33334.2,"ohms","<=",200,"F",75.7072,***,"",
1,"EFUSE_RESISTANCE_MEASUREMENT","","BANKB_EFUSE_RESISTANCE_BIT32",480640,"",0,1,"ISEN_PS1600",1,"1","","",65,"<=",33346.9,"ohms","<=",200,"F",75.7072,***,"",
1,"EFUSE_RESISTANCE_MEASUREMENT","","BANKB_EFUSE_RESISTANCE_BIT31",480650,"",0,1,"ISEN_PS1600",1,"1","","",65,"<=",33345,"ohms","<=",200,"F",75.7072,***,"",
1,"EFUSE_RESISTANCE_MEASUREMENT","","BANKB_EFUSE_RESISTANCE_BIT30",480660,"",0,1,"ISEN_PS1600",1,"1","","",65,"<=",33348.8,"ohms","<=",200,"F",75.7072,***,"",
1,"EFUSE_RESISTANCE_MEASUREMENT","","BANKB_EFUSE_RESISTANCE_BIT29",480670,"",0,1,"ISEN_PS1600",1,"1","","",65,"<=",33351.3,"ohms","<=",200,"F",75.7072,***,"",
1,"EFUSE_RESISTANCE_MEASUREMENT","","BANKB_EFUSE_RESISTANCE_BIT28",480680,"",0,1,"ISEN_PS1600",1,"1","","",65,"<=",33345,"ohms","<=",200,"F",75.7072,***,"",
1,"EFUSE_RESISTANCE_MEASUREMENT","","BANKB_EFUSE_RESISTANCE_BIT27",480690,"",0,1,"ISEN_PS1600",1,"1","","",65,"<=",33341.8,"ohms","<=",200,"F",75.7072,***,"",
1,"EFUSE_RESISTANCE_MEASUREMENT","","BANKB_EFUSE_RESISTANCE_BIT26",480700,"",0,1,"ISEN_PS1600",1,"1","","",65,"<=",33327.9,"ohms","<=",200,"F",75.7072,***,"",
1,"EFUSE_RESISTANCE_MEASUREMENT","","BANKB_EFUSE_RESISTANCE_BIT25",480710,"",0,1,"ISEN_PS1600",1,"1","","",65,"<=",33325.4,"ohms","<=",200,"F",75.7072,***,"",
1,"EFUSE_RESISTANCE_MEASUREMENT","","BANKB_EFUSE_RESISTANCE_BIT24",480720,"",0,1,"ISEN_PS1600",1,"1","","",65,"<=",33343.1,"ohms","<=",200,"F",75.7072,***,"",
1,"EFUSE_RESISTANCE_MEASUREMENT","","BANKB_EFUSE_RESISTANCE_BIT23",480730,"",0,1,"ISEN_PS1600",1,"1","","",65,"<=",33337.4,"ohms","<=",200,"F",75.7072,***,"",
1,"EFUSE_RESISTANCE_MEASUREMENT","","BANKB_EFUSE_RESISTANCE_BIT22",480740,"",0,1,"ISEN_PS1600",1,"1","","",65,"<=",33342.5,"ohms","<=",200,"F",75.7072,***,"",
1,"EFUSE_RESISTANCE_MEASUREMENT","","BANKB_EFUSE_RESISTANCE_BIT21",480750,"",0,1,"ISEN_PS1600",1,"1","","",65,"<=",33338,"ohms","<=",200,"F",75.7072,***,"",
1,"EFUSE_RESISTANCE_MEASUREMENT","","BANKB_EFUSE_RESISTANCE_BIT20",480760,"",0,1,"ISEN_PS1600",1,"1","","",65,"<=",33346.3,"ohms","<=",200,"F",75.7072,***,"",
1,"EFUSE_RESISTANCE_MEASUREMENT","","BANKB_EFUSE_RESISTANCE_BIT19",480770,"",0,1,"ISEN_PS1600",1,"1","","",65,"<=",33339.9,"ohms","<=",200,"F",75.7072,***,"",
1,"EFUSE_RESISTANCE_MEASUREMENT","","BANKB_EFUSE_RESISTANCE_BIT18",480780,"",0,1,"ISEN_PS1600",1,"1","","",65,"<=",33345.6,"ohms","<=",200,"F",75.7072,***,"",
1,"EFUSE_RESISTANCE_MEASUREMENT","","BANKB_EFUSE_RESISTANCE_BIT17",480790,"",0,1,"ISEN_PS1600",1,"1","","",65,"<=",33346.9,"ohms","<=",200,"F",75.7072,***,"",
1,"EFUSE_RESISTANCE_MEASUREMENT","","BANKB_EFUSE_RESISTANCE_BIT16",480800,"",0,1,"ISEN_PS1600",1,"1","","",65,"<=",33355.7,"ohms","<=",200,"F",75.7072,***,"",
1,"EFUSE_RESISTANCE_MEASUREMENT","","BANKB_EFUSE_RESISTANCE_BIT15",480810,"",0,1,"ISEN_PS1600",1,"1","","",65,"<=",33336.1,"ohms","<=",200,"F",75.7072,***,"",
1,"EFUSE_RESISTANCE_MEASUREMENT","","BANKB_EFUSE_RESISTANCE_BIT14",480820,"",0,1,"ISEN_PS1600",1,"1","","",65,"<=",33345.6,"ohms","<=",200,"F",75.7072,***,"",
1,"EFUSE_RESISTANCE_MEASUREMENT","","BANKB_EFUSE_RESISTANCE_BIT13",480830,"",0,1,"ISEN_PS1600",1,"1","","",65,"<=",33333,"ohms","<=",200,"F",75.7072,***,"",
1,"EFUSE_RESISTANCE_MEASUREMENT","","BANKB_EFUSE_RESISTANCE_BIT12",480840,"",0,1,"ISEN_PS1600",1,"1","","",65,"<=",33343.7,"ohms","<=",200,"F",75.7072,***,"",
1,"EFUSE_RESISTANCE_MEASUREMENT","","BANKB_EFUSE_RESISTANCE_BIT11",480850,"",0,1,"ISEN_PS1600",1,"1","","",65,"<=",33343.1,"ohms","<=",200,"F",75.7072,***,"",
1,"EFUSE_RESISTANCE_MEASUREMENT","","BANKB_EFUSE_RESISTANCE_BIT10",480860,"",0,1,"ISEN_PS1600",1,"1","","",65,"<=",33347.5,"ohms","<=",200,"F",75.7072,***,"",
1,"EFUSE_RESISTANCE_MEASUREMENT","","BANKB_EFUSE_RESISTANCE_BIT9",480870,"",0,1,"ISEN_PS1600",1,"1","","",65,"<=",33349.4,"ohms","<=",200,"F",75.7072,***,"",
1,"EFUSE_RESISTANCE_MEASUREMENT","","BANKB_EFUSE_RESISTANCE_BIT8",480880,"",0,1,"ISEN_PS1600",1,"1","","",65,"<=",33336.8,"ohms","<=",200,"F",75.7072,***,"",
1,"EFUSE_RESISTANCE_MEASUREMENT","","BANKB_EFUSE_RESISTANCE_BIT7",480890,"",0,1,"ISEN_PS1600",1,"1","","",65,"<=",33342.5,"ohms","<=",200,"F",75.7072,***,"",
1,"EFUSE_RESISTANCE_MEASUREMENT","","BANKB_EFUSE_RESISTANCE_BIT6",480900,"",0,1,"ISEN_PS1600",1,"1","","",65,"<=",33345,"ohms","<=",200,"F",75.7072,***,"",
1,"EFUSE_RESISTANCE_MEASUREMENT","","BANKB_EFUSE_RESISTANCE_BIT5",480910,"",0,1,"ISEN_PS1600",1,"1","","",65,"<=",33341.8,"ohms","<=",200,"F",75.7072,***,"",
1,"EFUSE_RESISTANCE_MEASUREMENT","","BANKB_EFUSE_RESISTANCE_BIT4",480920,"",0,1,"ISEN_PS1600",1,"1","","",65,"<=",33350.1,"ohms","<=",200,"F",75.7072,***,"",
1,"EFUSE_RESISTANCE_MEASUREMENT","","BANKB_EFUSE_RESISTANCE_BIT3",480930,"",0,1,"ISEN_PS1600",1,"1","","",65,"<=",33340.6,"ohms","<=",200,"F",75.7072,***,"",
1,"EFUSE_RESISTANCE_MEASUREMENT","","BANKB_EFUSE_RESISTANCE_BIT2",480940,"",0,1,"ISEN_PS1600",1,"1","","",65,"<=",33353.2,"ohms","<=",200,"F",75.7072,***,"",
1,"EFUSE_RESISTANCE_MEASUREMENT","","BANKB_EFUSE_RESISTANCE_BIT1",480950,"",0,1,"ISEN_PS1600",1,"1","","",65,"<=",33347.5,"ohms","<=",200,"F",75.7072,***,"",
1,"EFUSE_RESISTANCE_MEASUREMENT","","BANKB_EFUSE_RESISTANCE_BIT0",480960,"",0,1,"ISEN_PS1600",1,"1","","",65,"<=",33358.9,"ohms","<=",200,"F",75.7072,***,"",
1,"EFUSE_RESISTANCE_MEASUREMENT","","MIN",480970,"",0,1,"ISEN_PS1600",1,"1","","",65,"<=",33309.6,"ohms","<=",200,"F",75.7072,***,"",
1,"EFUSE_RESISTANCE_MEASUREMENT","","MAX",480980,"",0,1,"ISEN_PS1600",1,"1","","",65,"<=",33695.9,"ohms","<=",200,"F",75.7072,***,"",
1,"EFUSE_RESISTANCE_MEASUREMENT","","MEAN",480990,"",0,1,"ISEN_PS1600",1,"1","","",65,"<=",33341.2,"ohms","<=",200,"F",75.7072,***,"",
1,"EFUSE_RESISTANCE_MEASUREMENT","","Range",481000,"",0,1,"ISEN_PS1600",1,"1","","",0,"<=",386.367,"ohms","<=",200,"F",75.7072,***,"",