Test Suite,Test Method,Test,Test#,Type,Pattern,Lower,Upper,Unit,Min,Max,Mean,Sdev,Cp,Cpk,Cpl,Cpu,Device#,Pass#,Pass%,Fail#,Fail%,Alarm#,Time,TS Time
"CONTINUITY","","CONTINUITY",10030,"Parametric","",-500,-300,"mV",-9.9999e+07,-9.9999e+07,-9.9999e+07,0,***,***,***,***,1,0,0,1,100,0,1.36,***
"CONTINUITY","","CONTINUITY",10020,"Parametric","",-500,-300,"mV",-9.9999e+07,-9.9999e+07,-9.9999e+07,0,***,***,***,***,1,0,0,1,100,0,1.36,***
"CONTINUITY","","CONTINUITY",10050,"Parametric","",-500,-300,"mV",-9.9999e+07,-9.9999e+07,-9.9999e+07,0,***,***,***,***,1,0,0,1,100,0,1.36,***
"CONTINUITY","","CONTINUITY",10090,"Parametric","",-500,-300,"mV",-9.9999e+07,-9.9999e+07,-9.9999e+07,0,***,***,***,***,1,0,0,1,100,0,1.36,***
"CONTINUITY","","CONTINUITY",10080,"Parametric","",-500,-300,"mV",-9.9999e+07,-9.9999e+07,-9.9999e+07,0,***,***,***,***,1,0,0,1,100,0,1.36,***
"CONTINUITY","","CONTINUITY",10040,"Parametric","",-500,-300,"mV",-9.9999e+07,-9.9999e+07,-9.9999e+07,0,***,***,***,***,1,0,0,1,100,0,1.36,***
"CONTINUITY","","CONTINUITY",10010,"Parametric","",-500,-300,"mV",-9.9999e+07,-9.9999e+07,-9.9999e+07,0,***,***,***,***,1,0,0,1,100,0,1.36,***
"CONTINUITY","","CONTINUITY",10070,"Parametric","",-500,-200,"mV",-9.9999e+07,-9.9999e+07,-9.9999e+07,0,***,***,***,***,1,0,0,1,100,0,1.36,***
"CONTINUITY","","CONTINUITY",10060,"Parametric","",-500,-300,"mV",-9.9999e+07,-9.9999e+07,-9.9999e+07,0,***,***,***,***,1,0,0,1,100,0,1.36,***
"CONTINUITY","","CONTINUITY",10180,"Parametric","",-360,-300,"mV",-1999.87,-1999.87,-1999.87,0,***,***,***,***,1,0,0,1,100,0,1.36,***
"CONTINUITY","","MOULD_RES",10340,"Parametric","",0,20,"ohm",9712.83,9712.83,9712.83,0,***,***,***,***,1,0,0,1,100,0,1.36,***
"CONTINUITY","","CONTINUITY",10190,"Parametric","",-360,-300,"mV",-1999.95,-1999.95,-1999.95,0,***,***,***,***,1,0,0,1,100,0,1.36,***
"CONTINUITY","","MOULD_RES",10350,"Parametric","",0,20,"ohm",9738.37,9738.37,9738.37,0,***,***,***,***,1,0,0,1,100,0,1.36,***
"CONTINUITY","","CONTINUITY",10200,"Parametric","",-360,-300,"mV",-1999.84,-1999.84,-1999.84,0,***,***,***,***,1,0,0,1,100,0,1.36,***
"CONTINUITY","","MOULD_RES",10360,"Parametric","",0,20,"ohm",9643.15,9643.15,9643.15,0,***,***,***,***,1,0,0,1,100,0,1.36,***
"CONTINUITY","","CONTINUITY",10210,"Parametric","",-360,-300,"mV",-1429.79,-1429.79,-1429.79,0,***,***,***,***,1,0,0,1,100,0,1.36,***
"CONTINUITY","","MOULD_RES",10370,"Parametric","",0,20,"ohm",21.5022,21.5022,21.5022,0,***,***,***,***,1,0,0,1,100,0,1.36,***
"CONTINUITY","","CONTINUITY",10220,"Parametric","",-360,-300,"mV",-2000.76,-2000.76,-2000.76,0,***,***,***,***,1,0,0,1,100,0,1.36,***
"CONTINUITY","","MOULD_RES",10380,"Parametric","",0,20,"ohm",3.15136,3.15136,3.15136,0,***,***,***,***,1,1,100,0,0,0,1.36,***
"CONTINUITY","","CONTINUITY",10230,"Parametric","",-360,-300,"mV",-1999.91,-1999.91,-1999.91,0,***,***,***,***,1,0,0,1,100,0,1.36,***
"CONTINUITY","","MOULD_RES",10390,"Parametric","",0,20,"ohm",36.8436,36.8436,36.8436,0,***,***,***,***,1,0,0,1,100,0,1.36,***
"CONTINUITY","","CONTINUITY",10240,"Parametric","",-360,-300,"mV",-2000.08,-2000.08,-2000.08,0,***,***,***,***,1,0,0,1,100,0,1.36,***
"CONTINUITY","","MOULD_RES",10400,"Parametric","",0,20,"ohm",2.70208,2.70208,2.70208,0,***,***,***,***,1,1,100,0,0,0,1.36,***
"CONTINUITY","","CONTINUITY",10250,"Parametric","",-360,-300,"mV",-2000.41,-2000.41,-2000.41,0,***,***,***,***,1,0,0,1,100,0,1.36,***
"CONTINUITY","","MOULD_RES",10410,"Parametric","",0,20,"ohm",915.837,915.837,915.837,0,***,***,***,***,1,0,0,1,100,0,1.36,***
"CONTINUITY","","CONTINUITY",10100,"Parametric","",-300,-200,"mV",-212.931,-212.931,-212.931,0,***,***,***,***,1,1,100,0,0,0,1.36,***
"CONTINUITY","","MOULD_RES",10260,"Parametric","",0,20,"ohm",6055.36,6055.36,6055.36,0,***,***,***,***,1,0,0,1,100,0,1.36,***
"CONTINUITY","","CONTINUITY",10110,"Parametric","",-300,-200,"mV",-1999.67,-1999.67,-1999.67,0,***,***,***,***,1,0,0,1,100,0,1.36,***
"CONTINUITY","","MOULD_RES",10270,"Parametric","",0,20,"ohm",2184.76,2184.76,2184.76,0,***,***,***,***,1,0,0,1,100,0,1.36,***
"CONTINUITY","","CONTINUITY",10120,"Parametric","",-300,-200,"mV",-1999.94,-1999.94,-1999.94,0,***,***,***,***,1,0,0,1,100,0,1.36,***
"CONTINUITY","","MOULD_RES",10280,"Parametric","",0,20,"ohm",2175.63,2175.63,2175.63,0,***,***,***,***,1,0,0,1,100,0,1.36,***
"CONTINUITY","","CONTINUITY",10130,"Parametric","",-300,-200,"mV",-1999.65,-1999.65,-1999.65,0,***,***,***,***,1,0,0,1,100,0,1.36,***
"CONTINUITY","","MOULD_RES",10290,"Parametric","",0,20,"ohm",2713.68,2713.68,2713.68,0,***,***,***,***,1,0,0,1,100,0,1.36,***
"CONTINUITY","","CONTINUITY",10140,"Parametric","",-300,-200,"mV",-2000.07,-2000.07,-2000.07,0,***,***,***,***,1,0,0,1,100,0,1.36,***
"CONTINUITY","","MOULD_RES",10300,"Parametric","",0,20,"ohm",2718.25,2718.25,2718.25,0,***,***,***,***,1,0,0,1,100,0,1.36,***
"CONTINUITY","","CONTINUITY",10150,"Parametric","",-300,-200,"mV",-1999.8,-1999.8,-1999.8,0,***,***,***,***,1,0,0,1,100,0,1.36,***
"CONTINUITY","","MOULD_RES",10310,"Parametric","",0,20,"ohm",9663.52,9663.52,9663.52,0,***,***,***,***,1,0,0,1,100,0,1.36,***
"CONTINUITY","","CONTINUITY",10160,"Parametric","",-300,-200,"mV",-1999.92,-1999.92,-1999.92,0,***,***,***,***,1,0,0,1,100,0,1.36,***
"CONTINUITY","","MOULD_RES",10320,"Parametric","",0,20,"ohm",9633.7,9633.7,9633.7,0,***,***,***,***,1,0,0,1,100,0,1.36,***
"CONTINUITY","","CONTINUITY",10170,"Parametric","",-300,-200,"mV",-2000.25,-2000.25,-2000.25,0,***,***,***,***,1,0,0,1,100,0,1.36,***
"CONTINUITY","","MOULD_RES",10330,"Parametric","",0,20,"ohm",9704.63,9704.63,9704.63,0,***,***,***,***,1,0,0,1,100,0,1.36,***
"Pin_to_Pin_Leakage","","PIN_TO_PIN_POS_LEAKAGE_PIN",20010,"Parametric","",-200,200,"nA",-1.22144,-1.22144,-1.22144,0,***,***,***,***,1,1,100,0,0,0,1.00104,***
"Pin_to_Pin_Leakage","","PIN_TO_PIN_NEG_LEAKAGE_PIN",20110,"Parametric","",-200,200,"nA",-1.22144,-1.22144,-1.22144,0,***,***,***,***,1,1,100,0,0,0,1.00104,***
"Pin_to_Pin_Leakage","","PIN_TO_PIN_POS_LEAKAGE_PIN",20020,"Parametric","",-200,200,"nA",0.101329,0.101329,0.101329,0,***,***,***,***,1,1,100,0,0,0,1.00104,***
"Pin_to_Pin_Leakage","","PIN_TO_PIN_NEG_LEAKAGE_PIN",20120,"Parametric","",-200,200,"nA",0.101329,0.101329,0.101329,0,***,***,***,***,1,1,100,0,0,0,1.00104,***
"Pin_to_Pin_Leakage","","PIN_TO_PIN_POS_LEAKAGE_PIN",20030,"Parametric","",-200,200,"nA",-0.164302,-0.164302,-0.164302,0,***,***,***,***,1,1,100,0,0,0,1.00104,***
"Pin_to_Pin_Leakage","","PIN_TO_PIN_NEG_LEAKAGE_PIN",20130,"Parametric","",-200,200,"nA",-0.164302,-0.164302,-0.164302,0,***,***,***,***,1,1,100,0,0,0,1.00104,***
"Pin_to_Pin_Leakage","","PIN_TO_PIN_POS_LEAKAGE_PIN",20040,"Parametric","",-200,200,"nA",-0.99044,-0.99044,-0.99044,0,***,***,***,***,1,1,100,0,0,0,1.00104,***
"Pin_to_Pin_Leakage","","PIN_TO_PIN_NEG_LEAKAGE_PIN",20140,"Parametric","",-200,200,"nA",-0.99044,-0.99044,-0.99044,0,***,***,***,***,1,1,100,0,0,0,1.00104,***
"Pin_to_Pin_Leakage","","PIN_TO_PIN_POS_LEAKAGE_PIN",20050,"Parametric","",10,500,"nA",0.773994,0.773994,0.773994,0,***,***,***,***,1,0,0,1,100,0,1.00104,***
"Pin_to_Pin_Leakage","","PIN_TO_PIN_NEG_LEAKAGE_PIN",20150,"Parametric","",-500,-10,"nA",-1.51246,-1.51246,-1.51246,0,***,***,***,***,1,0,0,1,100,0,1.00104,***
"Pin_to_Pin_Leakage","","PIN_TO_PIN_POS_LEAKAGE_PIN",20060,"Parametric","",10,500,"nA",299.129,299.129,299.129,0,***,***,***,***,1,1,100,0,0,0,1.00104,***
"Pin_to_Pin_Leakage","","PIN_TO_PIN_NEG_LEAKAGE_PIN",20160,"Parametric","",-500,-10,"nA",-297.128,-297.128,-297.128,0,***,***,***,***,1,1,100,0,0,0,1.00104,***
"Pin_to_Pin_Leakage","","PIN_TO_PIN_POS_LEAKAGE_PIN",20070,"Parametric","",300,700,"nA",-0.671274,-0.671274,-0.671274,0,***,***,***,***,1,0,0,1,100,0,1.00104,***
"Pin_to_Pin_Leakage","","PIN_TO_PIN_NEG_LEAKAGE_PIN",20170,"Parametric","",-700,-300,"nA",-0.694485,-0.694485,-0.694485,0,***,***,***,***,1,0,0,1,100,0,1.00104,***
"Pin_to_Pin_Leakage","","PIN_TO_PIN_POS_LEAKAGE_PIN",20080,"Parametric","",-200,200,"nA",-0.729683,-0.729683,-0.729683,0,***,***,***,***,1,1,100,0,0,0,1.00104,***
"Pin_to_Pin_Leakage","","PIN_TO_PIN_NEG_LEAKAGE_PIN",20180,"Parametric","",-200,200,"nA",-1.02757,-1.02757,-1.02757,0,***,***,***,***,1,1,100,0,0,0,1.00104,***
"Pin_to_Pin_Leakage","","PIN_TO_PIN_POS_LEAKAGE_PIN",20090,"Parametric","",-200,200,"nA",-0.916417,-0.916417,-0.916417,0,***,***,***,***,1,1,100,0,0,0,1.00104,***
"Pin_to_Pin_Leakage","","PIN_TO_PIN_NEG_LEAKAGE_PIN",20190,"Parametric","",-200,200,"nA",-1.3727,-1.3727,-1.3727,0,***,***,***,***,1,1,100,0,0,0,1.00104,***
"Pin_to_Pin_Leakage","","PIN_TO_PIN_POS_LEAKAGE_PIN_VBIAS_PS1600",20100,"Parametric","",500,1000,"nA",-1,-1,-1,0,***,***,***,***,1,0,0,1,100,0,1.00104,***
"Pin_to_Pin_Leakage","","PIN_TO_PIN_NEG_LEAKAGE_PIN_VBIAS_PS1600",20200,"Parametric","",-1000,-500,"nA",-1,-1,-1,0,***,***,***,***,1,0,0,1,100,0,1.00104,***
"IVDDFL_IVINFL_RONFL","","RON_200mAVDD_5_VIN_5",90040,"Parametric","",0.04,0.08,"ohm",17.4316,17.4316,17.4316,0,***,***,***,***,1,0,0,1,100,0,0.38361,***
"IVDDFL_IVINFL_RONFL","","DEVICE_VARIENT_TRUE",90060,"Parametric","",0.5,1.5,"",1,1,1,0,***,***,***,***,1,1,100,0,0,0,0.38361,***
"RON_DIFF_LOAD_CURRENT","","RON_200mA_VDD5_50V_Part",650130,"Parametric","",0.04,0.08,"ohm",4.26553,4.26553,4.26553,0,***,***,***,***,1,0,0,1,100,0,0.324405,***
"RON_DIFF_LOAD_CURRENT","","RON_500mA_VDD5_50V_Part",650140,"Parametric","",0.04,0.08,"ohm",4.73577,4.73577,4.73577,0,***,***,***,***,1,0,0,1,100,0,0.324405,***
"RON_DIFF_LOAD_CURRENT","","RON_FL_VDD5_50V_Part",650150,"Parametric","",0.04,0.08,"ohm",1.25971,1.25971,1.25971,0,***,***,***,***,1,0,0,1,100,0,0.324405,***
"Fuse_Burn_Check","","Device_Read_Fuse_Data",1000002,"Parametric","",0,2.81475e+14,"",0,0,0,0,***,***,***,***,1,1,100,0,0,0,0.472528,***
"Fuse_Burn_Check","","BANKA_BIT5_BLOWN_TRUE",1000001,"Parametric","",0,1,"",0,0,0,0,***,***,***,***,1,1,100,0,0,0,0.472528,***
"Gross_Functional_EN_FCB_FAULTB_OFF","","EN_FCB_LOW_VOUT_LOW",30010,"Parametric","",-0.001,1,"V",0.000162125,0.000162125,0.000162125,0,***,***,***,***,1,1,100,0,0,0,0.650094,***
"Gross_Functional_EN_FCB_FAULTB_OFF","","EN_FCB_LOW_OFF_HIGH",30020,"Parametric","",1.6,2.3,"V",3.65371,3.65371,3.65371,0,***,***,***,***,1,0,0,1,100,0,0.650094,***
"Gross_Functional_EN_FCB_FAULTB_OFF","","FCB_LOW_VOUT_LOW",30030,"Parametric","",-0.001,0.5,"V",0.000154495,0.000154495,0.000154495,0,***,***,***,***,1,1,100,0,0,0,0.650094,***
"Gross_Functional_EN_FCB_FAULTB_OFF","","FCB_LOW_OFF_HIGH",30040,"Parametric","",1.6,2.3,"V",2.93925,2.93925,2.93925,0,***,***,***,***,1,0,0,1,100,0,0.650094,***
"Gross_Functional_EN_FCB_FAULTB_OFF","","EN_LOW_VOUT_LOW",30050,"Parametric","",-0.001,0.5,"V",0.000177383,0.000177383,0.000177383,0,***,***,***,***,1,1,100,0,0,0,0.650094,***
"Gross_Functional_EN_FCB_FAULTB_OFF","","EN_LOW_OFF_HIGH",30060,"Parametric","",1.6,2.3,"V",2.78433,2.78433,2.78433,0,***,***,***,***,1,0,0,1,100,0,0.650094,***
"Gross_Functional_EN_FCB_FAULTB_OFF","","EN_FCB_HIGH_VOUT_HIGH",30070,"Parametric","",4.85,5.1,"V",0.0268478,0.0268478,0.0268478,0,***,***,***,***,1,0,0,1,100,0,0.650094,***
"Gross_Functional_EN_FCB_FAULTB_OFF","","EN_FCB_HIGH_OFF_LOW",30080,"Parametric","",-0.001,0.5,"V",2.65848,2.65848,2.65848,0,***,***,***,***,1,0,0,1,100,0,0.650094,***
"Gross_Functional_EN_FCB_FAULTB_OFF","","FAULT_SET_VOUT_LOW",30090,"Parametric","",-0.001,0.5,"V",-0.000101089,-0.000101089,-0.000101089,0,***,***,***,***,1,1,100,0,0,0,0.650094,***
"Gross_Functional_EN_FCB_FAULTB_OFF","","FAULT_SET_OFF_HIGH",30100,"Parametric","",1.6,2.3,"V",1.32143,1.32143,1.32143,0,***,***,***,***,1,0,0,1,100,0,0.650094,***
"Gross_Functional_EN_FCB_FAULTB_OFF","","FAULT_RESET_VOUT_HIGH",30110,"Parametric","",4.85,5.1,"V",-0.121065,-0.121065,-0.121065,0,***,***,***,***,1,0,0,1,100,0,0.650094,***
"Gross_Functional_EN_FCB_FAULTB_OFF","","FAULT_RESET_OFF_LOW",30120,"Parametric","",0,0.5,"V",1.11614,1.11614,1.11614,0,***,***,***,***,1,0,0,1,100,0,0.650094,***
"EN_pullup_resistor","","EN0V_PULLUP_RES",50010,"Parametric","",155,230,"Kohm",88048.7,88048.7,88048.7,0,***,***,***,***,1,0,0,1,100,0,0.30421,***
"EN_pullup_resistor","","EN1V_PULLUP_RES",50020,"Parametric","",155,230,"Kohm",42424.7,42424.7,42424.7,0,***,***,***,***,1,0,0,1,100,0,0.30421,***
"EN_pullup_resistor","","EN0V_Current",50030,"Parametric","",-11,-7,"uA",-0.0204432,-0.0204432,-0.0204432,0,***,***,***,***,1,0,0,1,100,0,0.30421,***
"EN_pullup_resistor","","EN1V_Current",50040,"Parametric","",-5.5,-3,"uA",-0.0188569,-0.0188569,-0.0188569,0,***,***,***,***,1,0,0,1,100,0,0.30421,***
"Output_enabled_Leakage_IVDDFL_IVINFL","","IVDD_VDD_5V_VIN_5V_LOAD_4A",861630,"Parametric","",0,200,"uA",-0.17096,-0.17096,-0.17096,0,***,***,***,***,1,0,0,1,100,0,0.967874,***
"Output_enabled_Leakage_IVDDFL_IVINFL","","IVIN_VDD_5V_VIN_5V_LOAD_4A",861640,"Parametric","",1,2,"mA",-0.00428578,-0.00428578,-0.00428578,0,***,***,***,***,1,0,0,1,100,0,0.967874,***
"Output_enabled_Leakage_IVDDFL_IVINFL","","LOAD_CURRENT_READBACK_VDD_5V_VIN_5V_LOAD_4A",861650,"Parametric","",3.5,4.1,"A",0.292933,0.292933,0.292933,0,***,***,***,***,1,0,0,1,100,0,0.967874,***
"Output_enabled_Leakage_IVDDFL_IVINFL","","IVDD_VDD_5V_VIN_28V_LOAD_4A",861660,"Parametric","",0,200,"uA",-0.0726909,-0.0726909,-0.0726909,0,***,***,***,***,1,0,0,1,100,0,0.967874,***
"Output_enabled_Leakage_IVDDFL_IVINFL","","IVIN_VDD_5V_VIN_28V_LOAD_4A",861670,"Parametric","",1,2,"mA",-0.0209791,-0.0209791,-0.0209791,0,***,***,***,***,1,0,0,1,100,0,0.967874,***
"Output_enabled_Leakage_IVDDFL_IVINFL","","LOAD_CURRENT_READBACK_VDD_5V_VIN_28V_LOAD_4A",861680,"Parametric","",3.5,4.1,"A",0.295128,0.295128,0.295128,0,***,***,***,***,1,0,0,1,100,0,0.967874,***
"Output_enabled_Leakage_IVDDFL_IVINFL","","IVDD_VDD_5V_VIN_50V_LOAD_4A",861690,"Parametric","",0,200,"uA",0.433789,0.433789,0.433789,0,***,***,***,***,1,1,100,0,0,0,0.967874,***
"Output_enabled_Leakage_IVDDFL_IVINFL","","IVIN_VDD_5V_VIN_50V_LOAD_4A",861700,"Parametric","",1,2,"mA",-0.0227787,-0.0227787,-0.0227787,0,***,***,***,***,1,0,0,1,100,0,0.967874,***
"Output_enabled_Leakage_IVDDFL_IVINFL","","LOAD_CURRENT_READBACK_VDD_5V_VIN_50V_LOAD_4A",861710,"Parametric","",3.5,4.1,"A",0.296728,0.296728,0.296728,0,***,***,***,***,1,0,0,1,100,0,0.967874,***
"Output_enabled_Leakage_IVDDFL_IVINFL","","IVDD_VDD_28V_VIN_5V_LOAD_4A",861720,"Parametric","",0,500,"uA",8.44526,8.44526,8.44526,0,***,***,***,***,1,1,100,0,0,0,0.967874,***
"Output_enabled_Leakage_IVDDFL_IVINFL","","IVIN_VDD_28V_VIN_5V_LOAD_4A",861730,"Parametric","",1,2,"mA",-0.00277036,-0.00277036,-0.00277036,0,***,***,***,***,1,0,0,1,100,0,0.967874,***
"Output_enabled_Leakage_IVDDFL_IVINFL","","LOAD_CURRENT_READBACK_VDD_28V_VIN_5V_LOAD_4A",861740,"Parametric","",3.5,4.1,"A",0.298762,0.298762,0.298762,0,***,***,***,***,1,0,0,1,100,0,0.967874,***
"Output_enabled_Leakage_IVDDFL_IVINFL","","IVDD_VDD_28V_VIN_28V_LOAD_4A",861750,"Parametric","",0,200,"uA",1.76312,1.76312,1.76312,0,***,***,***,***,1,1,100,0,0,0,0.967874,***
"Output_enabled_Leakage_IVDDFL_IVINFL","","IVIN_VDD_28V_VIN_28V_LOAD_4A",861760,"Parametric","",1,2,"mA",0.0266857,0.0266857,0.0266857,0,***,***,***,***,1,0,0,1,100,0,0.967874,***
"Output_enabled_Leakage_IVDDFL_IVINFL","","LOAD_CURRENT_READBACK_VDD_28V_VIN_28V_LOAD_4A",861770,"Parametric","",3.5,4.1,"A",0.299797,0.299797,0.299797,0,***,***,***,***,1,0,0,1,100,0,0.967874,***
"Output_enabled_Leakage_IVDDFL_IVINFL","","IVDD_VDD_28V_VIN_50V_LOAD_4A",861780,"Parametric","",0,200,"uA",-0.296459,-0.296459,-0.296459,0,***,***,***,***,1,0,0,1,100,0,0.967874,***
"Output_enabled_Leakage_IVDDFL_IVINFL","","IVIN_VDD_28V_VIN_50V_LOAD_4A",861790,"Parametric","",1,2,"mA",-0.0186113,-0.0186113,-0.0186113,0,***,***,***,***,1,0,0,1,100,0,0.967874,***
"Output_enabled_Leakage_IVDDFL_IVINFL","","LOAD_CURRENT_READBACK_VDD_28V_VIN_50V_LOAD_4A",861800,"Parametric","",3.5,4.1,"A",0.30194,0.30194,0.30194,0,***,***,***,***,1,0,0,1,100,0,0.967874,***
"Output_enabled_Leakage_IVDDFL_IVINFL","","IVDD_VDD_50V_VIN_5V_LOAD_4A",861810,"Parametric","",0,200,"uA",2.2272,2.2272,2.2272,0,***,***,***,***,1,1,100,0,0,0,0.967874,***
"Output_enabled_Leakage_IVDDFL_IVINFL","","IVIN_VDD_50V_VIN_5V_LOAD_4A",861820,"Parametric","",1,2,"mA",0.0111999,0.0111999,0.0111999,0,***,***,***,***,1,0,0,1,100,0,0.967874,***
"Output_enabled_Leakage_IVDDFL_IVINFL","","LOAD_CURRENT_READBACK_VDD_50V_VIN_5V_LOAD_4A",861830,"Parametric","",3.5,4.1,"A",0.302398,0.302398,0.302398,0,***,***,***,***,1,0,0,1,100,0,0.967874,***
"Output_enabled_Leakage_IVDDFL_IVINFL","","IVDD_VDD_50V_VIN_28V_LOAD_4A",861840,"Parametric","",0,200,"uA",0.0764812,0.0764812,0.0764812,0,***,***,***,***,1,1,100,0,0,0,0.967874,***
"Output_enabled_Leakage_IVDDFL_IVINFL","","IVIN_VDD_50V_VIN_28V_LOAD_4A",861850,"Parametric","",1,2,"mA",0.0228971,0.0228971,0.0228971,0,***,***,***,***,1,0,0,1,100,0,0.967874,***
"Output_enabled_Leakage_IVDDFL_IVINFL","","LOAD_CURRENT_READBACK_VDD_50V_VIN_28V_LOAD_4A",861860,"Parametric","",3.5,4.1,"A",0.30349,0.30349,0.30349,0,***,***,***,***,1,0,0,1,100,0,0.967874,***
"Output_enabled_Leakage_IVDDFL_IVINFL","","IVDD_VDD_50V_VIN_50V_LOAD_4A",861870,"Parametric","",0,200,"uA",0.0729324,0.0729324,0.0729324,0,***,***,***,***,1,1,100,0,0,0,0.967874,***
"Output_enabled_Leakage_IVDDFL_IVINFL","","IVIN_VDD_50V_VIN_50V_LOAD_4A",861880,"Parametric","",1,2,"mA",0.00977924,0.00977924,0.00977924,0,***,***,***,***,1,0,0,1,100,0,0.967874,***
"Output_enabled_Leakage_IVDDFL_IVINFL","","LOAD_CURRENT_READBACK_VDD_50V_VIN_50V_LOAD_4A",861890,"Parametric","",3.5,4.1,"A",0.305365,0.305365,0.305365,0,***,***,***,***,1,0,0,1,100,0,0.967874,***
"Output_disabled_leakage","","IVDDDIS_VDD_3_VIN_3",40010,"Parametric","",10,166.5,"uA",2.77482,2.77482,2.77482,0,***,***,***,***,1,0,0,1,100,0,0.515229,***
"Output_disabled_leakage","","IVINDIS_VDD_3_VIN_3",40050,"Parametric","",10,166.5,"uA",0.133266,0.133266,0.133266,0,***,***,***,***,1,0,0,1,100,0,0.515229,***
"Output_disabled_leakage","","IOFF_VDD_3_VIN_3",40090,"Parametric","",-14,11,"uA",0.016575,0.016575,0.016575,0,***,***,***,***,1,1,100,0,0,0,0.515229,***
"Output_disabled_leakage","","IVDDDIS_VDD_3_VIN_50",40180,"Parametric","",10,175,"uA",2.57505,2.57505,2.57505,0,***,***,***,***,1,0,0,1,100,0,0.515229,***
"Output_disabled_leakage","","IVINDIS_VDD_3_VIN_50",40220,"Parametric","",10,175,"uA",0.047135,0.047135,0.047135,0,***,***,***,***,1,0,0,1,100,0,0.515229,***
"Output_disabled_leakage","","IOFF_VDD_3_VIN_50",40260,"Parametric","",-20,20,"uA",0.03167,0.03167,0.03167,0,***,***,***,***,1,1,100,0,0,0,0.515229,***
"Output_disabled_leakage","","IVINVDD0_VIN_3",40130,"Parametric","",10,166.5,"uA",0.0188688,0.0188688,0.0188688,0,***,***,***,***,1,0,0,1,100,0,0.515229,***
"Output_disabled_leakage","","IOFFVDD0_VIN_3",40150,"Parametric","",-14,11,"uA",0.0368495,0.0368495,0.0368495,0,***,***,***,***,1,1,100,0,0,0,0.515229,***
"Output_disabled_leakage","","IVDDDIS_VDD_50_VIN_3",40190,"Parametric","",10,175,"uA",1.18393,1.18393,1.18393,0,***,***,***,***,1,0,0,1,100,0,0.515229,***
"Output_disabled_leakage","","IVINDIS_VDD_50_VIN_3",40230,"Parametric","",10,175,"uA",-0.042695,-0.042695,-0.042695,0,***,***,***,***,1,0,0,1,100,0,0.515229,***
"Output_disabled_leakage","","IOFF_VDD_50_VIN_3",40270,"Parametric","",-20,20,"uA",0.015465,0.015465,0.015465,0,***,***,***,***,1,1,100,0,0,0,0.515229,***
"Output_disabled_leakage","","IVDDDIS_VDD_50_VIN_50",40200,"Parametric","",10,185,"uA",2.00528,2.00528,2.00528,0,***,***,***,***,1,0,0,1,100,0,0.515229,***
"Output_disabled_leakage","","IVINDIS_VDD_50_VIN_50",40240,"Parametric","",10,175,"uA",0.064894,0.064894,0.064894,0,***,***,***,***,1,0,0,1,100,0,0.515229,***
"Output_disabled_leakage","","IOFF_VDD_50_VIN_50",40280,"Parametric","",-20,20,"uA",0.031818,0.031818,0.031818,0,***,***,***,***,1,1,100,0,0,0,0.515229,***
"Output_disabled_leakage","","IVINVDD0_VIN_50",40300,"Parametric","",10,200,"uA",0.204154,0.204154,0.204154,0,***,***,***,***,1,0,0,1,100,0,0.515229,***
"Output_disabled_leakage","","IOFFVDD0_VIN_50",40320,"Parametric","",-20,20,"uA",0.0124312,0.0124312,0.0124312,0,***,***,***,***,1,1,100,0,0,0,0.515229,***
"Leakage_Test","","IOFF_REVERSE_VOUT_VIN_LEAKAGE_1mA",60030,"Parametric","",-331,-190,"mV",-9999.74,-9999.74,-9999.74,0,***,***,***,***,1,0,0,1,100,0,0.249508,***
"Leakage_Test","","IOFF_REVERSE_VOUT_VIN_LEAKAGE_10mA",60040,"Parametric","",-340,-190,"mV",-9999.73,-9999.73,-9999.73,0,***,***,***,***,1,0,0,1,100,0,0.249508,***
"Leakage_Test","","IOFF_REVERSE_VOUT_VIN_LEAKAGE_100uA",60050,"Parametric","",-331,-190,"mV",-9999.3,-9999.3,-9999.3,0,***,***,***,***,1,0,0,1,100,0,0.249508,***
"Nominal_Input_pin_Leakages","","LEAKAGE",70010,"Parametric","",-10,10,"uA",-0.001,-0.001,-0.001,0,***,***,***,***,1,1,100,0,0,0,2.31776,***
"Nominal_Input_pin_Leakages","","LEAKAGE",70060,"Parametric","",-0.2,0.2,"uA",0.001,0.001,0.001,0,***,***,***,***,1,1,100,0,0,0,2.31776,***
"Nominal_Input_pin_Leakages","","LEAKAGE",70020,"Parametric","",-0.5,0.5,"uA",0.001,0.001,0.001,0,***,***,***,***,1,1,100,0,0,0,2.31776,***
"Nominal_Input_pin_Leakages","","LEAKAGE",70040,"Parametric","",-10,10,"uA",-0.004,-0.004,-0.004,0,***,***,***,***,1,1,100,0,0,0,2.31776,***
"Nominal_Input_pin_Leakages","","LEAKAGE",70030,"Parametric","",-10,10,"uA",-0.002,-0.002,-0.002,0,***,***,***,***,1,1,100,0,0,0,2.31776,***
"Nominal_Input_pin_Leakages","","LEAKAGE",70080,"Parametric","",-0.2,0.5,"uA",-0.001,-0.001,-0.001,0,***,***,***,***,1,1,100,0,0,0,2.31776,***
"Nominal_Input_pin_Leakages","","LEAKAGE",70050,"Parametric","",-10,10,"uA",-0.002,-0.002,-0.002,0,***,***,***,***,1,1,100,0,0,0,2.31776,***
"Nominal_Input_pin_Leakages","","LEAKAGE",70070,"Parametric","",-10,10,"uA",-0.004,-0.004,-0.004,0,***,***,***,***,1,1,100,0,0,0,2.31776,***
"Nominal_Input_pin_Leakages","","LEAKAGE_2V",70090,"Parametric","",-0.5,0.5,"uA",-0.157,-0.157,-0.157,0,***,***,***,***,1,1,100,0,0,0,2.31776,***
"Output_enabled_leakage","","IVDD_VDD_3V_VIN_3V",80001,"Parametric","",10,200,"uA",-0.69075,-0.69075,-0.69075,0,***,***,***,***,1,0,0,1,100,0,0.787174,***
"Output_enabled_leakage","","IVIN_VDD_3V_VIN_3V",80005,"Parametric","",10,200,"uA",-0.0369237,-0.0369237,-0.0369237,0,***,***,***,***,1,0,0,1,100,0,0.787174,***
"Output_enabled_leakage","","IVDD_VDD_3V_VIN_50V",80017,"Parametric","",10,200,"uA",-2.02667,-2.02667,-2.02667,0,***,***,***,***,1,0,0,1,100,0,0.787174,***
"Output_enabled_leakage","","IVIN_VDD_3V_VIN_50V",80020,"Parametric","",10,200,"uA",0.0409937,0.0409937,0.0409937,0,***,***,***,***,1,0,0,1,100,0,0.787174,***
"Output_enabled_leakage","","IVDD_VDD_50V_VIN_3V",80018,"Parametric","",10,200,"uA",0.443972,0.443972,0.443972,0,***,***,***,***,1,0,0,1,100,0,0.787174,***
"Output_enabled_leakage","","IVIN_VDD_50V_VIN_3V",80021,"Parametric","",10,200,"uA",0.0952323,0.0952323,0.0952323,0,***,***,***,***,1,0,0,1,100,0,0.787174,***
"Output_enabled_leakage","","IVDD_VDD_50V_VIN_50V",80019,"Parametric","",10,200,"uA",-1.15551,-1.15551,-1.15551,0,***,***,***,***,1,0,0,1,100,0,0.787174,***
"Output_enabled_leakage","","IVIN_VDD_50V_VIN_50V",80022,"Parametric","",10,200,"uA",0.12927,0.12927,0.12927,0,***,***,***,***,1,0,0,1,100,0,0.787174,***
"ABS_MAX","","ABS_MAX_EN0_PS1600",660010,"Parametric","",0,3,"mA",8e-06,8e-06,8e-06,0,***,***,***,***,1,1,100,0,0,0,0.140874,***
"ABS_MAX","","ABS_MAX_FAULTB_PS1600",660020,"Parametric","",0,3,"mA",8e-06,8e-06,8e-06,0,***,***,***,***,1,1,100,0,0,0,0.140874,***
"ABS_MAX","","ABS_MAX_FCB_PS1600",660030,"Parametric","",0,3,"mA",9e-06,9e-06,9e-06,0,***,***,***,***,1,1,100,0,0,0,0.140874,***
"ABS_MAX","","ABS_MAX_ISEN_PS1600",660040,"Parametric","",0,3,"mA",-0.010686,-0.010686,-0.010686,0,***,***,***,***,1,0,0,1,100,0,0.140874,***
"ABS_MAX","","ABS_MAX_ITRIP_PS1600",660050,"Parametric","",0,3,"mA",-0.007531,-0.007531,-0.007531,0,***,***,***,***,1,0,0,1,100,0,0.140874,***
"ABS_MAX","","ABS_MAX_OFF_PS1600",660060,"Parametric","",0,3,"mA",2e-06,2e-06,2e-06,0,***,***,***,***,1,1,100,0,0,0,0.140874,***
"ABS_MAX","","ABS_MAX_SS_PS1600",660070,"Parametric","",0,3,"mA",-6e-05,-6e-05,-6e-05,0,***,***,***,***,1,0,0,1,100,0,0.140874,***
"ABS_MAX","","ABS_MAX_VBIAS_PS1600",660080,"Parametric","",0,3,"mA",-0.010603,-0.010603,-0.010603,0,***,***,***,***,1,0,0,1,100,0,0.140874,***
"ABS_MAX","","ABS_MAX_VIN",660090,"Parametric","",0,100,"mA",0.00047357,0.00047357,0.00047357,0,***,***,***,***,1,1,100,0,0,0,0.140874,***
"ABS_MAX","","ABS_MAX_VOUT",660100,"Parametric","",0,100,"mA",0.00165749,0.00165749,0.00165749,0,***,***,***,***,1,1,100,0,0,0,0.140874,***
"ABS_MAX","","ABS_MAX_VDD",660110,"Parametric","",0,100,"mA",0.00794709,0.00794709,0.00794709,0,***,***,***,***,1,1,100,0,0,0,0.140874,***
"OVST","","OVST_PRE_DRV_TM_2_OFF",1300010,"Parametric","",0.7,1.2,"V",-0.91403,-0.91403,-0.91403,0,***,***,***,***,1,0,0,1,100,0,0.415752,***
"OVST","","OVST_DRV_TM_3",1300020,"Parametric","",1.4,1.8,"V",-0.925755,-0.925755,-0.925755,0,***,***,***,***,1,0,0,1,100,0,0.415752,***
"OVST","","OVST_POST_DRV_TM_2_OFF",1300030,"Parametric","",0.7,1,"V",-0.928601,-0.928601,-0.928601,0,***,***,***,***,1,0,0,1,100,0,0.415752,***
"OVST","","Delta",1300040,"Parametric","",0,0.2,"V",0.014571,0.014571,0.014571,0,***,***,***,***,1,1,100,0,0,0,0.415752,***
"OVST","","OVST_PRE_DRV_TM_2_CAL",1300050,"Parametric","",1.65,1.95,"V",-0.42496,-0.42496,-0.42496,0,***,***,***,***,1,0,0,1,100,0,0.415752,***
"OVST","","OVST_CAL",1300060,"Parametric","",2.65,3.05,"V",-0.259391,-0.259391,-0.259391,0,***,***,***,***,1,0,0,1,100,0,0.415752,***
"OVST","","OVST_POST_DRV_TM_2_CAL",1300070,"Parametric","",1.2,1.5,"V",-0.0593077,-0.0593077,-0.0593077,0,***,***,***,***,1,0,0,1,100,0,0.415752,***
"OVST","","OVST_POST_SECOND_DRV_TM_2_OFF",1300080,"Parametric","",0.7,1.2,"V",-0.936512,-0.936512,-0.936512,0,***,***,***,***,1,0,0,1,100,0,0.415752,***
"OVST","","OVST_POST_DRV_TM_4_OFF",1300090,"Parametric","",0.7,1.2,"V",-0.974133,-0.974133,-0.974133,0,***,***,***,***,1,0,0,1,100,0,0.415752,***
"Post_Output_disabled_leakage","","IVDDDIS_VDD_3_VIN_3",730010,"Parametric","",10,166.5,"uA",4.74311,4.74311,4.74311,0,***,***,***,***,1,0,0,1,100,0,0.341088,***
"Post_Output_disabled_leakage","","IVINDIS_VDD_3_VIN_3",730050,"Parametric","",10,166.5,"uA",0.075475,0.075475,0.075475,0,***,***,***,***,1,0,0,1,100,0,0.341088,***
"Post_Output_disabled_leakage","","IOFF_VDD_3_VIN_3",730090,"Parametric","",-14,11,"uA",0.024049,0.024049,0.024049,0,***,***,***,***,1,1,100,0,0,0,0.341088,***
"Post_Output_disabled_leakage","","DELTA_IVDDDIS_VDD_3_VIN_3",730280,"Parametric","",-20,20,"uA",1.96829,1.96829,1.96829,0,***,***,***,***,1,1,100,0,0,0,0.341088,***
"Post_Output_disabled_leakage","","DELTA_IVINDIS_VDD_3_VIN_3",730320,"Parametric","",-20,20,"uA",-0.057791,-0.057791,-0.057791,0,***,***,***,***,1,1,100,0,0,0,0.341088,***
"Post_Output_disabled_leakage","","DELTA_IOFF_VDD_3_VIN_3",730360,"Parametric","",-20,20,"uA",0.007474,0.007474,0.007474,0,***,***,***,***,1,1,100,0,0,0,0.341088,***
"Post_Output_disabled_leakage","","IVDDDIS_VDD_3_VIN_50",730170,"Parametric","",-10,450,"uA",2.56024,2.56024,2.56024,0,***,***,***,***,1,1,100,0,0,0,0.341088,***
"Post_Output_disabled_leakage","","IVINDIS_VDD_3_VIN_50",730200,"Parametric","",-10,450,"uA",0.112177,0.112177,0.112177,0,***,***,***,***,1,1,100,0,0,0,0.341088,***
"Post_Output_disabled_leakage","","IOFF_VDD_3_VIN_50",730230,"Parametric","",-10,450,"uA",0.022199,0.022199,0.022199,0,***,***,***,***,1,1,100,0,0,0,0.341088,***
"Post_Output_disabled_leakage","","DELTA_IVDDDIS_VDD_3_VIN_50",730440,"Parametric","",-20,20,"uA",-0.014814,-0.014814,-0.014814,0,***,***,***,***,1,1,100,0,0,0,0.341088,***
"Post_Output_disabled_leakage","","DELTA_IVINDIS_VDD_3_VIN_50",730470,"Parametric","",-20,20,"uA",0.065042,0.065042,0.065042,0,***,***,***,***,1,1,100,0,0,0,0.341088,***
"Post_Output_disabled_leakage","","DELTA_IOFF_VDD_3_VIN_50",730500,"Parametric","",-20,20,"uA",-0.009471,-0.009471,-0.009471,0,***,***,***,***,1,1,100,0,0,0,0.341088,***
"Post_Output_disabled_leakage","","IVINVDD0_VIN_3",730130,"Parametric","",10,166.5,"uA",0.106257,0.106257,0.106257,0,***,***,***,***,1,0,0,1,100,0,0.341088,***
"Post_Output_disabled_leakage","","IOFFVDD0_VIN_3",730150,"Parametric","",-14,11,"uA",0.0352957,0.0352957,0.0352957,0,***,***,***,***,1,1,100,0,0,0,0.341088,***
"Post_Output_disabled_leakage","","DELTA_IVINVDD0_VIN_3",730400,"Parametric","",-20,20,"uA",0.0873883,0.0873883,0.0873883,0,***,***,***,***,1,1,100,0,0,0,0.341088,***
"Post_Output_disabled_leakage","","DELTA_IOFFVDD0_VIN_3",730420,"Parametric","",-20,20,"uA",-0.00155387,-0.00155387,-0.00155387,0,***,***,***,***,1,1,100,0,0,0,0.341088,***
"Post_Output_disabled_leakage","","IVDDDIS_VDD_50_VIN_3",730180,"Parametric","",-10,450,"uA",3.32238,3.32238,3.32238,0,***,***,***,***,1,1,100,0,0,0,0.341088,***
"Post_Output_disabled_leakage","","IVINDIS_VDD_50_VIN_3",730210,"Parametric","",-10,450,"uA",0.087314,0.087314,0.087314,0,***,***,***,***,1,1,100,0,0,0,0.341088,***
"Post_Output_disabled_leakage","","IOFF_VDD_50_VIN_3",730240,"Parametric","",-10,450,"uA",0.028858,0.028858,0.028858,0,***,***,***,***,1,1,100,0,0,0,0.341088,***
"Post_Output_disabled_leakage","","DELTA_IVDDDIS_VDD_50_VIN_3",730450,"Parametric","",-20,20,"uA",2.13845,2.13845,2.13845,0,***,***,***,***,1,1,100,0,0,0,0.341088,***
"Post_Output_disabled_leakage","","DELTA_IVINDIS_VDD_50_VIN_3",730480,"Parametric","",-20,20,"uA",0.130009,0.130009,0.130009,0,***,***,***,***,1,1,100,0,0,0,0.341088,***
"Post_Output_disabled_leakage","","DELTA_IOFF_VDD_50_VIN_3",730510,"Parametric","",-20,20,"uA",0.013393,0.013393,0.013393,0,***,***,***,***,1,1,100,0,0,0,0.341088,***
"Post_Output_disabled_leakage","","IVDDDIS_VDD_50_VIN_50",730190,"Parametric","",-10,450,"uA",2.78224,2.78224,2.78224,0,***,***,***,***,1,1,100,0,0,0,0.341088,***
"Post_Output_disabled_leakage","","IVINDIS_VDD_50_VIN_50",730220,"Parametric","",-10,450,"uA",0.060159,0.060159,0.060159,0,***,***,***,***,1,1,100,0,0,0,0.341088,***
"Post_Output_disabled_leakage","","IOFF_VDD_50_VIN_50",730250,"Parametric","",-10,450,"uA",0.045655,0.045655,0.045655,0,***,***,***,***,1,1,100,0,0,0,0.341088,***
"Post_Output_disabled_leakage","","DELTA_IVDDDIS_VDD_50_VIN_50",730460,"Parametric","",-20,20,"uA",0.776956,0.776956,0.776956,0,***,***,***,***,1,1,100,0,0,0,0.341088,***
"Post_Output_disabled_leakage","","DELTA_IVINDIS_VDD_50_VIN_50",730490,"Parametric","",-20,20,"uA",-0.004735,-0.004735,-0.004735,0,***,***,***,***,1,1,100,0,0,0,0.341088,***
"Post_Output_disabled_leakage","","DELTA_IOFF_VDD_50_VIN_50",730520,"Parametric","",-20,20,"uA",0.013837,0.013837,0.013837,0,***,***,***,***,1,1,100,0,0,0,0.341088,***
"Post_Output_disabled_leakage","","IVINVDD0_VIN_50",730260,"Parametric","",-10,450,"uA",-0.154872,-0.154872,-0.154872,0,***,***,***,***,1,1,100,0,0,0,0.341088,***
"Post_Output_disabled_leakage","","IOFFVDD0_VIN_50",730270,"Parametric","",-10,450,"uA",0.0313003,0.0313003,0.0313003,0,***,***,***,***,1,1,100,0,0,0,0.341088,***
"Post_Output_disabled_leakage","","DELTA_IVINVDD0_VIN_50",730530,"Parametric","",-20,20,"uA",-0.359027,-0.359027,-0.359027,0,***,***,***,***,1,1,100,0,0,0,0.341088,***
"Post_Output_disabled_leakage","","DELTA_IOFFVDD0_VIN_50",730540,"Parametric","",-20,20,"uA",0.0188691,0.0188691,0.0188691,0,***,***,***,***,1,1,100,0,0,0,0.341088,***
"Post_Leakage_Test","","IOFF_REVERSE_VOUT_VIN_LEAKAGE_1mA",740030,"Parametric","",-331,-190,"mV",-9999.73,-9999.73,-9999.73,0,***,***,***,***,1,0,0,1,100,0,0.137092,***
"Post_Leakage_Test","","IOFF_REVERSE_VOUT_VIN_LEAKAGE_10mA",740040,"Parametric","",-340,-190,"mV",-10000.7,-10000.7,-10000.7,0,***,***,***,***,1,0,0,1,100,0,0.137092,***
"Post_Leakage_Test","","IOFF_REVERSE_VOUT_VIN_LEAKAGE_100uA",740050,"Parametric","",-331,-190,"mV",-10000.7,-10000.7,-10000.7,0,***,***,***,***,1,0,0,1,100,0,0.137092,***
"Post_Leakage_Test","","DELTA_IOFF_REVERSE_VOUT_VIN_LEAKAGE_1mA",740060,"Parametric","",-20,20,"mV",0.00762939,0.00762939,0.00762939,0,***,***,***,***,1,1,100,0,0,0,0.137092,***
"Post_Leakage_Test","","DELTA_IOFF_REVERSE_VOUT_VIN_LEAKAGE_10mA",740070,"Parametric","",-20,20,"mV",-1.00708,-1.00708,-1.00708,0,***,***,***,***,1,1,100,0,0,0,0.137092,***
"Post_Leakage_Test","","DELTA_IOFF_REVERSE_VOUT_VIN_LEAKAGE_100uA",740080,"Parametric","",-20,20,"mV",-1.44196,-1.44196,-1.44196,0,***,***,***,***,1,1,100,0,0,0,0.137092,***
"Post_Nominal_Input_pin_Leakages","","LEAKAGE",750010,"Parametric","",-10,10,"uA",-0.002,-0.002,-0.002,0,***,***,***,***,1,1,100,0,0,0,2.29782,***
"Post_Nominal_Input_pin_Leakages","","DELTA_LEAKAGE",750100,"Parametric","",-20,20,"uA",-0.001,-0.001,-0.001,0,***,***,***,***,1,1,100,0,0,0,2.29782,***
"Post_Nominal_Input_pin_Leakages","","LEAKAGE",750060,"Parametric","",-0.2,0.2,"uA",0.001,0.001,0.001,0,***,***,***,***,1,1,100,0,0,0,2.29782,***
"Post_Nominal_Input_pin_Leakages","","DELTA_LEAKAGE",750150,"Parametric","",-20,20,"uA",0,0,0,0,***,***,***,***,1,1,100,0,0,0,2.29782,***
"Post_Nominal_Input_pin_Leakages","","LEAKAGE",750020,"Parametric","",-0.5,0.5,"uA",0.001,0.001,0.001,0,***,***,***,***,1,1,100,0,0,0,2.29782,***
"Post_Nominal_Input_pin_Leakages","","DELTA_LEAKAGE",750110,"Parametric","",-20,20,"uA",0,0,0,0,***,***,***,***,1,1,100,0,0,0,2.29782,***
"Post_Nominal_Input_pin_Leakages","","LEAKAGE",750040,"Parametric","",-10,10,"uA",-0.004,-0.004,-0.004,0,***,***,***,***,1,1,100,0,0,0,2.29782,***
"Post_Nominal_Input_pin_Leakages","","DELTA_LEAKAGE",750130,"Parametric","",-20,20,"uA",0,0,0,0,***,***,***,***,1,1,100,0,0,0,2.29782,***
"Post_Nominal_Input_pin_Leakages","","LEAKAGE",750030,"Parametric","",-10,10,"uA",-0.003,-0.003,-0.003,0,***,***,***,***,1,1,100,0,0,0,2.29782,***
"Post_Nominal_Input_pin_Leakages","","DELTA_LEAKAGE",750120,"Parametric","",-20,20,"uA",-0.001,-0.001,-0.001,0,***,***,***,***,1,1,100,0,0,0,2.29782,***
"Post_Nominal_Input_pin_Leakages","","LEAKAGE",750080,"Parametric","",-0.2,0.5,"uA",-0.001,-0.001,-0.001,0,***,***,***,***,1,1,100,0,0,0,2.29782,***
"Post_Nominal_Input_pin_Leakages","","DELTA_LEAKAGE",750170,"Parametric","",-20,20,"uA",0,0,0,0,***,***,***,***,1,1,100,0,0,0,2.29782,***
"Post_Nominal_Input_pin_Leakages","","LEAKAGE",750050,"Parametric","",-10,10,"uA",-0.003,-0.003,-0.003,0,***,***,***,***,1,1,100,0,0,0,2.29782,***
"Post_Nominal_Input_pin_Leakages","","DELTA_LEAKAGE",750140,"Parametric","",-20,20,"uA",-0.001,-0.001,-0.001,0,***,***,***,***,1,1,100,0,0,0,2.29782,***
"Post_Nominal_Input_pin_Leakages","","LEAKAGE",750070,"Parametric","",-10,10,"uA",-0.004,-0.004,-0.004,0,***,***,***,***,1,1,100,0,0,0,2.29782,***
"Post_Nominal_Input_pin_Leakages","","DELTA_LEAKAGE",750160,"Parametric","",-20,20,"uA",0,0,0,0,***,***,***,***,1,1,100,0,0,0,2.29782,***
"Post_Nominal_Input_pin_Leakages","","LEAKAGE_2V",750090,"Parametric","",-0.5,0.5,"uA",-0.131,-0.131,-0.131,0,***,***,***,***,1,1,100,0,0,0,2.29782,***
"Post_Nominal_Input_pin_Leakages","","DELTA_LEAKAGE_2V",750180,"Parametric","",-20,20,"uA",0.026,0.026,0.026,0,***,***,***,***,1,1,100,0,0,0,2.29782,***
"Post_Output_enabled_leakage","","IVDD_VDD_3V_VIN_3V",760010,"Parametric","",10,200,"uA",-0.0800628,-0.0800628,-0.0800628,0,***,***,***,***,1,0,0,1,100,0,0.3992,***
"Post_Output_enabled_leakage","","IVIN_VDD_3V_VIN_3V",760050,"Parametric","",10,200,"uA",0.0233827,0.0233827,0.0233827,0,***,***,***,***,1,0,0,1,100,0,0.3992,***
"Post_Output_enabled_leakage","","DELTA_IVDD_VDD_3V_VIN_3V",760210,"Parametric","",-20,20,"uA",0.610687,0.610687,0.610687,0,***,***,***,***,1,1,100,0,0,0,0.3992,***
"Post_Output_enabled_leakage","","DELTA_IVIN_VDD_3V_VIN_3V",760290,"Parametric","",-20,20,"uA",0.0603063,0.0603063,0.0603063,0,***,***,***,***,1,1,100,0,0,0,0.3992,***
"Post_Output_enabled_leakage","","IVDD_VDD_3V_VIN_50V",760150,"Parametric","",10,200,"uA",-0.120168,-0.120168,-0.120168,0,***,***,***,***,1,0,0,1,100,0,0.3992,***
"Post_Output_enabled_leakage","","IVIN_VDD_3V_VIN_50V",760180,"Parametric","",10,200,"uA",0.0658556,0.0658556,0.0658556,0,***,***,***,***,1,0,0,1,100,0,0.3992,***
"Post_Output_enabled_leakage","","DELTA_IVDD_VDD_3V_VIN_50V",760370,"Parametric","",-20,20,"uA",1.90651,1.90651,1.90651,0,***,***,***,***,1,1,100,0,0,0,0.3992,***
"Post_Output_enabled_leakage","","DELTA_IVIN_VDD_3V_VIN_50V",760390,"Parametric","",-20,20,"uA",0.0248619,0.0248619,0.0248619,0,***,***,***,***,1,1,100,0,0,0,0.3992,***
"Post_Output_enabled_leakage","","IVDD_VDD_50V_VIN_3V",760160,"Parametric","",10,200,"uA",0.86338,0.86338,0.86338,0,***,***,***,***,1,0,0,1,100,0,0.3992,***
"Post_Output_enabled_leakage","","IVIN_VDD_50V_VIN_3V",760190,"Parametric","",10,200,"uA",-0.018129,-0.018129,-0.018129,0,***,***,***,***,1,0,0,1,100,0,0.3992,***
"Post_Output_enabled_leakage","","DELTA_IVDD_VDD_50V_VIN_3V",760270,"Parametric","",-20,20,"uA",0.419408,0.419408,0.419408,0,***,***,***,***,1,1,100,0,0,0,0.3992,***
"Post_Output_enabled_leakage","","DELTA_IVIN_VDD_50V_VIN_3V",760350,"Parametric","",-20,20,"uA",-0.113361,-0.113361,-0.113361,0,***,***,***,***,1,1,100,0,0,0,0.3992,***
"Post_Output_enabled_leakage","","IVDD_VDD_50V_VIN_50V",760170,"Parametric","",10,200,"uA",0.526998,0.526998,0.526998,0,***,***,***,***,1,0,0,1,100,0,0.3992,***
"Post_Output_enabled_leakage","","IVIN_VDD_50V_VIN_50V",760200,"Parametric","",10,200,"uA",0.0387736,0.0387736,0.0387736,0,***,***,***,***,1,0,0,1,100,0,0.3992,***
"Post_Output_enabled_leakage","","DELTA_IVDD_VDD_50V_VIN_50V",760380,"Parametric","",-20,20,"uA",1.68251,1.68251,1.68251,0,***,***,***,***,1,1,100,0,0,0,0.3992,***
"Post_Output_enabled_leakage","","DELTA_IVIN_VDD_50V_VIN_50V",760400,"Parametric","",-20,20,"uA",-0.0904965,-0.0904965,-0.0904965,0,***,***,***,***,1,1,100,0,0,0,0.3992,***
"SCAN","","Scan_test",330010,"Functional","_rdi_burst_SCAN_bk4_mp",***,***," ",***,***,***,***,***,***,***,***,1,0,0,1,100,0,0.256848,***
"Logic","","Logic_test",340010,"Functional","_rdi_burst_Logic_bk6_mp",***,***," ",***,***,***,***,***,***,***,***,1,0,0,1,100,0,0.440223,***
"Vreftrim","","VBIAS_VALUE_CODE0",180020,"Parametric","",1.5,2.5,"V",1.02532,1.02532,1.02532,0,***,***,***,***,1,0,0,1,100,0,9.4276,***
"Vreftrim","","VBIAS_VALUE_CODE1",180030,"Parametric","",1.5,2.5,"V",0.260595,0.260595,0.260595,0,***,***,***,***,1,0,0,1,100,0,9.4276,***
"Vreftrim","","VBIAS_VALUE_CODE2",180040,"Parametric","",1.5,2.5,"V",-0.427403,-0.427403,-0.427403,0,***,***,***,***,1,0,0,1,100,0,9.4276,***
"Vreftrim","","VBIAS_VALUE_CODE3",180050,"Parametric","",1.5,2.5,"V",-1.0685,-1.0685,-1.0685,0,***,***,***,***,1,0,0,1,100,0,9.4276,***
"Vreftrim","","VBIAS_VALUE_CODE4",180060,"Parametric","",1.5,2.5,"V",-1.60942,-1.60942,-1.60942,0,***,***,***,***,1,0,0,1,100,0,9.4276,***
"Vreftrim","","VBIAS_VALUE_CODE5",180070,"Parametric","",1.5,2.5,"V",-2.05405,-2.05405,-2.05405,0,***,***,***,***,1,0,0,1,100,0,9.4276,***
"Vreftrim","","VBIAS_VALUE_CODE6",180080,"Parametric","",1.5,2.5,"V",-2.43663,-2.43663,-2.43663,0,***,***,***,***,1,0,0,1,100,0,9.4276,***
"Vreftrim","","VBIAS_VALUE_CODE7",180090,"Parametric","",1.5,2.5,"V",-2.74671,-2.74671,-2.74671,0,***,***,***,***,1,0,0,1,100,0,9.4276,***
"Vreftrim","","VBIAS_VALUE_CODE8",180100,"Parametric","",1.5,2.5,"V",-3.01694,-3.01694,-3.01694,0,***,***,***,***,1,0,0,1,100,0,9.4276,***
"Vreftrim","","VBIAS_VALUE_CODE9",180110,"Parametric","",1.5,2.5,"V",-3.24335,-3.24335,-3.24335,0,***,***,***,***,1,0,0,1,100,0,9.4276,***
"Vreftrim","","VBIAS_VALUE_CODE10",180120,"Parametric","",1.5,2.5,"V",-3.41865,-3.41865,-3.41865,0,***,***,***,***,1,0,0,1,100,0,9.4276,***
"Vreftrim","","VBIAS_VALUE_CODE11",180130,"Parametric","",1.5,2.5,"V",-3.53402,-3.53402,-3.53402,0,***,***,***,***,1,0,0,1,100,0,9.4276,***
"Vreftrim","","VBIAS_VALUE_CODE12",180140,"Parametric","",1.5,2.5,"V",-3.54705,-3.54705,-3.54705,0,***,***,***,***,1,0,0,1,100,0,9.4276,***
"Vreftrim","","VBIAS_VALUE_CODE13",180150,"Parametric","",1.5,2.5,"V",-3.55018,-3.55018,-3.55018,0,***,***,***,***,1,0,0,1,100,0,9.4276,***
"Vreftrim","","VBIAS_VALUE_CODE14",180160,"Parametric","",1.5,2.5,"V",-3.54853,-3.54853,-3.54853,0,***,***,***,***,1,0,0,1,100,0,9.4276,***
"Vreftrim","","VBIAS_VALUE_CODE15",180170,"Parametric","",1.5,2.5,"V",-3.54773,-3.54773,-3.54773,0,***,***,***,***,1,0,0,1,100,0,9.4276,***
"Vreftrim","","VBIAS_VALUE_CODE16",180180,"Parametric","",1.5,2.5,"V",-3.54261,-3.54261,-3.54261,0,***,***,***,***,1,0,0,1,100,0,9.4276,***
"Vreftrim","","VBIAS_VALUE_CODE17",180190,"Parametric","",1.5,2.5,"V",-3.54529,-3.54529,-3.54529,0,***,***,***,***,1,0,0,1,100,0,9.4276,***
"Vreftrim","","VBIAS_VALUE_CODE18",180200,"Parametric","",1.5,2.5,"V",-3.54614,-3.54614,-3.54614,0,***,***,***,***,1,0,0,1,100,0,9.4276,***
"Vreftrim","","VBIAS_VALUE_CODE19",180210,"Parametric","",1.5,2.5,"V",-3.55422,-3.55422,-3.55422,0,***,***,***,***,1,0,0,1,100,0,9.4276,***
"Vreftrim","","VBIAS_VALUE_CODE20",180220,"Parametric","",1.5,2.5,"V",-3.54882,-3.54882,-3.54882,0,***,***,***,***,1,0,0,1,100,0,9.4276,***
"Vreftrim","","VBIAS_VALUE_CODE21",180230,"Parametric","",1.5,2.5,"V",-3.55781,-3.55781,-3.55781,0,***,***,***,***,1,0,0,1,100,0,9.4276,***
"Vreftrim","","VBIAS_VALUE_CODE22",180240,"Parametric","",1.5,2.5,"V",-3.56037,-3.56037,-3.56037,0,***,***,***,***,1,0,0,1,100,0,9.4276,***
"Vreftrim","","VBIAS_VALUE_CODE23",180250,"Parametric","",1.5,2.5,"V",-3.55644,-3.55644,-3.55644,0,***,***,***,***,1,0,0,1,100,0,9.4276,***
"Vreftrim","","VBIAS_VALUE_CODE24",180260,"Parametric","",1.5,2.5,"V",-3.55377,-3.55377,-3.55377,0,***,***,***,***,1,0,0,1,100,0,9.4276,***
"Vreftrim","","VBIAS_VALUE_CODE25",180270,"Parametric","",1.5,2.5,"V",-3.55388,-3.55388,-3.55388,0,***,***,***,***,1,0,0,1,100,0,9.4276,***
"Vreftrim","","VBIAS_VALUE_CODE26",180280,"Parametric","",1.5,2.5,"V",-3.56031,-3.56031,-3.56031,0,***,***,***,***,1,0,0,1,100,0,9.4276,***
"Vreftrim","","VBIAS_VALUE_CODE27",180290,"Parametric","",1.5,2.5,"V",-3.55917,-3.55917,-3.55917,0,***,***,***,***,1,0,0,1,100,0,9.4276,***
"Vreftrim","","VBIAS_VALUE_CODE28",180300,"Parametric","",1.5,2.5,"V",-3.55103,-3.55103,-3.55103,0,***,***,***,***,1,0,0,1,100,0,9.4276,***
"Vreftrim","","VBIAS_VALUE_CODE29",180310,"Parametric","",1.5,2.5,"V",-3.55103,-3.55103,-3.55103,0,***,***,***,***,1,0,0,1,100,0,9.4276,***
"Vreftrim","","VBIAS_VALUE_CODE30",180320,"Parametric","",1.5,2.5,"V",-3.55604,-3.55604,-3.55604,0,***,***,***,***,1,0,0,1,100,0,9.4276,***
"Vreftrim","","VBIAS_VALUE_CODE31",180330,"Parametric","",1.5,2.5,"V",-3.55138,-3.55138,-3.55138,0,***,***,***,***,1,0,0,1,100,0,9.4276,***
"Vreftrim","","VREF_TRIM_CODE",180010,"Parametric","",0,31,"Code",0,0,0,0,***,***,***,***,1,1,100,0,0,0,9.4276,***
"Vreftrim","","VBIAS_BEST_FIT_VALUE",180340,"Parametric","",1.77,1.83,"V",1.02532,1.02532,1.02532,0,***,***,***,***,1,0,0,1,100,0,9.4276,***
"SS_Current_Trim","","SS_CURRENT_CODE0",220040,"Parametric","",-16,-6,"uA",-0.022,-0.022,-0.022,0,***,***,***,***,1,0,0,1,100,0,8.98884,***
"SS_Current_Trim","","SS_CURRENT_CODE1",220050,"Parametric","",-16,-6,"uA",-0.022,-0.022,-0.022,0,***,***,***,***,1,0,0,1,100,0,8.98884,***
"SS_Current_Trim","","SS_CURRENT_CODE2",220060,"Parametric","",-16,-6,"uA",-0.022,-0.022,-0.022,0,***,***,***,***,1,0,0,1,100,0,8.98884,***
"SS_Current_Trim","","SS_CURRENT_CODE3",220070,"Parametric","",-16,-6,"uA",-0.022,-0.022,-0.022,0,***,***,***,***,1,0,0,1,100,0,8.98884,***
"SS_Current_Trim","","SS_CURRENT_CODE4",220080,"Parametric","",-16,-6,"uA",-0.022,-0.022,-0.022,0,***,***,***,***,1,0,0,1,100,0,8.98884,***
"SS_Current_Trim","","SS_CURRENT_CODE5",220090,"Parametric","",-16,-6,"uA",-0.02,-0.02,-0.02,0,***,***,***,***,1,0,0,1,100,0,8.98884,***
"SS_Current_Trim","","SS_CURRENT_CODE6",220100,"Parametric","",-16,-6,"uA",-0.022,-0.022,-0.022,0,***,***,***,***,1,0,0,1,100,0,8.98884,***
"SS_Current_Trim","","SS_CURRENT_CODE7",220110,"Parametric","",-16,-6,"uA",-0.022,-0.022,-0.022,0,***,***,***,***,1,0,0,1,100,0,8.98884,***
"SS_Current_Trim","","SS_CURRENT_CODE8",220120,"Parametric","",-16,-6,"uA",-0.02,-0.02,-0.02,0,***,***,***,***,1,0,0,1,100,0,8.98884,***
"SS_Current_Trim","","SS_CURRENT_CODE9",220130,"Parametric","",-16,-6,"uA",-0.02,-0.02,-0.02,0,***,***,***,***,1,0,0,1,100,0,8.98884,***
"SS_Current_Trim","","SS_CURRENT_CODE10",220140,"Parametric","",-16,-6,"uA",-0.02,-0.02,-0.02,0,***,***,***,***,1,0,0,1,100,0,8.98884,***
"SS_Current_Trim","","SS_CURRENT_CODE11",220150,"Parametric","",-16,-6,"uA",-0.022,-0.022,-0.022,0,***,***,***,***,1,0,0,1,100,0,8.98884,***
"SS_Current_Trim","","SS_CURRENT_CODE12",220160,"Parametric","",-16,-6,"uA",-0.017,-0.017,-0.017,0,***,***,***,***,1,0,0,1,100,0,8.98884,***
"SS_Current_Trim","","SS_CURRENT_CODE13",220170,"Parametric","",-16,-6,"uA",-0.017,-0.017,-0.017,0,***,***,***,***,1,0,0,1,100,0,8.98884,***
"SS_Current_Trim","","SS_CURRENT_CODE14",220180,"Parametric","",-16,-6,"uA",-0.02,-0.02,-0.02,0,***,***,***,***,1,0,0,1,100,0,8.98884,***
"SS_Current_Trim","","SS_CURRENT_CODE15",220190,"Parametric","",-16,-6,"uA",-0.022,-0.022,-0.022,0,***,***,***,***,1,0,0,1,100,0,8.98884,***
"SS_Current_Trim","","SS_CURRENT_CODE16",220200,"Parametric","",-16,-6,"uA",-0.02,-0.02,-0.02,0,***,***,***,***,1,0,0,1,100,0,8.98884,***
"SS_Current_Trim","","SS_CURRENT_CODE17",220210,"Parametric","",-16,-6,"uA",-0.02,-0.02,-0.02,0,***,***,***,***,1,0,0,1,100,0,8.98884,***
"SS_Current_Trim","","SS_CURRENT_CODE18",220220,"Parametric","",-16,-6,"uA",-0.022,-0.022,-0.022,0,***,***,***,***,1,0,0,1,100,0,8.98884,***
"SS_Current_Trim","","SS_CURRENT_CODE19",220230,"Parametric","",-16,-6,"uA",-0.02,-0.02,-0.02,0,***,***,***,***,1,0,0,1,100,0,8.98884,***
"SS_Current_Trim","","SS_CURRENT_CODE20",220240,"Parametric","",-16,-6,"uA",-0.022,-0.022,-0.022,0,***,***,***,***,1,0,0,1,100,0,8.98884,***
"SS_Current_Trim","","SS_CURRENT_CODE21",220250,"Parametric","",-16,-6,"uA",-0.022,-0.022,-0.022,0,***,***,***,***,1,0,0,1,100,0,8.98884,***
"SS_Current_Trim","","SS_CURRENT_CODE22",220260,"Parametric","",-16,-6,"uA",-0.02,-0.02,-0.02,0,***,***,***,***,1,0,0,1,100,0,8.98884,***
"SS_Current_Trim","","SS_CURRENT_CODE23",220270,"Parametric","",-16,-6,"uA",-0.017,-0.017,-0.017,0,***,***,***,***,1,0,0,1,100,0,8.98884,***
"SS_Current_Trim","","SS_CURRENT_CODE24",220280,"Parametric","",-16,-6,"uA",-0.022,-0.022,-0.022,0,***,***,***,***,1,0,0,1,100,0,8.98884,***
"SS_Current_Trim","","SS_CURRENT_CODE25",220290,"Parametric","",-16,-6,"uA",-0.02,-0.02,-0.02,0,***,***,***,***,1,0,0,1,100,0,8.98884,***
"SS_Current_Trim","","SS_CURRENT_CODE26",220300,"Parametric","",-16,-6,"uA",-0.022,-0.022,-0.022,0,***,***,***,***,1,0,0,1,100,0,8.98884,***
"SS_Current_Trim","","SS_CURRENT_CODE27",220310,"Parametric","",-16,-6,"uA",-0.022,-0.022,-0.022,0,***,***,***,***,1,0,0,1,100,0,8.98884,***
"SS_Current_Trim","","SS_CURRENT_CODE28",220320,"Parametric","",-16,-6,"uA",-0.022,-0.022,-0.022,0,***,***,***,***,1,0,0,1,100,0,8.98884,***
"SS_Current_Trim","","SS_CURRENT_CODE29",220330,"Parametric","",-16,-6,"uA",-0.025,-0.025,-0.025,0,***,***,***,***,1,0,0,1,100,0,8.98884,***
"SS_Current_Trim","","SS_CURRENT_CODE30",220340,"Parametric","",-16,-6,"uA",-0.02,-0.02,-0.02,0,***,***,***,***,1,0,0,1,100,0,8.98884,***
"SS_Current_Trim","","SS_CURRENT_CODE31",220350,"Parametric","",-16,-6,"uA",-0.022,-0.022,-0.022,0,***,***,***,***,1,0,0,1,100,0,8.98884,***
"SS_Current_Trim","","SS_CURRENT_TRIM_CODE",220030,"Parametric","",0,31,"Code",29,29,29,0,***,***,***,***,1,1,100,0,0,0,8.98884,***
"SS_Current_Trim","","SS_CURRENT_BEST_FIT_VALUE",220360,"Parametric","",-10.4,-9.6,"uA",-0.025,-0.025,-0.025,0,***,***,***,***,1,0,0,1,100,0,8.98884,***
"SS_Gain","","CURRENT_SS_0P1V_CODE0",230020,"Parametric","",150,1800,"mA",72.3378,72.3378,72.3378,0,***,***,***,***,1,0,0,1,100,0,20.3635,***
"SS_Gain","","CURRENT_SS_0P2V_CODE0",230180,"Parametric","",300,3200,"mA",72.4351,72.4351,72.4351,0,***,***,***,***,1,0,0,1,100,0,20.3635,***
"SS_Gain","","CURRENT_SS_0P1V_CODE1",230030,"Parametric","",150,1800,"mA",72.1292,72.1292,72.1292,0,***,***,***,***,1,0,0,1,100,0,20.3635,***
"SS_Gain","","CURRENT_SS_0P2V_CODE1",230190,"Parametric","",300,3200,"mA",72.2254,72.2254,72.2254,0,***,***,***,***,1,0,0,1,100,0,20.3635,***
"SS_Gain","","CURRENT_SS_0P1V_CODE2",230040,"Parametric","",150,1800,"mA",72.5609,72.5609,72.5609,0,***,***,***,***,1,0,0,1,100,0,20.3635,***
"SS_Gain","","CURRENT_SS_0P2V_CODE2",230200,"Parametric","",300,3200,"mA",72.3629,72.3629,72.3629,0,***,***,***,***,1,0,0,1,100,0,20.3635,***
"SS_Gain","","CURRENT_SS_0P1V_CODE3",230050,"Parametric","",150,1800,"mA",72.166,72.166,72.166,0,***,***,***,***,1,0,0,1,100,0,20.3635,***
"SS_Gain","","CURRENT_SS_0P2V_CODE3",230210,"Parametric","",300,3200,"mA",72.3231,72.3231,72.3231,0,***,***,***,***,1,0,0,1,100,0,20.3635,***
"SS_Gain","","CURRENT_SS_0P1V_CODE4",230060,"Parametric","",150,1800,"mA",72.4586,72.4586,72.4586,0,***,***,***,***,1,0,0,1,100,0,20.3635,***
"SS_Gain","","CURRENT_SS_0P2V_CODE4",230220,"Parametric","",300,3200,"mA",72.6688,72.6688,72.6688,0,***,***,***,***,1,0,0,1,100,0,20.3635,***
"SS_Gain","","CURRENT_SS_0P1V_CODE5",230070,"Parametric","",150,1800,"mA",72.4393,72.4393,72.4393,0,***,***,***,***,1,0,0,1,100,0,20.3635,***
"SS_Gain","","CURRENT_SS_0P2V_CODE5",230230,"Parametric","",300,3200,"mA",72.4607,72.4607,72.4607,0,***,***,***,***,1,0,0,1,100,0,20.3635,***
"SS_Gain","","CURRENT_SS_0P1V_CODE6",230080,"Parametric","",150,1800,"mA",72.6421,72.6421,72.6421,0,***,***,***,***,1,0,0,1,100,0,20.3635,***
"SS_Gain","","CURRENT_SS_0P2V_CODE6",230240,"Parametric","",300,3200,"mA",72.2879,72.2879,72.2879,0,***,***,***,***,1,0,0,1,100,0,20.3635,***
"SS_Gain","","CURRENT_SS_0P1V_CODE7",230090,"Parametric","",150,1800,"mA",72.1751,72.1751,72.1751,0,***,***,***,***,1,0,0,1,100,0,20.3635,***
"SS_Gain","","CURRENT_SS_0P2V_CODE7",230250,"Parametric","",300,3200,"mA",72.5517,72.5517,72.5517,0,***,***,***,***,1,0,0,1,100,0,20.3635,***
"SS_Gain","","CURRENT_SS_0P1V_CODE8",230100,"Parametric","",150,1800,"mA",72.8005,72.8005,72.8005,0,***,***,***,***,1,0,0,1,100,0,20.3635,***
"SS_Gain","","CURRENT_SS_0P2V_CODE8",230260,"Parametric","",300,3200,"mA",72.0944,72.0944,72.0944,0,***,***,***,***,1,0,0,1,100,0,20.3635,***
"SS_Gain","","CURRENT_SS_0P1V_CODE9",230110,"Parametric","",150,1800,"mA",72.4843,72.4843,72.4843,0,***,***,***,***,1,0,0,1,100,0,20.3635,***
"SS_Gain","","CURRENT_SS_0P2V_CODE9",230270,"Parametric","",300,3200,"mA",72.4087,72.4087,72.4087,0,***,***,***,***,1,0,0,1,100,0,20.3635,***
"SS_Gain","","CURRENT_SS_0P1V_CODE10",230120,"Parametric","",150,1800,"mA",72.2112,72.2112,72.2112,0,***,***,***,***,1,0,0,1,100,0,20.3635,***
"SS_Gain","","CURRENT_SS_0P2V_CODE10",230280,"Parametric","",300,3200,"mA",72.1602,72.1602,72.1602,0,***,***,***,***,1,0,0,1,100,0,20.3635,***
"SS_Gain","","CURRENT_SS_0P1V_CODE11",230130,"Parametric","",150,1800,"mA",72.6676,72.6676,72.6676,0,***,***,***,***,1,0,0,1,100,0,20.3635,***
"SS_Gain","","CURRENT_SS_0P2V_CODE11",230290,"Parametric","",300,3200,"mA",72.4446,72.4446,72.4446,0,***,***,***,***,1,0,0,1,100,0,20.3635,***
"SS_Gain","","CURRENT_SS_0P1V_CODE12",230140,"Parametric","",150,1800,"mA",72.5465,72.5465,72.5465,0,***,***,***,***,1,0,0,1,100,0,20.3635,***
"SS_Gain","","CURRENT_SS_0P2V_CODE12",230300,"Parametric","",300,3200,"mA",72.4451,72.4451,72.4451,0,***,***,***,***,1,0,0,1,100,0,20.3635,***
"SS_Gain","","CURRENT_SS_0P1V_CODE13",230150,"Parametric","",150,1800,"mA",72.6473,72.6473,72.6473,0,***,***,***,***,1,0,0,1,100,0,20.3635,***
"SS_Gain","","CURRENT_SS_0P2V_CODE13",230310,"Parametric","",300,3200,"mA",72.4809,72.4809,72.4809,0,***,***,***,***,1,0,0,1,100,0,20.3635,***
"SS_Gain","","CURRENT_SS_0P1V_CODE14",230160,"Parametric","",150,1800,"mA",72.4299,72.4299,72.4299,0,***,***,***,***,1,0,0,1,100,0,20.3635,***
"SS_Gain","","CURRENT_SS_0P2V_CODE14",230320,"Parametric","",300,3200,"mA",72.5308,72.5308,72.5308,0,***,***,***,***,1,0,0,1,100,0,20.3635,***
"SS_Gain","","CURRENT_SS_0P1V_CODE15",230170,"Parametric","",150,1800,"mA",72.2875,72.2875,72.2875,0,***,***,***,***,1,0,0,1,100,0,20.3635,***
"SS_Gain","","CURRENT_SS_0P2V_CODE15",230330,"Parametric","",300,3200,"mA",72.5563,72.5563,72.5563,0,***,***,***,***,1,0,0,1,100,0,20.3635,***
"SS_Gain","","SS_GAIN_TRIM_CODE",230010,"Parametric","",0,15,"Code",0,0,0,0,***,***,***,***,1,1,100,0,0,0,20.3635,***
"SS_Gain","","BEST_CURR_SS_0p2V",230340,"Parametric","",700,1300,"mA",72.4351,72.4351,72.4351,0,***,***,***,***,1,0,0,1,100,0,20.3635,***
"SS_Gain","","BEST_CURR_SS_0p1V",230350,"Parametric","",350,650,"mA",72.3378,72.3378,72.3378,0,***,***,***,***,1,0,0,1,100,0,20.3635,***
"SS_Gain","","BEST_CURR_SS_delta",230360,"Parametric","",400,600,"mA",0.0973232,0.0973232,0.0973232,0,***,***,***,***,1,0,0,1,100,0,20.3635,***
"SSoffset_Trim","","SS_OFFSET_CURRENT_CODE0",240020,"Parametric","",-300,-70,"mA",-10.0269,-10.0269,-10.0269,0,***,***,***,***,1,0,0,1,100,0,9.08116,***
"SSoffset_Trim","","SS_OFFSET_CURRENT_CODE1",240030,"Parametric","",-300,-70,"mA",-8.98556,-8.98556,-8.98556,0,***,***,***,***,1,0,0,1,100,0,9.08116,***
"SSoffset_Trim","","SS_OFFSET_CURRENT_CODE2",240040,"Parametric","",-300,-70,"mA",-9.00387,-9.00387,-9.00387,0,***,***,***,***,1,0,0,1,100,0,9.08116,***
"SSoffset_Trim","","SS_OFFSET_CURRENT_CODE3",240050,"Parametric","",-300,-70,"mA",-8.98188,-8.98188,-8.98188,0,***,***,***,***,1,0,0,1,100,0,9.08116,***
"SSoffset_Trim","","SS_OFFSET_CURRENT_CODE4",240060,"Parametric","",-300,-70,"mA",-8.99075,-8.99075,-8.99075,0,***,***,***,***,1,0,0,1,100,0,9.08116,***
"SSoffset_Trim","","SS_OFFSET_CURRENT_CODE5",240070,"Parametric","",-300,-70,"mA",-8.99363,-8.99363,-8.99363,0,***,***,***,***,1,0,0,1,100,0,9.08116,***
"SSoffset_Trim","","SS_OFFSET_CURRENT_CODE6",240080,"Parametric","",-300,-70,"mA",-8.99567,-8.99567,-8.99567,0,***,***,***,***,1,0,0,1,100,0,9.08116,***
"SSoffset_Trim","","SS_OFFSET_CURRENT_CODE7",240090,"Parametric","",-300,-70,"mA",-8.98959,-8.98959,-8.98959,0,***,***,***,***,1,0,0,1,100,0,9.08116,***
"SSoffset_Trim","","SS_OFFSET_CURRENT_CODE8",240100,"Parametric","",-300,-70,"mA",-8.98967,-8.98967,-8.98967,0,***,***,***,***,1,0,0,1,100,0,9.08116,***
"SSoffset_Trim","","SS_OFFSET_CURRENT_CODE9",240110,"Parametric","",-300,-70,"mA",-8.99436,-8.99436,-8.99436,0,***,***,***,***,1,0,0,1,100,0,9.08116,***
"SSoffset_Trim","","SS_OFFSET_CURRENT_CODE10",240120,"Parametric","",-300,-70,"mA",-8.99016,-8.99016,-8.99016,0,***,***,***,***,1,0,0,1,100,0,9.08116,***
"SSoffset_Trim","","SS_OFFSET_CURRENT_CODE11",240130,"Parametric","",-300,-70,"mA",-9.00318,-9.00318,-9.00318,0,***,***,***,***,1,0,0,1,100,0,9.08116,***
"SSoffset_Trim","","SS_OFFSET_CURRENT_CODE12",240140,"Parametric","",-300,-70,"mA",-8.99327,-8.99327,-8.99327,0,***,***,***,***,1,0,0,1,100,0,9.08116,***
"SSoffset_Trim","","SS_OFFSET_CURRENT_CODE13",240150,"Parametric","",-300,-70,"mA",-8.99395,-8.99395,-8.99395,0,***,***,***,***,1,0,0,1,100,0,9.08116,***
"SSoffset_Trim","","SS_OFFSET_CURRENT_CODE14",240160,"Parametric","",-300,-70,"mA",-8.99876,-8.99876,-8.99876,0,***,***,***,***,1,0,0,1,100,0,9.08116,***
"SSoffset_Trim","","SS_OFFSET_CURRENT_CODE15",240170,"Parametric","",-300,-70,"mA",-9.00522,-9.00522,-9.00522,0,***,***,***,***,1,0,0,1,100,0,9.08116,***
"SSoffset_Trim","","SS_OFFSET_TRIM_CODE",240010,"Parametric","",0,15,"Code",0,0,0,0,***,***,***,***,1,1,100,0,0,0,9.08116,***
"SSoffset_Trim","","BEST_Curr_SS_0p04V",240180,"Parametric","",-250,-150,"mA",-10.0269,-10.0269,-10.0269,0,***,***,***,***,1,0,0,1,100,0,9.08116,***
"VDD_UVLO_OTS_POR","","Low_Temp_Voltage_bank0",200130,"Parametric","",0,0.2,"V",0.671118,0.671118,0.671118,0,***,***,***,***,1,0,0,1,100,0,1.33631,***
"VDD_UVLO_OTS_POR","","High_Temp_Voltage_bank0",200140,"Parametric","",1.6,2.3,"V",-0.955863,-0.955863,-0.955863,0,***,***,***,***,1,0,0,1,100,0,1.33631,***
"VDD_UVLO_OTS_POR","","Low_Temp_Voltage_bank0_reset",200150,"Parametric","",0,0.2,"V",-0.98489,-0.98489,-0.98489,0,***,***,***,***,1,0,0,1,100,0,1.33631,***
"VDD_UVLO_OTS_POR","","Low_Temp_Voltage_bank1",200160,"Parametric","",0,0.2,"V",-0.995932,-0.995932,-0.995932,0,***,***,***,***,1,0,0,1,100,0,1.33631,***
"VDD_UVLO_OTS_POR","","High_Temp_Voltage_bank1",200170,"Parametric","",1.6,2.3,"V",-1.00891,-1.00891,-1.00891,0,***,***,***,***,1,0,0,1,100,0,1.33631,***
"VDD_UVLO_OTS_POR","","Low_Temp_Voltage_bank1_reset",200180,"Parametric","",0,0.5,"V",-1.02126,-1.02126,-1.02126,0,***,***,***,***,1,0,0,1,100,0,1.33631,***
"UVLO_POR_redundancy","","I_ISEN_UVLO",410010,"Parametric","",8,13,"uA",-0.026,-0.026,-0.026,0,***,***,***,***,1,0,0,1,100,0,27.2285,***
"UVLO_POR_redundancy","","I_IN_VDD3V",410020,"Parametric","",-10,300,"nA",-1,-1,-1,0,***,***,***,***,1,1,100,0,0,0,27.2285,***
"UVLO_POR_redundancy","","VDD_UVLO_Falling",410030,"Parametric","",2,2.75,"V",2.995,2.995,2.995,0,***,***,***,***,1,0,0,1,100,0,27.2285,***
"UVLO_POR_redundancy","","I_IN_VDD_UVLO_Falling",410040,"Parametric","",8,13,"uA",-0.0286077,-0.0286077,-0.0286077,0,***,***,***,***,1,0,0,1,100,0,27.2285,***
"UVLO_POR_redundancy","","VBIAS_POR_Falling",410050,"Parametric","",1.1,1.45,"V",1.995,1.995,1.995,0,***,***,***,***,1,0,0,1,100,0,27.2285,***
"UVLO_POR_redundancy","","I_IN_VBIAS_POR_Falling",410060,"Parametric","",20,33,"uA",-0.0260661,-0.0260661,-0.0260661,0,***,***,***,***,1,0,0,1,100,0,27.2285,***
"UVLO_POR_redundancy","","VBIAS_PORsu_Falling",410070,"Parametric","",0.725,1.2,"V",1.99,1.99,1.99,0,***,***,***,***,1,0,0,1,100,0,27.2285,***
"UVLO_POR_redundancy","","I_IN_VBIAS_PORsu_Falling",410080,"Parametric","",35,50,"uA",-0.0286077,-0.0286077,-0.0286077,0,***,***,***,***,1,0,0,1,100,0,27.2285,***
"UVLO_POR_redundancy","","VBIAS_PORsu_Rising",410090,"Parametric","",0.75,1.3,"V",1.995,1.995,1.995,0,***,***,***,***,1,0,0,1,100,0,27.2285,***
"UVLO_POR_redundancy","","I_IN_VBIAS_PORsu_Rising",410100,"Parametric","",20,32,"uA",-0.0286077,-0.0286077,-0.0286077,0,***,***,***,***,1,0,0,1,100,0,27.2285,***
"UVLO_POR_redundancy","","PORsu_Hysteresis",410110,"Parametric","",0,0.175,"",0.005,0.005,0.005,0,***,***,***,***,1,1,100,0,0,0,27.2285,***
"UVLO_POR_redundancy","","VBIAS_POR_Rising",410120,"Parametric","",1.2,1.6,"V",2,2,2,0,***,***,***,***,1,0,0,1,100,0,27.2285,***
"UVLO_POR_redundancy","","I_IN_VBIAS_POR_Rising",410130,"Parametric","",8,13,"uA",-0.0286077,-0.0286077,-0.0286077,0,***,***,***,***,1,0,0,1,100,0,27.2285,***
"UVLO_POR_redundancy","","POR_Hysteresis",410140,"Parametric","",0.03,0.25,"V",0.005,0.005,0.005,0,***,***,***,***,1,0,0,1,100,0,27.2285,***
"UVLO_POR_redundancy","","VDD_UVLO_Rising",410150,"Parametric","",2.2,2.85,"V",2.005,2.005,2.005,0,***,***,***,***,1,0,0,1,100,0,27.2285,***
"UVLO_POR_redundancy","","I_IN_VDD_UVLO_Rising",410160,"Parametric","",-200,200,"nA",-23.5246,-23.5246,-23.5246,0,***,***,***,***,1,1,100,0,0,0,27.2285,***
"UVLO_POR_redundancy","","VDD_UVLO_Hysteresis",410170,"Parametric","",0.02,0.3,"",-0.99,-0.99,-0.99,0,***,***,***,***,1,0,0,1,100,0,27.2285,***
"ILIMI_GAIN_TRIM_25PIMAX","","ILIM_GAIN_25PIMAX_CODE0",1100020,"Parametric","",-46,-0.001,"uA",-0.0273923,-0.0273923,-0.0273923,0,***,***,***,***,1,1,100,0,0,0,32.899,***
"ILIMI_GAIN_TRIM_25PIMAX","","ILIM_GAIN_25PIMAX_CODE1",1100030,"Parametric","",-46,-0.001,"uA",-0.0238575,-0.0238575,-0.0238575,0,***,***,***,***,1,1,100,0,0,0,32.899,***
"ILIMI_GAIN_TRIM_25PIMAX","","ILIM_GAIN_25PIMAX_CODE2",1100040,"Parametric","",-46,-0.001,"uA",-0.0248674,-0.0248674,-0.0248674,0,***,***,***,***,1,1,100,0,0,0,32.899,***
"ILIMI_GAIN_TRIM_25PIMAX","","ILIM_GAIN_25PIMAX_CODE3",1100050,"Parametric","",-46,-0.001,"uA",-0.0253724,-0.0253724,-0.0253724,0,***,***,***,***,1,1,100,0,0,0,32.899,***
"ILIMI_GAIN_TRIM_25PIMAX","","ILIM_GAIN_25PIMAX_CODE4",1100060,"Parametric","",-46,-0.001,"uA",-0.0223426,-0.0223426,-0.0223426,0,***,***,***,***,1,1,100,0,0,0,32.899,***
"ILIMI_GAIN_TRIM_25PIMAX","","ILIM_GAIN_25PIMAX_CODE5",1100070,"Parametric","",-46,-0.001,"uA",-0.0193127,-0.0193127,-0.0193127,0,***,***,***,***,1,1,100,0,0,0,32.899,***
"ILIMI_GAIN_TRIM_25PIMAX","","ILIM_GAIN_25PIMAX_CODE6",1100080,"Parametric","",-46,-0.001,"uA",-0.0268873,-0.0268873,-0.0268873,0,***,***,***,***,1,1,100,0,0,0,32.899,***
"ILIMI_GAIN_TRIM_25PIMAX","","ILIM_GAIN_25PIMAX_CODE7",1100090,"Parametric","",-46,-0.001,"uA",-0.0294122,-0.0294122,-0.0294122,0,***,***,***,***,1,1,100,0,0,0,32.899,***
"ILIMI_GAIN_TRIM_25PIMAX","","ILIM_GAIN_25PIMAX_CODE8",1100100,"Parametric","",-46,-0.001,"uA",-0.0258774,-0.0258774,-0.0258774,0,***,***,***,***,1,1,100,0,0,0,32.899,***
"ILIMI_GAIN_TRIM_25PIMAX","","ILIM_GAIN_25PIMAX_CODE9",1100110,"Parametric","",-46,-0.001,"uA",-0.0238575,-0.0238575,-0.0238575,0,***,***,***,***,1,1,100,0,0,0,32.899,***
"ILIMI_GAIN_TRIM_25PIMAX","","ILIM_GAIN_25PIMAX_CODE10",1100120,"Parametric","",-46,-0.001,"uA",-0.033452,-0.033452,-0.033452,0,***,***,***,***,1,1,100,0,0,0,32.899,***
"ILIMI_GAIN_TRIM_25PIMAX","","ILIM_GAIN_25PIMAX_CODE11",1100130,"Parametric","",-46,-0.001,"uA",-0.0294122,-0.0294122,-0.0294122,0,***,***,***,***,1,1,100,0,0,0,32.899,***
"ILIMI_GAIN_TRIM_25PIMAX","","ILIM_GAIN_25PIMAX_CODE12",1100140,"Parametric","",-46,-0.001,"uA",-0.0284023,-0.0284023,-0.0284023,0,***,***,***,***,1,1,100,0,0,0,32.899,***
"ILIMI_GAIN_TRIM_25PIMAX","","ILIM_GAIN_25PIMAX_CODE13",1100150,"Parametric","",-46,-0.001,"uA",-0.0268873,-0.0268873,-0.0268873,0,***,***,***,***,1,1,100,0,0,0,32.899,***
"ILIMI_GAIN_TRIM_25PIMAX","","ILIM_GAIN_25PIMAX_CODE14",1100160,"Parametric","",-46,-0.001,"uA",-0.0253724,-0.0253724,-0.0253724,0,***,***,***,***,1,1,100,0,0,0,32.899,***
"ILIMI_GAIN_TRIM_25PIMAX","","ILIM_GAIN_25PIMAX_CODE15",1100170,"Parametric","",-46,-0.001,"uA",-0.0278973,-0.0278973,-0.0278973,0,***,***,***,***,1,1,100,0,0,0,32.899,***
"ILIMI_GAIN_TRIM_25PIMAX","","ILIM_GAIN_25PIMAX_CODE16",1100180,"Parametric","",-46,-0.001,"uA",-0.0208276,-0.0208276,-0.0208276,0,***,***,***,***,1,1,100,0,0,0,32.899,***
"ILIMI_GAIN_TRIM_25PIMAX","","ILIM_GAIN_25PIMAX_CODE17",1100190,"Parametric","",-46,-0.001,"uA",-0.0273923,-0.0273923,-0.0273923,0,***,***,***,***,1,1,100,0,0,0,32.899,***
"ILIMI_GAIN_TRIM_25PIMAX","","ILIM_GAIN_25PIMAX_CODE18",1100200,"Parametric","",-46,-0.001,"uA",-0.0278973,-0.0278973,-0.0278973,0,***,***,***,***,1,1,100,0,0,0,32.899,***
"ILIMI_GAIN_TRIM_25PIMAX","","ILIM_GAIN_25PIMAX_CODE19",1100210,"Parametric","",-46,-0.001,"uA",-0.0238575,-0.0238575,-0.0238575,0,***,***,***,***,1,1,100,0,0,0,32.899,***
"ILIMI_GAIN_TRIM_25PIMAX","","ILIM_GAIN_25PIMAX_CODE20",1100220,"Parametric","",-46,-0.001,"uA",-0.0273923,-0.0273923,-0.0273923,0,***,***,***,***,1,1,100,0,0,0,32.899,***
"ILIMI_GAIN_TRIM_25PIMAX","","ILIM_GAIN_25PIMAX_CODE21",1100230,"Parametric","",-46,-0.001,"uA",-0.0213326,-0.0213326,-0.0213326,0,***,***,***,***,1,1,100,0,0,0,32.899,***
"ILIMI_GAIN_TRIM_25PIMAX","","ILIM_GAIN_25PIMAX_CODE22",1100240,"Parametric","",-46,-0.001,"uA",-0.0273923,-0.0273923,-0.0273923,0,***,***,***,***,1,1,100,0,0,0,32.899,***
"ILIMI_GAIN_TRIM_25PIMAX","","ILIM_GAIN_25PIMAX_CODE23",1100250,"Parametric","",-46,-0.001,"uA",-0.0157779,-0.0157779,-0.0157779,0,***,***,***,***,1,1,100,0,0,0,32.899,***
"ILIMI_GAIN_TRIM_25PIMAX","","ILIM_GAIN_25PIMAX_CODE24",1100260,"Parametric","",-46,-0.001,"uA",-0.0243625,-0.0243625,-0.0243625,0,***,***,***,***,1,1,100,0,0,0,32.899,***
"ILIMI_GAIN_TRIM_25PIMAX","","ILIM_GAIN_25PIMAX_CODE25",1100270,"Parametric","",-46,-0.001,"uA",-0.0208276,-0.0208276,-0.0208276,0,***,***,***,***,1,1,100,0,0,0,32.899,***
"ILIMI_GAIN_TRIM_25PIMAX","","ILIM_GAIN_25PIMAX_CODE26",1100280,"Parametric","",-46,-0.001,"uA",-0.0218376,-0.0218376,-0.0218376,0,***,***,***,***,1,1,100,0,0,0,32.899,***
"ILIMI_GAIN_TRIM_25PIMAX","","ILIM_GAIN_25PIMAX_CODE27",1100290,"Parametric","",-46,-0.001,"uA",-0.0253724,-0.0253724,-0.0253724,0,***,***,***,***,1,1,100,0,0,0,32.899,***
"ILIMI_GAIN_TRIM_25PIMAX","","ILIM_GAIN_25PIMAX_CODE28",1100300,"Parametric","",-46,-0.001,"uA",-0.0213326,-0.0213326,-0.0213326,0,***,***,***,***,1,1,100,0,0,0,32.899,***
"ILIMI_GAIN_TRIM_25PIMAX","","ILIM_GAIN_25PIMAX_CODE29",1100310,"Parametric","",-46,-0.001,"uA",-0.0263824,-0.0263824,-0.0263824,0,***,***,***,***,1,1,100,0,0,0,32.899,***
"ILIMI_GAIN_TRIM_25PIMAX","","ILIM_GAIN_25PIMAX_CODE30",1100320,"Parametric","",-46,-0.001,"uA",-0.0243625,-0.0243625,-0.0243625,0,***,***,***,***,1,1,100,0,0,0,32.899,***
"ILIMI_GAIN_TRIM_25PIMAX","","ILIM_GAIN_25PIMAX_CODE31",1100330,"Parametric","",-46,-0.001,"uA",-0.0278973,-0.0278973,-0.0278973,0,***,***,***,***,1,1,100,0,0,0,32.899,***
"ILIMI_GAIN_TRIM_25PIMAX","","ILIM_GAIN_TRIM",1100010,"Parametric","",0,31,"Code",10,10,10,0,***,***,***,***,1,1,100,0,0,0,32.899,***
"ILIMI_GAIN_TRIM_25PIMAX","","BEST_MEAS_25pIMAX",1100660,"Parametric","",-30,-18,"uA",-0.033452,-0.033452,-0.033452,0,***,***,***,***,1,0,0,1,100,0,32.899,***
"ILIMI_GAIN_TRIM_25PIMAX","","BEST_GAIN",1100670,"Parametric","",35000,45000,"GAIN",2.98936e+07,2.98936e+07,2.98936e+07,0,***,***,***,***,1,0,0,1,100,0,32.899,***
"ISENSE_BlockOffset_Trim_New","","ISNS_MEAS_10mAIOUT_CODE0",310020,"Parametric","",-17,1,"uA",-0.003,-0.003,-0.003,0,***,***,***,***,1,1,100,0,0,0,17.4354,***
"ISENSE_BlockOffset_Trim_New","","ISNS_MEAS_10mAIOUT_CODE1",310030,"Parametric","",-17,1,"uA",-0.003,-0.003,-0.003,0,***,***,***,***,1,1,100,0,0,0,17.4354,***
"ISENSE_BlockOffset_Trim_New","","ISNS_MEAS_10mAIOUT_CODE2",310040,"Parametric","",-17,1,"uA",-0.003,-0.003,-0.003,0,***,***,***,***,1,1,100,0,0,0,17.4354,***
"ISENSE_BlockOffset_Trim_New","","ISNS_MEAS_10mAIOUT_CODE3",310050,"Parametric","",-17,1,"uA",-0.003,-0.003,-0.003,0,***,***,***,***,1,1,100,0,0,0,17.4354,***
"ISENSE_BlockOffset_Trim_New","","ISNS_MEAS_10mAIOUT_CODE4",310060,"Parametric","",-17,1,"uA",-0.003,-0.003,-0.003,0,***,***,***,***,1,1,100,0,0,0,17.4354,***
"ISENSE_BlockOffset_Trim_New","","ISNS_MEAS_10mAIOUT_CODE5",310070,"Parametric","",-17,1,"uA",-0.003,-0.003,-0.003,0,***,***,***,***,1,1,100,0,0,0,17.4354,***
"ISENSE_BlockOffset_Trim_New","","ISNS_MEAS_10mAIOUT_CODE6",310080,"Parametric","",-17,1,"uA",-0.003,-0.003,-0.003,0,***,***,***,***,1,1,100,0,0,0,17.4354,***
"ISENSE_BlockOffset_Trim_New","","ISNS_MEAS_10mAIOUT_CODE7",310090,"Parametric","",-17,1,"uA",-0.003,-0.003,-0.003,0,***,***,***,***,1,1,100,0,0,0,17.4354,***
"ISENSE_BlockOffset_Trim_New","","ISNS_MEAS_10mAIOUT_CODE8",310100,"Parametric","",-17,1,"uA",-0.003,-0.003,-0.003,0,***,***,***,***,1,1,100,0,0,0,17.4354,***
"ISENSE_BlockOffset_Trim_New","","ISNS_MEAS_10mAIOUT_CODE9",310110,"Parametric","",-17,1,"uA",-0.003,-0.003,-0.003,0,***,***,***,***,1,1,100,0,0,0,17.4354,***
"ISENSE_BlockOffset_Trim_New","","ISNS_MEAS_10mAIOUT_CODE10",310120,"Parametric","",-17,1,"uA",-0.003,-0.003,-0.003,0,***,***,***,***,1,1,100,0,0,0,17.4354,***
"ISENSE_BlockOffset_Trim_New","","ISNS_MEAS_10mAIOUT_CODE11",310130,"Parametric","",-17,1,"uA",-0.003,-0.003,-0.003,0,***,***,***,***,1,1,100,0,0,0,17.4354,***
"ISENSE_BlockOffset_Trim_New","","ISNS_MEAS_10mAIOUT_CODE12",310140,"Parametric","",-17,1,"uA",-0.003,-0.003,-0.003,0,***,***,***,***,1,1,100,0,0,0,17.4354,***
"ISENSE_BlockOffset_Trim_New","","ISNS_MEAS_10mAIOUT_CODE13",310150,"Parametric","",-17,1,"uA",-0.003,-0.003,-0.003,0,***,***,***,***,1,1,100,0,0,0,17.4354,***
"ISENSE_BlockOffset_Trim_New","","ISNS_MEAS_10mAIOUT_CODE14",310160,"Parametric","",-17,1,"uA",-0.003,-0.003,-0.003,0,***,***,***,***,1,1,100,0,0,0,17.4354,***
"ISENSE_BlockOffset_Trim_New","","ISNS_MEAS_10mAIOUT_CODE15",310170,"Parametric","",-17,1,"uA",-0.005,-0.005,-0.005,0,***,***,***,***,1,1,100,0,0,0,17.4354,***
"ISENSE_BlockOffset_Trim_New","","ISNS_BLOCK_OFFSET_TRIM",310010,"Parametric","",0,15,"Code",15,15,15,0,***,***,***,***,1,1,100,0,0,0,17.4354,***
"ISENSE_BlockOffset_Trim_New","","BEST_MEAS_10mAIOUT",310350,"Parametric","",-1.7,1.3,"uA",-0.005,-0.005,-0.005,0,***,***,***,***,1,1,100,0,0,0,17.4354,***
"SNS_gain_Trim_25PIMAX","","SNS_GAIN_25PIMAX_CODE0",1200020,"Parametric","",-350,-90,"uA",-0.186635,-0.186635,-0.186635,0,***,***,***,***,1,0,0,1,100,0,21.6079,***
"SNS_gain_Trim_25PIMAX","","SNS_GAIN_25PIMAX_CODE1",1200030,"Parametric","",-350,-90,"uA",-0.196741,-0.196741,-0.196741,0,***,***,***,***,1,0,0,1,100,0,21.6079,***
"SNS_gain_Trim_25PIMAX","","SNS_GAIN_25PIMAX_CODE2",1200040,"Parametric","",-350,-90,"uA",-0.237161,-0.237161,-0.237161,0,***,***,***,***,1,0,0,1,100,0,21.6079,***
"SNS_gain_Trim_25PIMAX","","SNS_GAIN_25PIMAX_CODE3",1200050,"Parametric","",-350,-90,"uA",-0.120951,-0.120951,-0.120951,0,***,***,***,***,1,0,0,1,100,0,21.6079,***
"SNS_gain_Trim_25PIMAX","","SNS_GAIN_25PIMAX_CODE4",1200060,"Parametric","",-350,-90,"uA",-0.166425,-0.166425,-0.166425,0,***,***,***,***,1,0,0,1,100,0,21.6079,***
"SNS_gain_Trim_25PIMAX","","SNS_GAIN_25PIMAX_CODE5",1200070,"Parametric","",-350,-90,"uA",-0.17653,-0.17653,-0.17653,0,***,***,***,***,1,0,0,1,100,0,21.6079,***
"SNS_gain_Trim_25PIMAX","","SNS_GAIN_25PIMAX_CODE6",1200080,"Parametric","",-350,-90,"uA",-0.211898,-0.211898,-0.211898,0,***,***,***,***,1,0,0,1,100,0,21.6079,***
"SNS_gain_Trim_25PIMAX","","SNS_GAIN_25PIMAX_CODE7",1200090,"Parametric","",-350,-90,"uA",-0.17653,-0.17653,-0.17653,0,***,***,***,***,1,0,0,1,100,0,21.6079,***
"SNS_gain_Trim_25PIMAX","","SNS_GAIN_25PIMAX_CODE8",1200100,"Parametric","",-350,-90,"uA",-0.201793,-0.201793,-0.201793,0,***,***,***,***,1,0,0,1,100,0,21.6079,***
"SNS_gain_Trim_25PIMAX","","SNS_GAIN_25PIMAX_CODE9",1200110,"Parametric","",-350,-90,"uA",-0.222004,-0.222004,-0.222004,0,***,***,***,***,1,0,0,1,100,0,21.6079,***
"SNS_gain_Trim_25PIMAX","","SNS_GAIN_25PIMAX_CODE10",1200120,"Parametric","",-350,-90,"uA",-0.227056,-0.227056,-0.227056,0,***,***,***,***,1,0,0,1,100,0,21.6079,***
"SNS_gain_Trim_25PIMAX","","SNS_GAIN_25PIMAX_CODE11",1200130,"Parametric","",-350,-90,"uA",-0.242214,-0.242214,-0.242214,0,***,***,***,***,1,0,0,1,100,0,21.6079,***
"SNS_gain_Trim_25PIMAX","","SNS_GAIN_25PIMAX_CODE12",1200140,"Parametric","",-350,-90,"uA",-0.141162,-0.141162,-0.141162,0,***,***,***,***,1,0,0,1,100,0,21.6079,***
"SNS_gain_Trim_25PIMAX","","SNS_GAIN_25PIMAX_CODE13",1200150,"Parametric","",-350,-90,"uA",-0.181583,-0.181583,-0.181583,0,***,***,***,***,1,0,0,1,100,0,21.6079,***
"SNS_gain_Trim_25PIMAX","","SNS_GAIN_25PIMAX_CODE14",1200160,"Parametric","",-350,-90,"uA",-0.171478,-0.171478,-0.171478,0,***,***,***,***,1,0,0,1,100,0,21.6079,***
"SNS_gain_Trim_25PIMAX","","SNS_GAIN_25PIMAX_CODE15",1200170,"Parametric","",-350,-90,"uA",-0.242214,-0.242214,-0.242214,0,***,***,***,***,1,0,0,1,100,0,21.6079,***
"SNS_gain_Trim_25PIMAX","","SNS_GAIN_TRIM",1200010,"Parametric","",0,31,"Code",11,11,11,0,***,***,***,***,1,1,100,0,0,0,21.6079,***
"SNS_gain_Trim_25PIMAX","","BEST_MEAS_25pIMAX",1200340,"Parametric","",-260,-240,"uA",-0.242214,-0.242214,-0.242214,0,***,***,***,***,1,0,0,1,100,0,21.6079,***
"SNS_gain_Trim_25PIMAX","","ISNS_GAIN",1200350,"Parametric","",3500,4500,"GAIN",4.12858e+06,4.12858e+06,4.12858e+06,0,***,***,***,***,1,0,0,1,100,0,21.6079,***
"OC_Delay_Trim","","slice0_Period",630010,"Parametric","",400,600,"nS",-1,-1,-1,0,***,***,***,***,1,0,0,1,100,0,2.21164,***
"OC_Delay_Trim","","slice1_Period",630020,"Parametric","",400,600,"nS",-1,-1,-1,0,***,***,***,***,1,0,0,1,100,0,2.21164,***
"OC_Delay_Trim","","slice2_Period",630030,"Parametric","",400,600,"nS",-1,-1,-1,0,***,***,***,***,1,0,0,1,100,0,2.21164,***
"OC_Delay_Trim","","median",630040,"Parametric","",400,600,"nS",-1,-1,-1,0,***,***,***,***,1,0,0,1,100,0,2.21164,***
"OC_Delay_Trim","","Count_Number",630050,"Parametric","",0,40,"nS",-11992.2,-11992.2,-11992.2,0,***,***,***,***,1,0,0,1,100,0,2.21164,***
"OC_Delay_Trim","","TRIM_CODE",630060,"Parametric","",0,15,"Code",-12008,-12008,-12008,0,***,***,***,***,1,0,0,1,100,0,2.21164,***
"PostVref_Iref_ib1u","","POST_IBIAS_1U",640010,"Parametric","",-2,2,"uA",0.00221771,0.00221771,0.00221771,0,***,***,***,***,1,1,100,0,0,0,1.74395,***
"PostVref_Iref_ib1u","","POST_IBIAS_1U_PP",640020,"Parametric","",-2,2,"uA",0.00237125,0.00237125,0.00237125,0,***,***,***,***,1,1,100,0,0,0,1.74395,***
"SS_Done_level","","SS_level_DRVTM_10_Initial_OFFPIN",770010,"Parametric","",1,2,"V",0.36776,0.36776,0.36776,0,***,***,***,***,1,0,0,1,100,0,4.29656,***
"SS_Done_level","","SS_level_threshold_DRVTM_10",770020,"Parametric","",0.9,1.2,"V",0,0,0,0,***,***,***,***,1,0,0,1,100,0,4.29656,***
"SS_Done_level","","Post_threshold_DRVTM_10_switchon_OFFPIN_Voltage",770030,"Parametric","",1,2,"V",-3.54762,-3.54762,-3.54762,0,***,***,***,***,1,0,0,1,100,0,4.29656,***
"SS_Done_level","","Post_threshold_DRVTM_10_switchoff_OFFPIN_Voltage",770040,"Parametric","",1,2,"V",-3.55297,-3.55297,-3.55297,0,***,***,***,***,1,0,0,1,100,0,4.29656,***
"SS_Done_level","","SS_level_DRVTM_12_Initial_OFFPIN",770050,"Parametric","",1,2,"V",0.36776,0.36776,0.36776,0,***,***,***,***,1,0,0,1,100,0,4.29656,***
"SS_Done_level","","SS_level_threshold_DRVTM_12",770060,"Parametric","",0.9,1.2,"V",0,0,0,0,***,***,***,***,1,0,0,1,100,0,4.29656,***
"SS_Done_level","","Post_threshold_DRVTM_12_switchon_OFFPIN_Voltage",770070,"Parametric","",1,2,"V",-3.54403,-3.54403,-3.54403,0,***,***,***,***,1,0,0,1,100,0,4.29656,***
"SS_Done_level","","Post_threshold_DRVTM_12_switchoff_OFFPIN_Voltage",770080,"Parametric","",1,2,"V",-3.54904,-3.54904,-3.54904,0,***,***,***,***,1,0,0,1,100,0,4.29656,***
"EFUSE_REFERENCE_CURRENT_VOLTAGE","","Efuse_Ref_Voltage",620010,"Parametric","",1.5,2,"V",0.124391,0.124391,0.124391,0,***,***,***,***,1,0,0,1,100,0,0.419469,***
"EFUSE_REFERENCE_CURRENT_VOLTAGE","","Efuse_Ref_Current",620020,"Parametric","",140,350,"uA",-0.108,-0.108,-0.108,0,***,***,***,***,1,0,0,1,100,0,0.419469,***
"EFUSE_REFERENCE_CURRENT_VOLTAGE","","Efuse_Resistance",620030,"Parametric","",100,1000,"ohm",-3.11907e+07,-3.11907e+07,-3.11907e+07,0,***,***,***,***,1,0,0,1,100,0,0.419469,***