Test Suite,Test,Test#,Type,Pattern,Lower,Upper,Unit,Min,Max,Mean,Sdev,Pass#,Fail#,Time,TS Time
"CONTINUITY","CONTINUITY",10030,"Parametric","",-500,-300,"mV",-375.098,-375.098,-375.098,0,1,0,1.19494,***
"CONTINUITY","CONTINUITY",10020,"Parametric","",-500,-300,"mV",-431.274,-431.274,-431.274,0,1,0,1.19494,***
"CONTINUITY","CONTINUITY",10050,"Parametric","",-500,-300,"mV",-375.678,-375.678,-375.678,0,1,0,1.19494,***
"CONTINUITY","CONTINUITY",10090,"Parametric","",-500,-300,"mV",-362.634,-362.634,-362.634,0,1,0,1.19494,***
"CONTINUITY","CONTINUITY",10080,"Parametric","",-500,-300,"mV",-376.93,-376.93,-376.93,0,1,0,1.19494,***
"CONTINUITY","CONTINUITY",10040,"Parametric","",-500,-300,"mV",-369.873,-369.873,-369.873,0,1,0,1.19494,***
"CONTINUITY","CONTINUITY",10010,"Parametric","",-500,-300,"mV",-458.676,-458.676,-458.676,0,1,0,1.19494,***
"CONTINUITY","CONTINUITY",10070,"Parametric","",-500,-200,"mV",-299.808,-299.808,-299.808,0,1,0,1.19494,***
"CONTINUITY","CONTINUITY",10060,"Parametric","",-500,-300,"mV",-377.716,-377.716,-377.716,0,1,0,1.19494,***
"CONTINUITY","CONTINUITY",10180,"Parametric","",-360,-300,"mV",-337.597,-337.597,-337.597,0,1,0,1.19494,***
"CONTINUITY","CONTINUITY",10190,"Parametric","",-360,-300,"mV",-338.301,-338.301,-338.301,0,1,0,1.19494,***
"CONTINUITY","CONTINUITY",10200,"Parametric","",-360,-300,"mV",-338.12,-338.12,-338.12,0,1,0,1.19494,***
"CONTINUITY","CONTINUITY",10210,"Parametric","",-360,-300,"mV",-338.423,-338.423,-338.423,0,1,0,1.19494,***
"CONTINUITY","CONTINUITY",10220,"Parametric","",-360,-300,"mV",-338.337,-338.337,-338.337,0,1,0,1.19494,***
"CONTINUITY","CONTINUITY",10230,"Parametric","",-360,-300,"mV",-338.408,-338.408,-338.408,0,1,0,1.19494,***
"CONTINUITY","CONTINUITY",10240,"Parametric","",-360,-300,"mV",-338.642,-338.642,-338.642,0,1,0,1.19494,***
"CONTINUITY","CONTINUITY",10250,"Parametric","",-360,-300,"mV",-338.316,-338.316,-338.316,0,1,0,1.19494,***
"CONTINUITY","CONTINUITY",10100,"Parametric","",-300,-200,"mV",-229.162,-229.162,-229.162,0,1,0,1.19494,***
"CONTINUITY","CONTINUITY",10110,"Parametric","",-300,-200,"mV",-229.227,-229.227,-229.227,0,1,0,1.19494,***
"CONTINUITY","CONTINUITY",10120,"Parametric","",-300,-200,"mV",-229.397,-229.397,-229.397,0,1,0,1.19494,***
"CONTINUITY","CONTINUITY",10130,"Parametric","",-300,-200,"mV",-229.219,-229.219,-229.219,0,1,0,1.19494,***
"CONTINUITY","CONTINUITY",10140,"Parametric","",-300,-200,"mV",-229.141,-229.141,-229.141,0,1,0,1.19494,***
"CONTINUITY","CONTINUITY",10150,"Parametric","",-300,-200,"mV",-229.158,-229.158,-229.158,0,1,0,1.19494,***
"CONTINUITY","CONTINUITY",10160,"Parametric","",-300,-200,"mV",-229.62,-229.62,-229.62,0,1,0,1.19494,***
"CONTINUITY","CONTINUITY",10170,"Parametric","",-300,-200,"mV",-229.433,-229.433,-229.433,0,1,0,1.19494,***
"Pin_to_Pin_Leakage","PIN_TO_PIN_POS_LEAKAGE_PIN",20010,"Parametric","",-200,200,"nA",-3.80314,-3.80314,-3.80314,0,1,0,1.08894,***
"Pin_to_Pin_Leakage","PIN_TO_PIN_NEG_LEAKAGE_PIN",20110,"Parametric","",-200,200,"nA",-3.80314,-3.80314,-3.80314,0,1,0,1.08894,***
"Pin_to_Pin_Leakage","PIN_TO_PIN_POS_LEAKAGE_PIN",20020,"Parametric","",-200,200,"nA",-6.96798,-6.96798,-6.96798,0,1,0,1.08894,***
"Pin_to_Pin_Leakage","PIN_TO_PIN_NEG_LEAKAGE_PIN",20120,"Parametric","",-200,200,"nA",-6.96798,-6.96798,-6.96798,0,1,0,1.08894,***
"Pin_to_Pin_Leakage","PIN_TO_PIN_POS_LEAKAGE_PIN",20030,"Parametric","",-200,200,"nA",-5.15869,-5.15869,-5.15869,0,1,0,1.08894,***
"Pin_to_Pin_Leakage","PIN_TO_PIN_NEG_LEAKAGE_PIN",20130,"Parametric","",-200,200,"nA",-5.15869,-5.15869,-5.15869,0,1,0,1.08894,***
"Pin_to_Pin_Leakage","PIN_TO_PIN_POS_LEAKAGE_PIN",20040,"Parametric","",-200,200,"nA",-7.62475,-7.62475,-7.62475,0,1,0,1.08894,***
"Pin_to_Pin_Leakage","PIN_TO_PIN_NEG_LEAKAGE_PIN",20140,"Parametric","",-200,200,"nA",-7.62475,-7.62475,-7.62475,0,1,0,1.08894,***
"Pin_to_Pin_Leakage","PIN_TO_PIN_POS_LEAKAGE_PIN",20050,"Parametric","",10,500,"nA",297.721,297.721,297.721,0,1,0,1.08894,***
"Pin_to_Pin_Leakage","PIN_TO_PIN_NEG_LEAKAGE_PIN",20150,"Parametric","",-500,-10,"nA",-299.082,-299.082,-299.082,0,1,0,1.08894,***
"Pin_to_Pin_Leakage","PIN_TO_PIN_POS_LEAKAGE_PIN",20060,"Parametric","",10,500,"nA",299.438,299.438,299.438,0,1,0,1.08894,***
"Pin_to_Pin_Leakage","PIN_TO_PIN_NEG_LEAKAGE_PIN",20160,"Parametric","",-500,-10,"nA",-298.089,-298.089,-298.089,0,1,0,1.08894,***
"Pin_to_Pin_Leakage","PIN_TO_PIN_POS_LEAKAGE_PIN",20070,"Parametric","",300,700,"nA",545.839,545.839,545.839,0,1,0,1.08894,***
"Pin_to_Pin_Leakage","PIN_TO_PIN_NEG_LEAKAGE_PIN",20170,"Parametric","",-700,-300,"nA",-549.188,-549.188,-549.188,0,1,0,1.08894,***
"Pin_to_Pin_Leakage","PIN_TO_PIN_POS_LEAKAGE_PIN",20080,"Parametric","",-200,200,"nA",-0.261835,-0.261835,-0.261835,0,1,0,1.08894,***
"Pin_to_Pin_Leakage","PIN_TO_PIN_NEG_LEAKAGE_PIN",20180,"Parametric","",-200,200,"nA",-3.70221,-3.70221,-3.70221,0,1,0,1.08894,***
"Pin_to_Pin_Leakage","PIN_TO_PIN_POS_LEAKAGE_PIN",20090,"Parametric","",-200,200,"nA",0.250599,0.250599,0.250599,0,1,0,1.08894,***
"Pin_to_Pin_Leakage","PIN_TO_PIN_NEG_LEAKAGE_PIN",20190,"Parametric","",-200,200,"nA",-5.68351,-5.68351,-5.68351,0,1,0,1.08894,***
"Pin_to_Pin_Leakage","PIN_TO_PIN_POS_LEAKAGE_PIN_VBIAS_PS1600",20100,"Parametric","",500,1000,"nA",709,709,709,0,1,0,1.08894,***
"Pin_to_Pin_Leakage","PIN_TO_PIN_NEG_LEAKAGE_PIN_VBIAS_PS1600",20200,"Parametric","",-1000,-500,"nA",-770,-770,-770,0,1,0,1.08894,***
"IVDDFL_IVINFL_RONFL","RON_200mAVDD_5_VIN_5",90040,"Parametric","",0.04,0.08,"ohm",0.0596255,0.0596255,0.0596255,0,1,0,0.374875,***
"IVDDFL_IVINFL_RONFL","DEVICE_VARIENT_TRUE",90060,"Parametric","",0.5,1.5,"",1,1,1,0,1,0,0.374875,***
"Gross_Functional_EN_FCB_FAULTB_OFF","EN_FCB_LOW_VOUT_LOW",30010,"Parametric","",-0.001,1,"V",0.00221062,0.00221062,0.00221062,0,1,0,0.739868,***
"Gross_Functional_EN_FCB_FAULTB_OFF","EN_FCB_LOW_OFF_HIGH",30020,"Parametric","",1.6,2.3,"V",1.92381,1.92381,1.92381,0,1,0,0.739868,***
"Gross_Functional_EN_FCB_FAULTB_OFF","FCB_LOW_VOUT_LOW",30030,"Parametric","",-0.001,0.5,"V",0.00104332,0.00104332,0.00104332,0,1,0,0.739868,***
"Gross_Functional_EN_FCB_FAULTB_OFF","FCB_LOW_OFF_HIGH",30040,"Parametric","",1.6,2.3,"V",1.92478,1.92478,1.92478,0,1,0,0.739868,***
"Gross_Functional_EN_FCB_FAULTB_OFF","EN_LOW_VOUT_LOW",30050,"Parametric","",-0.001,0.5,"V",0.000867844,0.000867844,0.000867844,0,1,0,0.739868,***
"Gross_Functional_EN_FCB_FAULTB_OFF","EN_LOW_OFF_HIGH",30060,"Parametric","",1.6,2.3,"V",1.92415,1.92415,1.92415,0,1,0,0.739868,***
"Gross_Functional_EN_FCB_FAULTB_OFF","EN_FCB_HIGH_VOUT_HIGH",30070,"Parametric","",4.85,5.1,"V",5.00009,5.00009,5.00009,0,1,0,0.739868,***
"Gross_Functional_EN_FCB_FAULTB_OFF","EN_FCB_HIGH_OFF_LOW",30080,"Parametric","",-0.001,0.5,"V",0.000714269,0.000714269,0.000714269,0,1,0,0.739868,***
"Gross_Functional_EN_FCB_FAULTB_OFF","FAULT_SET_VOUT_LOW",30090,"Parametric","",-0.001,0.5,"V",0.000453949,0.000453949,0.000453949,0,1,0,0.739868,***
"Gross_Functional_EN_FCB_FAULTB_OFF","FAULT_SET_OFF_HIGH",30100,"Parametric","",1.6,2.3,"V",1.96559,1.96559,1.96559,0,1,0,0.739868,***
"Gross_Functional_EN_FCB_FAULTB_OFF","FAULT_RESET_VOUT_HIGH",30110,"Parametric","",4.85,5.1,"V",5,5,5,0,1,0,0.739868,***
"Gross_Functional_EN_FCB_FAULTB_OFF","FAULT_RESET_OFF_LOW",30120,"Parametric","",0,0.5,"V",0.000714269,0.000714269,0.000714269,0,1,0,0.739868,***
"Output_disabled_leakage","IVDDDIS_VDD_3_VIN_3",40010,"Parametric","",10,166.5,"uA",120.406,120.406,120.406,0,1,0,0.385861,***
"Output_disabled_leakage","IVINDIS_VDD_3_VIN_3",40050,"Parametric","",10,166.5,"uA",70.9174,70.9174,70.9174,0,1,0,0.385861,***
"Output_disabled_leakage","IOFF_VDD_3_VIN_3",40090,"Parametric","",-14,11,"uA",1.89059,1.89059,1.89059,0,1,0,0.385861,***
"Output_disabled_leakage","IVDDDIS_VDD_3_VIN_50",40180,"Parametric","",10,175,"uA",125.423,125.423,125.423,0,1,0,0.385861,***
"Output_disabled_leakage","IVINDIS_VDD_3_VIN_50",40220,"Parametric","",10,175,"uA",125.496,125.496,125.496,0,1,0,0.385861,***
"Output_disabled_leakage","IOFF_VDD_3_VIN_50",40260,"Parametric","",-20,20,"uA",0.150951,0.150951,0.150951,0,1,0,0.385861,***
"Output_disabled_leakage","IVINVDD0_VIN_3",40130,"Parametric","",10,166.5,"uA",69.2476,69.2476,69.2476,0,1,0,0.385861,***
"Output_disabled_leakage","IOFFVDD0_VIN_3",40150,"Parametric","",-14,11,"uA",0.694075,0.694075,0.694075,0,1,0,0.385861,***
"Output_disabled_leakage","IVDDDIS_VDD_50_VIN_3",40190,"Parametric","",10,175,"uA",142.569,142.569,142.569,0,1,0,0.385861,***
"Output_disabled_leakage","IVINDIS_VDD_50_VIN_3",40230,"Parametric","",10,175,"uA",73.6518,73.6518,73.6518,0,1,0,0.385861,***
"Output_disabled_leakage","IOFF_VDD_50_VIN_3",40270,"Parametric","",-20,20,"uA",-0.228647,-0.228647,-0.228647,0,1,0,0.385861,***
"Output_disabled_leakage","IVDDDIS_VDD_50_VIN_50",40200,"Parametric","",10,185,"uA",135.975,135.975,135.975,0,1,0,0.385861,***
"Output_disabled_leakage","IVINDIS_VDD_50_VIN_50",40240,"Parametric","",10,175,"uA",121.696,121.696,121.696,0,1,0,0.385861,***
"Output_disabled_leakage","IOFF_VDD_50_VIN_50",40280,"Parametric","",-20,20,"uA",-0.394397,-0.394397,-0.394397,0,1,0,0.385861,***
"Output_disabled_leakage","IVINVDD0_VIN_50",40300,"Parametric","",10,200,"uA",156.457,156.457,156.457,0,1,0,0.385861,***
"Output_disabled_leakage","IOFFVDD0_VIN_50",40320,"Parametric","",-20,20,"uA",-3.4371,-3.4371,-3.4371,0,1,0,0.385861,***
"EN_pullup_resistor","EN0V_PULLUP_RES",50010,"Parametric","",155,230,"Kohm",183.637,183.637,183.637,0,1,0,0.274953,***
"EN_pullup_resistor","EN1V_PULLUP_RES",50020,"Parametric","",155,230,"Kohm",184.391,184.391,184.391,0,1,0,0.274953,***
"EN_pullup_resistor","EN0V_Current",50030,"Parametric","",-11,-7,"uA",-9.80197,-9.80197,-9.80197,0,1,0,0.274953,***
"EN_pullup_resistor","EN1V_Current",50040,"Parametric","",-6,-3,"uA",-4.33861,-4.33861,-4.33861,0,1,0,0.274953,***
"Leakage_Test","IOFF_REVERSE_VOUT_VIN_LEAKAGE_1mA",60030,"Parametric","",-331,-205,"mV",-271.227,-271.227,-271.227,0,1,0,0.181053,***
"Leakage_Test","IOFF_REVERSE_VOUT_VIN_LEAKAGE_10mA",60040,"Parametric","",-340,-205,"mV",-332.481,-332.481,-332.481,0,1,0,0.181053,***
"Leakage_Test","IOFF_REVERSE_VOUT_VIN_LEAKAGE_100mA",60050,"Parametric","",-331,-205,"mV",-212.963,-212.963,-212.963,0,1,0,0.181053,***
"Nominal_Input_pin_Leakages","LEAKAGE",70010,"Parametric","",10,40,"uA",26.2272,26.2272,26.2272,0,1,0,0.913498,***
"Nominal_Input_pin_Leakages","LEAKAGE",70060,"Parametric","",-0.2,0.2,"uA",0.00261536,0.00261536,0.00261536,0,1,0,0.913498,***
"Nominal_Input_pin_Leakages","LEAKAGE",70020,"Parametric","",-0.5,0.5,"uA",0.0616776,0.0616776,0.0616776,0,1,0,0.913498,***
"Nominal_Input_pin_Leakages","LEAKAGE",70040,"Parametric","",24,50,"uA",26.5214,26.5214,26.5214,0,1,0,0.913498,***
"Nominal_Input_pin_Leakages","LEAKAGE",70030,"Parametric","",14,25,"uA",16.4773,16.4773,16.4773,0,1,0,0.913498,***
"Nominal_Input_pin_Leakages","LEAKAGE",70080,"Parametric","",-0.2,0.5,"uA",0.0494294,0.0494294,0.0494294,0,1,0,0.913498,***
"Nominal_Input_pin_Leakages","LEAKAGE",70050,"Parametric","",20,70,"uA",50.2086,50.2086,50.2086,0,1,0,0.913498,***
"Nominal_Input_pin_Leakages","LEAKAGE",70070,"Parametric","",5,40,"uA",23.9659,23.9659,23.9659,0,1,0,0.913498,***
"Nominal_Input_pin_Leakages","LEAKAGE_2V",70090,"Parametric","",-0.5,0.5,"uA",0.043096,0.043096,0.043096,0,1,0,0.913498,***
"Output_enabled_leakage","IVDD_VDD_3_Vin_3",80001,"Parametric","",10,150,"uA",106.435,106.435,106.435,0,1,0,0.811904,***
"Output_enabled_leakage","IVIN_VDD_3_Vin_3",80005,"Parametric","",10,120,"uA",57.3578,57.3578,57.3578,0,1,0,0.811904,***
"Output_enabled_leakage","IVDD_VDD_3_Vin_50",80018,"Parametric","",0,450,"uA",108.874,108.874,108.874,0,1,0,0.811904,***
"Output_enabled_leakage","IVIN_VDD_3_Vin_50",80022,"Parametric","",0,450,"uA",92.1534,92.1534,92.1534,0,1,0,0.811904,***
"Output_enabled_leakage","IVDD_VDD_50_Vin_3",80019,"Parametric","",0,450,"uA",114.356,114.356,114.356,0,1,0,0.811904,***
"Output_enabled_leakage","IVIN_VDD_50_Vin_3",80023,"Parametric","",0,450,"uA",53.857,53.857,53.857,0,1,0,0.811904,***
"Output_enabled_leakage","IVDD_VDD_50_Vin_50",80020,"Parametric","",0,450,"uA",118.512,118.512,118.512,0,1,0,0.811904,***
"Output_enabled_leakage","IVIN_VDD_50_Vin_50",80024,"Parametric","",0,450,"uA",92.6768,92.6768,92.6768,0,1,0,0.811904,***
"SCAN","Scan_test",330010,"Functional","_rdi_burst_SCAN_bk4_mp",***,***," ",***,***,***,***,1,0,0.280619,***
"Logic","Logic_test",340010,"Functional","_rdi_burst_Logic_bk6_mp",***,***," ",***,***,***,***,1,0,0.3846,***
"Vreftrim","VBIAS_VALUE_CODE0",180020,"Parametric","",1.5,2.5,"V",1.92193,1.92193,1.92193,0,1,0,8.40855,***
"Vreftrim","VBIAS_VALUE_CODE1",180030,"Parametric","",1.5,2.5,"V",1.94026,1.94026,1.94026,0,1,0,8.40855,***
"Vreftrim","VBIAS_VALUE_CODE2",180040,"Parametric","",1.5,2.5,"V",1.95767,1.95767,1.95767,0,1,0,8.40855,***
"Vreftrim","VBIAS_VALUE_CODE3",180050,"Parametric","",1.5,2.5,"V",1.97498,1.97498,1.97498,0,1,0,8.40855,***
"Vreftrim","VBIAS_VALUE_CODE4",180060,"Parametric","",1.5,2.5,"V",1.99308,1.99308,1.99308,0,1,0,8.40855,***
"Vreftrim","VBIAS_VALUE_CODE5",180070,"Parametric","",1.5,2.5,"V",2.01038,2.01038,2.01038,0,1,0,8.40855,***
"Vreftrim","VBIAS_VALUE_CODE6",180080,"Parametric","",1.5,2.5,"V",2.02814,2.02814,2.02814,0,1,0,8.40855,***
"Vreftrim","VBIAS_VALUE_CODE7",180090,"Parametric","",1.5,2.5,"V",2.04555,2.04555,2.04555,0,1,0,8.40855,***
"Vreftrim","VBIAS_VALUE_CODE8",180100,"Parametric","",1.5,2.5,"V",2.06337,2.06337,2.06337,0,1,0,8.40855,***
"Vreftrim","VBIAS_VALUE_CODE9",180110,"Parametric","",1.5,2.5,"V",2.0809,2.0809,2.0809,0,1,0,8.40855,***
"Vreftrim","VBIAS_VALUE_CODE10",180120,"Parametric","",1.5,2.5,"V",2.09849,2.09849,2.09849,0,1,0,8.40855,***
"Vreftrim","VBIAS_VALUE_CODE11",180130,"Parametric","",1.5,2.5,"V",2.11556,2.11556,2.11556,0,1,0,8.40855,***
"Vreftrim","VBIAS_VALUE_CODE12",180140,"Parametric","",1.5,2.5,"V",2.13411,2.13411,2.13411,0,1,0,8.40855,***
"Vreftrim","VBIAS_VALUE_CODE13",180150,"Parametric","",1.5,2.5,"V",2.15165,2.15165,2.15165,0,1,0,8.40855,***
"Vreftrim","VBIAS_VALUE_CODE14",180160,"Parametric","",1.5,2.5,"V",2.16918,2.16918,2.16918,0,1,0,8.40855,***
"Vreftrim","VBIAS_VALUE_CODE15",180170,"Parametric","",1.5,2.5,"V",2.18665,2.18665,2.18665,0,1,0,8.40855,***
"Vreftrim","VBIAS_VALUE_CODE16",180180,"Parametric","",1.5,2.5,"V",1.64139,1.64139,1.64139,0,1,0,8.40855,***
"Vreftrim","VBIAS_VALUE_CODE17",180190,"Parametric","",1.5,2.5,"V",1.65909,1.65909,1.65909,0,1,0,8.40855,***
"Vreftrim","VBIAS_VALUE_CODE18",180200,"Parametric","",1.5,2.5,"V",1.67599,1.67599,1.67599,0,1,0,8.40855,***
"Vreftrim","VBIAS_VALUE_CODE19",180210,"Parametric","",1.5,2.5,"V",1.69318,1.69318,1.69318,0,1,0,8.40855,***
"Vreftrim","VBIAS_VALUE_CODE20",180220,"Parametric","",1.5,2.5,"V",1.71151,1.71151,1.71151,0,1,0,8.40855,***
"Vreftrim","VBIAS_VALUE_CODE21",180230,"Parametric","",1.5,2.5,"V",1.72881,1.72881,1.72881,0,1,0,8.40855,***
"Vreftrim","VBIAS_VALUE_CODE22",180240,"Parametric","",1.5,2.5,"V",1.74577,1.74577,1.74577,0,1,0,8.40855,***
"Vreftrim","VBIAS_VALUE_CODE23",180250,"Parametric","",1.5,2.5,"V",1.76274,1.76274,1.76274,0,1,0,8.40855,***
"Vreftrim","VBIAS_VALUE_CODE24",180260,"Parametric","",1.5,2.5,"V",1.78112,1.78112,1.78112,0,1,0,8.40855,***
"Vreftrim","VBIAS_VALUE_CODE25",180270,"Parametric","",1.5,2.5,"V",1.79825,1.79825,1.79825,0,1,0,8.40855,***
"Vreftrim","VBIAS_VALUE_CODE26",180280,"Parametric","",1.5,2.5,"V",1.81601,1.81601,1.81601,0,1,0,8.40855,***
"Vreftrim","VBIAS_VALUE_CODE27",180290,"Parametric","",1.5,2.5,"V",1.8332,1.8332,1.8332,0,1,0,8.40855,***
"Vreftrim","VBIAS_VALUE_CODE28",180300,"Parametric","",1.5,2.5,"V",1.85135,1.85135,1.85135,0,1,0,8.40855,***
"Vreftrim","VBIAS_VALUE_CODE29",180310,"Parametric","",1.5,2.5,"V",1.86883,1.86883,1.86883,0,1,0,8.40855,***
"Vreftrim","VBIAS_VALUE_CODE30",180320,"Parametric","",1.5,2.5,"V",1.88579,1.88579,1.88579,0,1,0,8.40855,***
"Vreftrim","VBIAS_VALUE_CODE31",180330,"Parametric","",1.5,2.5,"V",1.90355,1.90355,1.90355,0,1,0,8.40855,***
"Vreftrim","VREF_TRIM_CODE",180010,"Parametric","",0,31,"Code",25,25,25,0,1,0,8.40855,***
"Vreftrim","VBIAS_BEST_FIT_VALUE",180340,"Parametric","",1.77,1.83,"V",1.79825,1.79825,1.79825,0,1,0,8.40855,***
"SS_Current_Trim","SS_CURRENT_CODE0",220040,"Parametric","",-16,-6,"uA",-11.118,-11.118,-11.118,0,1,0,8.38438,***
"SS_Current_Trim","SS_CURRENT_CODE1",220050,"Parametric","",-16,-6,"uA",-11.273,-11.273,-11.273,0,1,0,8.38438,***
"SS_Current_Trim","SS_CURRENT_CODE2",220060,"Parametric","",-16,-6,"uA",-11.423,-11.423,-11.423,0,1,0,8.38438,***
"SS_Current_Trim","SS_CURRENT_CODE3",220070,"Parametric","",-16,-6,"uA",-11.562,-11.562,-11.562,0,1,0,8.38438,***
"SS_Current_Trim","SS_CURRENT_CODE4",220080,"Parametric","",-16,-6,"uA",-11.732,-11.732,-11.732,0,1,0,8.38438,***
"SS_Current_Trim","SS_CURRENT_CODE5",220090,"Parametric","",-16,-6,"uA",-11.884,-11.884,-11.884,0,1,0,8.38438,***
"SS_Current_Trim","SS_CURRENT_CODE6",220100,"Parametric","",-16,-6,"uA",-12.046,-12.046,-12.046,0,1,0,8.38438,***
"SS_Current_Trim","SS_CURRENT_CODE7",220110,"Parametric","",-16,-6,"uA",-12.231,-12.231,-12.231,0,1,0,8.38438,***
"SS_Current_Trim","SS_CURRENT_CODE8",220120,"Parametric","",-16,-6,"uA",-12.414,-12.414,-12.414,0,1,0,8.38438,***
"SS_Current_Trim","SS_CURRENT_CODE9",220130,"Parametric","",-16,-6,"uA",-12.586,-12.586,-12.586,0,1,0,8.38438,***
"SS_Current_Trim","SS_CURRENT_CODE10",220140,"Parametric","",-16,-6,"uA",-12.769,-12.769,-12.769,0,1,0,8.38438,***
"SS_Current_Trim","SS_CURRENT_CODE11",220150,"Parametric","",-16,-6,"uA",-12.974,-12.974,-12.974,0,1,0,8.38438,***
"SS_Current_Trim","SS_CURRENT_CODE12",220160,"Parametric","",-16,-6,"uA",-13.167,-13.167,-13.167,0,1,0,8.38438,***
"SS_Current_Trim","SS_CURRENT_CODE13",220170,"Parametric","",-16,-6,"uA",-13.385,-13.385,-13.385,0,1,0,8.38438,***
"SS_Current_Trim","SS_CURRENT_CODE14",220180,"Parametric","",-16,-6,"uA",-13.596,-13.596,-13.596,0,1,0,8.38438,***
"SS_Current_Trim","SS_CURRENT_CODE15",220190,"Parametric","",-16,-6,"uA",-13.806,-13.806,-13.806,0,1,0,8.38438,***
"SS_Current_Trim","SS_CURRENT_CODE16",220200,"Parametric","",-16,-6,"uA",-9.224,-9.224,-9.224,0,1,0,8.38438,***
"SS_Current_Trim","SS_CURRENT_CODE17",220210,"Parametric","",-16,-6,"uA",-9.313,-9.313,-9.313,0,1,0,8.38438,***
"SS_Current_Trim","SS_CURRENT_CODE18",220220,"Parametric","",-16,-6,"uA",-9.415,-9.415,-9.415,0,1,0,8.38438,***
"SS_Current_Trim","SS_CURRENT_CODE19",220230,"Parametric","",-16,-6,"uA",-9.526,-9.526,-9.526,0,1,0,8.38438,***
"SS_Current_Trim","SS_CURRENT_CODE20",220240,"Parametric","",-16,-6,"uA",-9.622,-9.622,-9.622,0,1,0,8.38438,***
"SS_Current_Trim","SS_CURRENT_CODE21",220250,"Parametric","",-16,-6,"uA",-9.739,-9.739,-9.739,0,1,0,8.38438,***
"SS_Current_Trim","SS_CURRENT_CODE22",220260,"Parametric","",-16,-6,"uA",-9.851,-9.851,-9.851,0,1,0,8.38438,***
"SS_Current_Trim","SS_CURRENT_CODE23",220270,"Parametric","",-16,-6,"uA",-9.95,-9.95,-9.95,0,1,0,8.38438,***
"SS_Current_Trim","SS_CURRENT_CODE24",220280,"Parametric","",-16,-6,"uA",-10.069,-10.069,-10.069,0,1,0,8.38438,***
"SS_Current_Trim","SS_CURRENT_CODE25",220290,"Parametric","",-16,-6,"uA",-10.195,-10.195,-10.195,0,1,0,8.38438,***
"SS_Current_Trim","SS_CURRENT_CODE26",220300,"Parametric","",-16,-6,"uA",-10.32,-10.32,-10.32,0,1,0,8.38438,***
"SS_Current_Trim","SS_CURRENT_CODE27",220310,"Parametric","",-16,-6,"uA",-10.434,-10.434,-10.434,0,1,0,8.38438,***
"SS_Current_Trim","SS_CURRENT_CODE28",220320,"Parametric","",-16,-6,"uA",-10.573,-10.573,-10.573,0,1,0,8.38438,***
"SS_Current_Trim","SS_CURRENT_CODE29",220330,"Parametric","",-16,-6,"uA",-10.695,-10.695,-10.695,0,1,0,8.38438,***
"SS_Current_Trim","SS_CURRENT_CODE30",220340,"Parametric","",-16,-6,"uA",-10.829,-10.829,-10.829,0,1,0,8.38438,***
"SS_Current_Trim","SS_CURRENT_CODE31",220350,"Parametric","",-16,-6,"uA",-10.974,-10.974,-10.974,0,1,0,8.38438,***
"SS_Current_Trim","SS_CURRENT_TRIM_CODE",220030,"Parametric","",0,31,"Code",23,23,23,0,1,0,8.38438,***
"SS_Current_Trim","SS_CURRENT_BEST_FIT_VALUE",220360,"Parametric","",-10.4,-9.6,"uA",-9.95,-9.95,-9.95,0,1,0,8.38438,***
"SS_Gain","CURRENT_SS_0P1V_CODE0",230020,"Parametric","",150,1800,"mA",201.067,201.067,201.067,0,1,0,17.1922,***
"SS_Gain","CURRENT_SS_0P2V_CODE0",230180,"Parametric","",300,3200,"mA",421.134,421.134,421.134,0,1,0,17.1922,***
"SS_Gain","CURRENT_SS_0P1V_CODE1",230030,"Parametric","",150,1800,"mA",232.9,232.9,232.9,0,1,0,17.1922,***
"SS_Gain","CURRENT_SS_0P2V_CODE1",230190,"Parametric","",300,3200,"mA",483.059,483.059,483.059,0,1,0,17.1922,***
"SS_Gain","CURRENT_SS_0P1V_CODE2",230040,"Parametric","",150,1800,"mA",265.001,265.001,265.001,0,1,0,17.1922,***
"SS_Gain","CURRENT_SS_0P2V_CODE2",230200,"Parametric","",300,3200,"mA",544.631,544.631,544.631,0,1,0,17.1922,***
"SS_Gain","CURRENT_SS_0P1V_CODE3",230050,"Parametric","",150,1800,"mA",297.018,297.018,297.018,0,1,0,17.1922,***
"SS_Gain","CURRENT_SS_0P2V_CODE3",230210,"Parametric","",300,3200,"mA",607.224,607.224,607.224,0,1,0,17.1922,***
"SS_Gain","CURRENT_SS_0P1V_CODE4",230060,"Parametric","",150,1800,"mA",328.677,328.677,328.677,0,1,0,17.1922,***
"SS_Gain","CURRENT_SS_0P2V_CODE4",230220,"Parametric","",300,3200,"mA",667.321,667.321,667.321,0,1,0,17.1922,***
"SS_Gain","CURRENT_SS_0P1V_CODE5",230070,"Parametric","",150,1800,"mA",361.491,361.491,361.491,0,1,0,17.1922,***
"SS_Gain","CURRENT_SS_0P2V_CODE5",230230,"Parametric","",300,3200,"mA",731.267,731.267,731.267,0,1,0,17.1922,***
"SS_Gain","CURRENT_SS_0P1V_CODE6",230080,"Parametric","",150,1800,"mA",393.657,393.657,393.657,0,1,0,17.1922,***
"SS_Gain","CURRENT_SS_0P2V_CODE6",230240,"Parametric","",300,3200,"mA",794.35,794.35,794.35,0,1,0,17.1922,***
"SS_Gain","CURRENT_SS_0P1V_CODE7",230090,"Parametric","",150,1800,"mA",426.151,426.151,426.151,0,1,0,17.1922,***
"SS_Gain","CURRENT_SS_0P2V_CODE7",230250,"Parametric","",300,3200,"mA",857.79,857.79,857.79,0,1,0,17.1922,***
"SS_Gain","CURRENT_SS_0P1V_CODE8",230100,"Parametric","",150,1800,"mA",458.337,458.337,458.337,0,1,0,17.1922,***
"SS_Gain","CURRENT_SS_0P2V_CODE8",230260,"Parametric","",300,3200,"mA",920.364,920.364,920.364,0,1,0,17.1922,***
"SS_Gain","CURRENT_SS_0P1V_CODE9",230110,"Parametric","",150,1800,"mA",492.295,492.295,492.295,0,1,0,17.1922,***
"SS_Gain","CURRENT_SS_0P2V_CODE9",230270,"Parametric","",300,3200,"mA",984.6,984.6,984.6,0,1,0,17.1922,***
"SS_Gain","CURRENT_SS_0P1V_CODE10",230120,"Parametric","",150,1800,"mA",525.358,525.358,525.358,0,1,0,17.1922,***
"SS_Gain","CURRENT_SS_0P2V_CODE10",230280,"Parametric","",300,3200,"mA",1049.31,1049.31,1049.31,0,1,0,17.1922,***
"SS_Gain","CURRENT_SS_0P1V_CODE11",230130,"Parametric","",150,1800,"mA",558.987,558.987,558.987,0,1,0,17.1922,***
"SS_Gain","CURRENT_SS_0P2V_CODE11",230290,"Parametric","",300,3200,"mA",1114.42,1114.42,1114.42,0,1,0,17.1922,***
"SS_Gain","CURRENT_SS_0P1V_CODE12",230140,"Parametric","",150,1800,"mA",591.014,591.014,591.014,0,1,0,17.1922,***
"SS_Gain","CURRENT_SS_0P2V_CODE12",230300,"Parametric","",300,3200,"mA",1176.96,1176.96,1176.96,0,1,0,17.1922,***
"SS_Gain","CURRENT_SS_0P1V_CODE13",230150,"Parametric","",150,1800,"mA",625.308,625.308,625.308,0,1,0,17.1922,***
"SS_Gain","CURRENT_SS_0P2V_CODE13",230310,"Parametric","",300,3200,"mA",1242.54,1242.54,1242.54,0,1,0,17.1922,***
"SS_Gain","CURRENT_SS_0P1V_CODE14",230160,"Parametric","",150,1800,"mA",658.86,658.86,658.86,0,1,0,17.1922,***
"SS_Gain","CURRENT_SS_0P2V_CODE14",230320,"Parametric","",300,3200,"mA",1307.61,1307.61,1307.61,0,1,0,17.1922,***
"SS_Gain","CURRENT_SS_0P1V_CODE15",230170,"Parametric","",300,3200,"mA",692.786,692.786,692.786,0,1,0,17.1922,***
"SS_Gain","CURRENT_SS_0P2V_CODE15",230330,"Parametric","",300,3200,"mA",1372.69,1372.69,1372.69,0,1,0,17.1922,***
"SS_Gain","SS_GAIN_TRIM_CODE",230010,"Parametric","",0,31,"Code",9,9,9,0,1,0,17.1922,***
"SS_Gain","BEST_CURR_SS_0p2V",230340,"Parametric","",700,1300,"mA",984.6,984.6,984.6,0,1,0,17.1922,***
"SS_Gain","BEST_CURR_SS_0p1V",230350,"Parametric","",350,650,"mA",492.295,492.295,492.295,0,1,0,17.1922,***
"SS_Gain","BEST_CURR_SS_delta",230360,"Parametric","",400,600,"mA",492.305,492.305,492.305,0,1,0,17.1922,***
"SSoffset_Trim","SS_OFFSET_CURRENT_CODE0",240020,"Parametric","",-300,-70,"mA",-213.821,-213.821,-213.821,0,1,0,8.05209,***
"SSoffset_Trim","SS_OFFSET_CURRENT_CODE1",240030,"Parametric","",-300,-70,"mA",-209.245,-209.245,-209.245,0,1,0,8.05209,***
"SSoffset_Trim","SS_OFFSET_CURRENT_CODE2",240040,"Parametric","",-300,-70,"mA",-202.225,-202.225,-202.225,0,1,0,8.05209,***
"SSoffset_Trim","SS_OFFSET_CURRENT_CODE3",240050,"Parametric","",-300,-70,"mA",-196.892,-196.892,-196.892,0,1,0,8.05209,***
"SSoffset_Trim","SS_OFFSET_CURRENT_CODE4",240060,"Parametric","",-300,-70,"mA",-191.141,-191.141,-191.141,0,1,0,8.05209,***
"SSoffset_Trim","SS_OFFSET_CURRENT_CODE5",240070,"Parametric","",-300,-70,"mA",-185.052,-185.052,-185.052,0,1,0,8.05209,***
"SSoffset_Trim","SS_OFFSET_CURRENT_CODE6",240080,"Parametric","",-300,-70,"mA",-178.364,-178.364,-178.364,0,1,0,8.05209,***
"SSoffset_Trim","SS_OFFSET_CURRENT_CODE7",240090,"Parametric","",-300,-70,"mA",-173.818,-173.818,-173.818,0,1,0,8.05209,***
"SSoffset_Trim","SS_OFFSET_CURRENT_CODE8",240100,"Parametric","",-300,-70,"mA",-167.688,-167.688,-167.688,0,1,0,8.05209,***
"SSoffset_Trim","SS_OFFSET_CURRENT_CODE9",240110,"Parametric","",-300,-70,"mA",-162.059,-162.059,-162.059,0,1,0,8.05209,***
"SSoffset_Trim","SS_OFFSET_CURRENT_CODE10",240120,"Parametric","",-300,-70,"mA",-155.633,-155.633,-155.633,0,1,0,8.05209,***
"SSoffset_Trim","SS_OFFSET_CURRENT_CODE11",240130,"Parametric","",-300,-70,"mA",-150.805,-150.805,-150.805,0,1,0,8.05209,***
"SSoffset_Trim","SS_OFFSET_CURRENT_CODE12",240140,"Parametric","",-300,-70,"mA",-144.345,-144.345,-144.345,0,1,0,8.05209,***
"SSoffset_Trim","SS_OFFSET_CURRENT_CODE13",240150,"Parametric","",-300,-70,"mA",-139.505,-139.505,-139.505,0,1,0,8.05209,***
"SSoffset_Trim","SS_OFFSET_CURRENT_CODE14",240160,"Parametric","",-300,-70,"mA",-133.446,-133.446,-133.446,0,1,0,8.05209,***
"SSoffset_Trim","SS_OFFSET_CURRENT_CODE15",240170,"Parametric","",-300,-70,"mA",-127.605,-127.605,-127.605,0,1,0,8.05209,***
"SSoffset_Trim","SS_OFFSET_TRIM_CODE",240010,"Parametric","",0,15,"Code",2,2,2,0,1,0,8.05209,***
"SSoffset_Trim","BEST_Curr_SS_0p04V",240180,"Parametric","",-250,-150,"mA",-202.225,-202.225,-202.225,0,1,0,8.05209,***
"VDD_UVLO_OTS_POR","Low_Temp_Voltage_bank0",200130,"Parametric","",0,0.2,"V",0.000714269,0.000714269,0.000714269,0,1,0,1.06406,***
"VDD_UVLO_OTS_POR","High_Temp_Voltage_bank0",200140,"Parametric","",1.6,2.3,"V",1.92352,1.92352,1.92352,0,1,0,1.06406,***
"VDD_UVLO_OTS_POR","Low_Temp_Voltage_bank0_reset",200150,"Parametric","",0,0.2,"V",0.000714269,0.000714269,0.000714269,0,1,0,1.06406,***
"VDD_UVLO_OTS_POR","Low_Temp_Voltage_bank1",200160,"Parametric","",0,0.2,"V",0.000714269,0.000714269,0.000714269,0,1,0,1.06406,***
"VDD_UVLO_OTS_POR","High_Temp_Voltage_bank1",200170,"Parametric","",1.6,2.3,"V",1.92313,1.92313,1.92313,0,1,0,1.06406,***
"VDD_UVLO_OTS_POR","Low_Temp_Voltage_bank1_reset",200180,"Parametric","",0,0.5,"V",0.000714269,0.000714269,0.000714269,0,1,0,1.06406,***
"UVLO_POR_redundancy","I_ISEN_UVLO",410010,"Parametric","",8,13,"uA",10.852,10.852,10.852,0,1,0,19.3518,***
"UVLO_POR_redundancy","I_IN_VDD3V",410020,"Parametric","",-3,300,"nA",0,0,0,0,1,0,19.3518,***
"UVLO_POR_redundancy","VDD_UVLO_Falling",410030,"Parametric","",2,2.75,"V",2.475,2.475,2.475,0,1,0,19.3518,***
"UVLO_POR_redundancy","I_IN_VDD_UVLO_Falling",410040,"Parametric","",8,13,"uA",10.8473,10.8473,10.8473,0,1,0,19.3518,***
"UVLO_POR_redundancy","VBIAS_POR_Falling",410050,"Parametric","",1.1,1.45,"V",1.26,1.26,1.26,0,1,0,19.3518,***
"UVLO_POR_redundancy","I_IN_VBIAS_POR_Falling",410060,"Parametric","",20,33,"uA",27.2401,27.2401,27.2401,0,1,0,19.3518,***
"UVLO_POR_redundancy","VBIAS_PORsu_Falling",410070,"Parametric","",0.725,1.2,"V",0.935,0.935,0.935,0,1,0,19.3518,***
"UVLO_POR_redundancy","I_IN_VBIAS_PORsu_Falling",410080,"Parametric","",35,50,"uA",43.9937,43.9937,43.9937,0,1,0,19.3518,***
"UVLO_POR_redundancy","VBIAS_PORsu_Rising",410090,"Parametric","",0.75,1.3,"V",0.995,0.995,0.995,0,1,0,19.3518,***
"UVLO_POR_redundancy","I_IN_VBIAS_PORsu_Rising",410100,"Parametric","",20,32,"uA",27.0418,27.0418,27.0418,0,1,0,19.3518,***
"UVLO_POR_redundancy","PORsu_Hysteresis",410110,"Parametric","",0,0.175,"",0.06,0.06,0.06,0,1,0,19.3518,***
"UVLO_POR_redundancy","VBIAS_POR_Rising",410120,"Parametric","",1.2,1.6,"V",1.46,1.46,1.46,0,1,0,19.3518,***
"UVLO_POR_redundancy","I_IN_VBIAS_POR_Rising",410130,"Parametric","",8,13,"uA",10.8041,10.8041,10.8041,0,1,0,19.3518,***
"UVLO_POR_redundancy","POR_Hysteresis",410140,"Parametric","",0.03,0.21,"",0.2,0.2,0.2,0,1,0,19.3518,***
"UVLO_POR_redundancy","VDD_UVLO_Rising",410150,"Parametric","",2.2,2.85,"V",2.68,2.68,2.68,0,1,0,19.3518,***
"UVLO_POR_redundancy","I_IN_VDD_UVLO_Rising",410160,"Parametric","",-200,200,"nA",-7.51877,-7.51877,-7.51877,0,1,0,19.3518,***
"UVLO_POR_redundancy","VDD_UVLO_Hysteresis",410170,"Parametric","",0.02,0.3,"",0.205,0.205,0.205,0,1,0,19.3518,***
"ILIM_gain_Trim","ILIM_GAIN_20PIMAX_CODE0",270020,"Parametric","",-36,-0.01,"uA",-32.882,-32.882,-32.882,0,1,0,14.4207,***
"ILIM_gain_Trim","ILIM_GAIN_20PIMAX_CODE1",270030,"Parametric","",-36,-0.01,"uA",-31.824,-31.824,-31.824,0,1,0,14.4207,***
"ILIM_gain_Trim","ILIM_GAIN_20PIMAX_CODE2",270040,"Parametric","",-36,-0.01,"uA",-30.761,-30.761,-30.761,0,1,0,14.4207,***
"ILIM_gain_Trim","ILIM_GAIN_20PIMAX_CODE3",270050,"Parametric","",-36,-0.01,"uA",-29.708,-29.708,-29.708,0,1,0,14.4207,***
"ILIM_gain_Trim","ILIM_GAIN_20PIMAX_CODE4",270060,"Parametric","",-36,-0.01,"uA",-28.648,-28.648,-28.648,0,1,0,14.4207,***
"ILIM_gain_Trim","ILIM_GAIN_20PIMAX_CODE5",270070,"Parametric","",-36,-0.01,"uA",-27.58,-27.58,-27.58,0,1,0,14.4207,***
"ILIM_gain_Trim","ILIM_GAIN_20PIMAX_CODE6",270080,"Parametric","",-36,-0.01,"uA",-26.534,-26.534,-26.534,0,1,0,14.4207,***
"ILIM_gain_Trim","ILIM_GAIN_20PIMAX_CODE7",270090,"Parametric","",-36,-0.01,"uA",-25.454,-25.454,-25.454,0,1,0,14.4207,***
"ILIM_gain_Trim","ILIM_GAIN_20PIMAX_CODE8",270100,"Parametric","",-36,-0.01,"uA",-24.439,-24.439,-24.439,0,1,0,14.4207,***
"ILIM_gain_Trim","ILIM_GAIN_20PIMAX_CODE9",270110,"Parametric","",-36,-0.01,"uA",-23.363,-23.363,-23.363,0,1,0,14.4207,***
"ILIM_gain_Trim","ILIM_GAIN_20PIMAX_CODE10",270120,"Parametric","",-36,-0.01,"uA",-22.3,-22.3,-22.3,0,1,0,14.4207,***
"ILIM_gain_Trim","ILIM_GAIN_20PIMAX_CODE11",270130,"Parametric","",-36,-0.01,"uA",-21.222,-21.222,-21.222,0,1,0,14.4207,***
"ILIM_gain_Trim","ILIM_GAIN_20PIMAX_CODE12",270140,"Parametric","",-36,-0.01,"uA",-20.192,-20.192,-20.192,0,1,0,14.4207,***
"ILIM_gain_Trim","ILIM_GAIN_20PIMAX_CODE13",270150,"Parametric","",-36,-0.01,"uA",-19.126,-19.126,-19.126,0,1,0,14.4207,***
"ILIM_gain_Trim","ILIM_GAIN_20PIMAX_CODE14",270160,"Parametric","",-36,-0.01,"uA",-18.061,-18.061,-18.061,0,1,0,14.4207,***
"ILIM_gain_Trim","ILIM_GAIN_20PIMAX_CODE15",270170,"Parametric","",-36,-0.01,"uA",-16.987,-16.987,-16.987,0,1,0,14.4207,***
"ILIM_gain_Trim","ILIM_GAIN_20PIMAX_CODE16",270180,"Parametric","",-36,-0.01,"uA",-15.922,-15.922,-15.922,0,1,0,14.4207,***
"ILIM_gain_Trim","ILIM_GAIN_20PIMAX_CODE17",270190,"Parametric","",-36,-0.01,"uA",-14.854,-14.854,-14.854,0,1,0,14.4207,***
"ILIM_gain_Trim","ILIM_GAIN_20PIMAX_CODE18",270200,"Parametric","",-36,-0.01,"uA",-13.783,-13.783,-13.783,0,1,0,14.4207,***
"ILIM_gain_Trim","ILIM_GAIN_20PIMAX_CODE19",270210,"Parametric","",-36,-0.01,"uA",-12.718,-12.718,-12.718,0,1,0,14.4207,***
"ILIM_gain_Trim","ILIM_GAIN_20PIMAX_CODE20",270220,"Parametric","",-36,-0.01,"uA",-11.683,-11.683,-11.683,0,1,0,14.4207,***
"ILIM_gain_Trim","ILIM_GAIN_20PIMAX_CODE21",270230,"Parametric","",-36,-0.01,"uA",-10.614,-10.614,-10.614,0,1,0,14.4207,***
"ILIM_gain_Trim","ILIM_GAIN_20PIMAX_CODE22",270240,"Parametric","",-36,-0.01,"uA",-9.544,-9.544,-9.544,0,1,0,14.4207,***
"ILIM_gain_Trim","ILIM_GAIN_20PIMAX_CODE23",270250,"Parametric","",-36,-0.01,"uA",-8.476,-8.476,-8.476,0,1,0,14.4207,***
"ILIM_gain_Trim","ILIM_GAIN_20PIMAX_CODE24",270260,"Parametric","",-36,-0.01,"uA",-7.453,-7.453,-7.453,0,1,0,14.4207,***
"ILIM_gain_Trim","ILIM_GAIN_20PIMAX_CODE25",270270,"Parametric","",-36,-0.01,"uA",-6.388,-6.388,-6.388,0,1,0,14.4207,***
"ILIM_gain_Trim","ILIM_GAIN_20PIMAX_CODE26",270280,"Parametric","",-36,-0.01,"uA",-5.327,-5.327,-5.327,0,1,0,14.4207,***
"ILIM_gain_Trim","ILIM_GAIN_20PIMAX_CODE27",270290,"Parametric","",-36,-0.01,"uA",-4.254,-4.254,-4.254,0,1,0,14.4207,***
"ILIM_gain_Trim","ILIM_GAIN_20PIMAX_CODE28",270300,"Parametric","",-36,-0.01,"uA",-3.214,-3.214,-3.214,0,1,0,14.4207,***
"ILIM_gain_Trim","ILIM_GAIN_20PIMAX_CODE29",270310,"Parametric","",-36,-0.01,"uA",-2.146,-2.146,-2.146,0,1,0,14.4207,***
"ILIM_gain_Trim","ILIM_GAIN_20PIMAX_CODE30",270320,"Parametric","",-36,-0.01,"uA",-1.083,-1.083,-1.083,0,1,0,14.4207,***
"ILIM_gain_Trim","ILIM_GAIN_20PIMAX_CODE31",270330,"Parametric","",-36,0,"uA",-0.007,-0.007,-0.007,0,1,0,14.4207,***
"ILIM_gain_Trim","ILIM_GAIN_TRIM",270010,"Parametric","",0,31,"Code",12,12,12,0,1,0,14.4207,***
"ILIM_gain_Trim","BEST_MEAS_20pIMAX",270660,"Parametric","",-22,-18,"uA",-20.192,-20.192,-20.192,0,1,0,14.4207,***
"ILIM_gain_Trim","BEST_GAIN",270670,"Parametric","",35000,45000,"GAIN",39619.7,39619.7,39619.7,0,1,0,14.4207,***
"ILIM_Slowtrip","ITRIP_VOLTAGE_ILIM_TM_011",830010,"Parametric","",0.95,1.15,"V",1.072,1.072,1.072,0,1,0,26.577,***
"ILIM_Slowtrip","ITRIP_VOLTAGE_ILIM_TM_111",830020,"Parametric","",0.95,1.15,"V",1.072,1.072,1.072,0,1,0,26.577,***
"ISENSE_BlockOffset_Trim_New","ISNS_MEAS_10mAIOUT_CODE0",310020,"Parametric","",-17,1,"uA",-0.002,-0.002,-0.002,0,1,0,14.4663,***
"ISENSE_BlockOffset_Trim_New","ISNS_MEAS_10mAIOUT_CODE1",310030,"Parametric","",-17,1,"uA",-0.001,-0.001,-0.001,0,1,0,14.4663,***
"ISENSE_BlockOffset_Trim_New","ISNS_MEAS_10mAIOUT_CODE2",310040,"Parametric","",-17,1,"uA",-0.001,-0.001,-0.001,0,1,0,14.4663,***
"ISENSE_BlockOffset_Trim_New","ISNS_MEAS_10mAIOUT_CODE3",310050,"Parametric","",-17,1,"uA",-0.001,-0.001,-0.001,0,1,0,14.4663,***
"ISENSE_BlockOffset_Trim_New","ISNS_MEAS_10mAIOUT_CODE4",310060,"Parametric","",-17,1,"uA",-0.001,-0.001,-0.001,0,1,0,14.4663,***
"ISENSE_BlockOffset_Trim_New","ISNS_MEAS_10mAIOUT_CODE5",310070,"Parametric","",-17,1,"uA",-0.002,-0.002,-0.002,0,1,0,14.4663,***
"ISENSE_BlockOffset_Trim_New","ISNS_MEAS_10mAIOUT_CODE6",310080,"Parametric","",-17,1,"uA",-0.002,-0.002,-0.002,0,1,0,14.4663,***
"ISENSE_BlockOffset_Trim_New","ISNS_MEAS_10mAIOUT_CODE7",310090,"Parametric","",-17,1,"uA",-0.002,-0.002,-0.002,0,1,0,14.4663,***
"ISENSE_BlockOffset_Trim_New","ISNS_MEAS_10mAIOUT_CODE8",310100,"Parametric","",-17,1,"uA",-0.001,-0.001,-0.001,0,1,0,14.4663,***
"ISENSE_BlockOffset_Trim_New","ISNS_MEAS_10mAIOUT_CODE9",310110,"Parametric","",-17,1,"uA",-0.001,-0.001,-0.001,0,1,0,14.4663,***
"ISENSE_BlockOffset_Trim_New","ISNS_MEAS_10mAIOUT_CODE10",310120,"Parametric","",-17,1,"uA",-0.001,-0.001,-0.001,0,1,0,14.4663,***
"ISENSE_BlockOffset_Trim_New","ISNS_MEAS_10mAIOUT_CODE11",310130,"Parametric","",-17,1,"uA",-0.002,-0.002,-0.002,0,1,0,14.4663,***
"ISENSE_BlockOffset_Trim_New","ISNS_MEAS_10mAIOUT_CODE12",310140,"Parametric","",-17,1,"uA",-0.001,-0.001,-0.001,0,1,0,14.4663,***
"ISENSE_BlockOffset_Trim_New","ISNS_MEAS_10mAIOUT_CODE13",310150,"Parametric","",-17,1,"uA",-0.574,-0.574,-0.574,0,1,0,14.4663,***
"ISENSE_BlockOffset_Trim_New","ISNS_MEAS_10mAIOUT_CODE14",310160,"Parametric","",-17,1,"uA",-1.629,-1.629,-1.629,0,1,0,14.4663,***
"ISENSE_BlockOffset_Trim_New","ISNS_MEAS_10mAIOUT_CODE15",310170,"Parametric","",-17,1,"uA",-2.643,-2.643,-2.643,0,1,0,14.4663,***
"ISENSE_BlockOffset_Trim_New","ISNS_BLOCK_OFFSET_TRIM",310010,"Parametric","",0,15,"Code",13,13,13,0,1,0,14.4663,***
"ISENSE_BlockOffset_Trim_New","BEST_MEAS_10mAIOUT",310350,"Parametric","",-1.7,1.3,"uA",-0.574,-0.574,-0.574,0,1,0,14.4663,***
"SNS_gain_Trim","SNS_GAIN_20PIMAX_CODE0",320020,"Parametric","",-300,-90,"uA",-256.912,-256.912,-256.912,0,1,0,33.2238,***
"SNS_gain_Trim","SNS_GAIN_20PIMAX_CODE1",320030,"Parametric","",-300,-90,"uA",-248.795,-248.795,-248.795,0,1,0,33.2238,***
"SNS_gain_Trim","SNS_GAIN_20PIMAX_CODE2",320040,"Parametric","",-300,-90,"uA",-239.663,-239.663,-239.663,0,1,0,33.2238,***
"SNS_gain_Trim","SNS_GAIN_20PIMAX_CODE3",320050,"Parametric","",-300,-90,"uA",-233.575,-233.575,-233.575,0,1,0,33.2238,***
"SNS_gain_Trim","SNS_GAIN_20PIMAX_CODE4",320060,"Parametric","",-300,-90,"uA",-224.443,-224.443,-224.443,0,1,0,33.2238,***
"SNS_gain_Trim","SNS_GAIN_20PIMAX_CODE5",320070,"Parametric","",-300,-90,"uA",-215.311,-215.311,-215.311,0,1,0,33.2238,***
"SNS_gain_Trim","SNS_GAIN_20PIMAX_CODE6",320080,"Parametric","",-300,-90,"uA",-209.223,-209.223,-209.223,0,1,0,33.2238,***
"SNS_gain_Trim","SNS_GAIN_20PIMAX_CODE7",320090,"Parametric","",-300,-90,"uA",-200.091,-200.091,-200.091,0,1,0,33.2238,***
"SNS_gain_Trim","SNS_GAIN_20PIMAX_CODE8",320100,"Parametric","",-300,-90,"uA",-190.959,-190.959,-190.959,0,1,0,33.2238,***
"SNS_gain_Trim","SNS_GAIN_20PIMAX_CODE9",320110,"Parametric","",-300,-90,"uA",-183.856,-183.856,-183.856,0,1,0,33.2238,***
"SNS_gain_Trim","SNS_GAIN_20PIMAX_CODE10",320120,"Parametric","",-300,-90,"uA",-174.724,-174.724,-174.724,0,1,0,33.2238,***
"SNS_gain_Trim","SNS_GAIN_20PIMAX_CODE11",320130,"Parametric","",-300,-90,"uA",-166.607,-166.607,-166.607,0,1,0,33.2238,***
"SNS_gain_Trim","SNS_GAIN_20PIMAX_CODE12",320140,"Parametric","",-300,-90,"uA",-158.489,-158.489,-158.489,0,1,0,33.2238,***
"SNS_gain_Trim","SNS_GAIN_20PIMAX_CODE13",320150,"Parametric","",-300,-90,"uA",-149.357,-149.357,-149.357,0,1,0,33.2238,***
"SNS_gain_Trim","SNS_GAIN_20PIMAX_CODE14",320160,"Parametric","",-300,-90,"uA",-142.255,-142.255,-142.255,0,1,0,33.2238,***
"SNS_gain_Trim","SNS_GAIN_20PIMAX_CODE15",320170,"Parametric","",-300,-90,"uA",-135.152,-135.152,-135.152,0,1,0,33.2238,***
"SNS_gain_Trim","SNS_GAIN_20PIMAX_CODE16",320180,"Parametric","",-300,-90,"uA",-258.941,-258.941,-258.941,0,1,0,33.2238,***
"SNS_gain_Trim","SNS_GAIN_20PIMAX_CODE17",320190,"Parametric","",-300,-90,"uA",-249.809,-249.809,-249.809,0,1,0,33.2238,***
"SNS_gain_Trim","SNS_GAIN_20PIMAX_CODE18",320200,"Parametric","",-300,-90,"uA",-241.692,-241.692,-241.692,0,1,0,33.2238,***
"SNS_gain_Trim","SNS_GAIN_20PIMAX_CODE19",320210,"Parametric","",-300,-90,"uA",-232.56,-232.56,-232.56,0,1,0,33.2238,***
"SNS_gain_Trim","SNS_GAIN_20PIMAX_CODE20",320220,"Parametric","",-300,-90,"uA",-225.457,-225.457,-225.457,0,1,0,33.2238,***
"SNS_gain_Trim","SNS_GAIN_20PIMAX_CODE21",320230,"Parametric","",-300,-90,"uA",-216.325,-216.325,-216.325,0,1,0,33.2238,***
"SNS_gain_Trim","SNS_GAIN_20PIMAX_CODE22",320240,"Parametric","",-300,-90,"uA",-210.237,-210.237,-210.237,0,1,0,33.2238,***
"SNS_gain_Trim","SNS_GAIN_20PIMAX_CODE23",320250,"Parametric","",-300,-90,"uA",-202.12,-202.12,-202.12,0,1,0,33.2238,***
"SNS_gain_Trim","SNS_GAIN_20PIMAX_CODE24",320260,"Parametric","",-300,-90,"uA",-194.003,-194.003,-194.003,0,1,0,33.2238,***
"SNS_gain_Trim","SNS_GAIN_20PIMAX_CODE25",320270,"Parametric","",-300,-90,"uA",-184.871,-184.871,-184.871,0,1,0,33.2238,***
"SNS_gain_Trim","SNS_GAIN_20PIMAX_CODE26",320280,"Parametric","",-300,-90,"uA",-175.739,-175.739,-175.739,0,1,0,33.2238,***
"SNS_gain_Trim","SNS_GAIN_20PIMAX_CODE27",320290,"Parametric","",-300,-90,"uA",-168.636,-168.636,-168.636,0,1,0,33.2238,***
"SNS_gain_Trim","SNS_GAIN_20PIMAX_CODE28",320300,"Parametric","",-300,-90,"uA",-159.504,-159.504,-159.504,0,1,0,33.2238,***
"SNS_gain_Trim","SNS_GAIN_20PIMAX_CODE29",320310,"Parametric","",-300,-90,"uA",-150.372,-150.372,-150.372,0,1,0,33.2238,***
"SNS_gain_Trim","SNS_GAIN_20PIMAX_CODE30",320320,"Parametric","",-300,-90,"uA",-143.27,-143.27,-143.27,0,1,0,33.2238,***
"SNS_gain_Trim","SNS_GAIN_20PIMAX_CODE31",320330,"Parametric","",-300,-90,"uA",-134.138,-134.138,-134.138,0,1,0,33.2238,***
"SNS_gain_Trim","SNS_GAIN_TRIM",320010,"Parametric","",0,31,"Code",7,7,7,0,1,0,33.2238,***
"SNS_gain_Trim","BEST_MEAS_20pIMAX",320340,"Parametric","",-210,-190,"uA",-200.091,-200.091,-200.091,0,1,0,33.2238,***
"EFUSE_RESISTANCE_MEASUREMENT","BANKA_EFUSE_RESISTANCE_BIT47",480010,"Parametric","",65,200,"ohms",91,91,91,0,1,0,81.4506,***
"EFUSE_RESISTANCE_MEASUREMENT","BANKA_EFUSE_RESISTANCE_BIT46",480020,"Parametric","",65,200,"ohms",79.6,79.6,79.6,0,1,0,81.4506,***
"EFUSE_RESISTANCE_MEASUREMENT","BANKA_EFUSE_RESISTANCE_BIT45",480030,"Parametric","",65,200,"ohms",91,91,91,0,1,0,81.4506,***
"EFUSE_RESISTANCE_MEASUREMENT","BANKA_EFUSE_RESISTANCE_BIT44",480040,"Parametric","",65,200,"ohms",91,91,91,0,1,0,81.4506,***
"EFUSE_RESISTANCE_MEASUREMENT","BANKA_EFUSE_RESISTANCE_BIT43",480050,"Parametric","",65,200,"ohms",91,91,91,0,1,0,81.4506,***
"EFUSE_RESISTANCE_MEASUREMENT","BANKA_EFUSE_RESISTANCE_BIT42",480060,"Parametric","",65,200,"ohms",79.6,79.6,79.6,0,1,0,81.4506,***
"EFUSE_RESISTANCE_MEASUREMENT","BANKA_EFUSE_RESISTANCE_BIT41",480070,"Parametric","",65,200,"ohms",91,91,91,0,1,0,81.4506,***
"EFUSE_RESISTANCE_MEASUREMENT","BANKA_EFUSE_RESISTANCE_BIT40",480080,"Parametric","",65,200,"ohms",79.6,79.6,79.6,0,1,0,81.4506,***
"EFUSE_RESISTANCE_MEASUREMENT","BANKA_EFUSE_RESISTANCE_BIT39",480090,"Parametric","",65,200,"ohms",91,91,91,0,1,0,81.4506,***
"EFUSE_RESISTANCE_MEASUREMENT","BANKA_EFUSE_RESISTANCE_BIT38",480100,"Parametric","",65,200,"ohms",91,91,91,0,1,0,81.4506,***
"EFUSE_RESISTANCE_MEASUREMENT","BANKA_EFUSE_RESISTANCE_BIT37",480110,"Parametric","",65,200,"ohms",79.6,79.6,79.6,0,1,0,81.4506,***
"EFUSE_RESISTANCE_MEASUREMENT","BANKA_EFUSE_RESISTANCE_BIT36",480120,"Parametric","",65,200,"ohms",91,91,91,0,1,0,81.4506,***
"EFUSE_RESISTANCE_MEASUREMENT","BANKA_EFUSE_RESISTANCE_BIT35",480130,"Parametric","",65,200,"ohms",79.6,79.6,79.6,0,1,0,81.4506,***
"EFUSE_RESISTANCE_MEASUREMENT","BANKA_EFUSE_RESISTANCE_BIT34",480140,"Parametric","",65,200,"ohms",91,91,91,0,1,0,81.4506,***
"EFUSE_RESISTANCE_MEASUREMENT","BANKA_EFUSE_RESISTANCE_BIT33",480150,"Parametric","",65,200,"ohms",79.6,79.6,79.6,0,1,0,81.4506,***
"EFUSE_RESISTANCE_MEASUREMENT","BANKA_EFUSE_RESISTANCE_BIT32",480160,"Parametric","",65,200,"ohms",91,91,91,0,1,0,81.4506,***
"EFUSE_RESISTANCE_MEASUREMENT","BANKA_EFUSE_RESISTANCE_BIT31",480170,"Parametric","",65,200,"ohms",91,91,91,0,1,0,81.4506,***
"EFUSE_RESISTANCE_MEASUREMENT","BANKA_EFUSE_RESISTANCE_BIT30",480180,"Parametric","",65,200,"ohms",79.6,79.6,79.6,0,1,0,81.4506,***
"EFUSE_RESISTANCE_MEASUREMENT","BANKA_EFUSE_RESISTANCE_BIT29",480190,"Parametric","",65,200,"ohms",91,91,91,0,1,0,81.4506,***
"EFUSE_RESISTANCE_MEASUREMENT","BANKA_EFUSE_RESISTANCE_BIT28",480200,"Parametric","",65,200,"ohms",79.6,79.6,79.6,0,1,0,81.4506,***
"EFUSE_RESISTANCE_MEASUREMENT","BANKA_EFUSE_RESISTANCE_BIT27",480210,"Parametric","",65,200,"ohms",79.6,79.6,79.6,0,1,0,81.4506,***
"EFUSE_RESISTANCE_MEASUREMENT","BANKA_EFUSE_RESISTANCE_BIT26",480220,"Parametric","",65,200,"ohms",91,91,91,0,1,0,81.4506,***
"EFUSE_RESISTANCE_MEASUREMENT","BANKA_EFUSE_RESISTANCE_BIT25",480230,"Parametric","",65,200,"ohms",79.6,79.6,79.6,0,1,0,81.4506,***
"EFUSE_RESISTANCE_MEASUREMENT","BANKA_EFUSE_RESISTANCE_BIT24",480240,"Parametric","",65,200,"ohms",91,91,91,0,1,0,81.4506,***
"EFUSE_RESISTANCE_MEASUREMENT","BANKA_EFUSE_RESISTANCE_BIT23",480250,"Parametric","",65,200,"ohms",79.6,79.6,79.6,0,1,0,81.4506,***
"EFUSE_RESISTANCE_MEASUREMENT","BANKA_EFUSE_RESISTANCE_BIT22",480260,"Parametric","",65,200,"ohms",79.6,79.6,79.6,0,1,0,81.4506,***
"EFUSE_RESISTANCE_MEASUREMENT","BANKA_EFUSE_RESISTANCE_BIT21",480270,"Parametric","",65,200,"ohms",91,91,91,0,1,0,81.4506,***
"EFUSE_RESISTANCE_MEASUREMENT","BANKA_EFUSE_RESISTANCE_BIT20",480280,"Parametric","",65,200,"ohms",91,91,91,0,1,0,81.4506,***
"EFUSE_RESISTANCE_MEASUREMENT","BANKA_EFUSE_RESISTANCE_BIT19",480290,"Parametric","",65,200,"ohms",79.6,79.6,79.6,0,1,0,81.4506,***
"EFUSE_RESISTANCE_MEASUREMENT","BANKA_EFUSE_RESISTANCE_BIT18",480300,"Parametric","",65,200,"ohms",79.6,79.6,79.6,0,1,0,81.4506,***
"EFUSE_RESISTANCE_MEASUREMENT","BANKA_EFUSE_RESISTANCE_BIT17",480310,"Parametric","",65,200,"ohms",91,91,91,0,1,0,81.4506,***
"EFUSE_RESISTANCE_MEASUREMENT","BANKA_EFUSE_RESISTANCE_BIT16",480320,"Parametric","",65,200,"ohms",79.6,79.6,79.6,0,1,0,81.4506,***
"EFUSE_RESISTANCE_MEASUREMENT","BANKA_EFUSE_RESISTANCE_BIT15",480330,"Parametric","",65,200,"ohms",79.6,79.6,79.6,0,1,0,81.4506,***
"EFUSE_RESISTANCE_MEASUREMENT","BANKA_EFUSE_RESISTANCE_BIT14",480340,"Parametric","",65,200,"ohms",91,91,91,0,1,0,81.4506,***
"EFUSE_RESISTANCE_MEASUREMENT","BANKA_EFUSE_RESISTANCE_BIT13",480350,"Parametric","",65,200,"ohms",91,91,91,0,1,0,81.4506,***
"EFUSE_RESISTANCE_MEASUREMENT","BANKA_EFUSE_RESISTANCE_BIT12",480360,"Parametric","",65,200,"ohms",91,91,91,0,1,0,81.4506,***
"EFUSE_RESISTANCE_MEASUREMENT","BANKA_EFUSE_RESISTANCE_BIT11",480370,"Parametric","",65,200,"ohms",79.6,79.6,79.6,0,1,0,81.4506,***
"EFUSE_RESISTANCE_MEASUREMENT","BANKA_EFUSE_RESISTANCE_BIT10",480380,"Parametric","",65,200,"ohms",91,91,91,0,1,0,81.4506,***
"EFUSE_RESISTANCE_MEASUREMENT","BANKA_EFUSE_RESISTANCE_BIT9",480390,"Parametric","",65,200,"ohms",79.6,79.6,79.6,0,1,0,81.4506,***
"EFUSE_RESISTANCE_MEASUREMENT","BANKA_EFUSE_RESISTANCE_BIT8",480400,"Parametric","",65,200,"ohms",79.6,79.6,79.6,0,1,0,81.4506,***
"EFUSE_RESISTANCE_MEASUREMENT","BANKA_EFUSE_RESISTANCE_BIT7",480410,"Parametric","",65,200,"ohms",91,91,91,0,1,0,81.4506,***
"EFUSE_RESISTANCE_MEASUREMENT","BANKA_EFUSE_RESISTANCE_BIT6",480420,"Parametric","",65,200,"ohms",79.6,79.6,79.6,0,1,0,81.4506,***
"EFUSE_RESISTANCE_MEASUREMENT","BANKA_EFUSE_RESISTANCE_BIT5",480430,"Parametric","",65,200,"ohms",79.6,79.6,79.6,0,1,0,81.4506,***
"EFUSE_RESISTANCE_MEASUREMENT","BANKA_EFUSE_RESISTANCE_BIT4",480440,"Parametric","",65,200,"ohms",91,91,91,0,1,0,81.4506,***
"EFUSE_RESISTANCE_MEASUREMENT","BANKA_EFUSE_RESISTANCE_BIT3",480450,"Parametric","",65,200,"ohms",79.6,79.6,79.6,0,1,0,81.4506,***
"EFUSE_RESISTANCE_MEASUREMENT","BANKA_EFUSE_RESISTANCE_BIT2",480460,"Parametric","",65,200,"ohms",91,91,91,0,1,0,81.4506,***
"EFUSE_RESISTANCE_MEASUREMENT","BANKA_EFUSE_RESISTANCE_BIT1",480470,"Parametric","",65,200,"ohms",79.6,79.6,79.6,0,1,0,81.4506,***
"EFUSE_RESISTANCE_MEASUREMENT","BANKA_EFUSE_RESISTANCE_BIT0",480480,"Parametric","",65,200,"ohms",91,91,91,0,1,0,81.4506,***
"EFUSE_RESISTANCE_MEASUREMENT","BANKB_EFUSE_RESISTANCE_BIT47",480490,"Parametric","",65,200,"ohms",79.6,79.6,79.6,0,1,0,81.4506,***
"EFUSE_RESISTANCE_MEASUREMENT","BANKB_EFUSE_RESISTANCE_BIT46",480500,"Parametric","",65,200,"ohms",91,91,91,0,1,0,81.4506,***
"EFUSE_RESISTANCE_MEASUREMENT","BANKB_EFUSE_RESISTANCE_BIT45",480510,"Parametric","",65,200,"ohms",91,91,91,0,1,0,81.4506,***
"EFUSE_RESISTANCE_MEASUREMENT","BANKB_EFUSE_RESISTANCE_BIT44",480520,"Parametric","",65,200,"ohms",91,91,91,0,1,0,81.4506,***
"EFUSE_RESISTANCE_MEASUREMENT","BANKB_EFUSE_RESISTANCE_BIT43",480530,"Parametric","",65,200,"ohms",79.6,79.6,79.6,0,1,0,81.4506,***
"EFUSE_RESISTANCE_MEASUREMENT","BANKB_EFUSE_RESISTANCE_BIT42",480540,"Parametric","",65,200,"ohms",79.6,79.6,79.6,0,1,0,81.4506,***
"EFUSE_RESISTANCE_MEASUREMENT","BANKB_EFUSE_RESISTANCE_BIT41",480550,"Parametric","",65,200,"ohms",79.6,79.6,79.6,0,1,0,81.4506,***
"EFUSE_RESISTANCE_MEASUREMENT","BANKB_EFUSE_RESISTANCE_BIT40",480560,"Parametric","",65,200,"ohms",91,91,91,0,1,0,81.4506,***
"EFUSE_RESISTANCE_MEASUREMENT","BANKB_EFUSE_RESISTANCE_BIT39",480570,"Parametric","",65,200,"ohms",79.6,79.6,79.6,0,1,0,81.4506,***
"EFUSE_RESISTANCE_MEASUREMENT","BANKB_EFUSE_RESISTANCE_BIT38",480580,"Parametric","",65,200,"ohms",91,91,91,0,1,0,81.4506,***
"EFUSE_RESISTANCE_MEASUREMENT","BANKB_EFUSE_RESISTANCE_BIT37",480590,"Parametric","",65,200,"ohms",91,91,91,0,1,0,81.4506,***
"EFUSE_RESISTANCE_MEASUREMENT","BANKB_EFUSE_RESISTANCE_BIT36",480600,"Parametric","",65,200,"ohms",91,91,91,0,1,0,81.4506,***
"EFUSE_RESISTANCE_MEASUREMENT","BANKB_EFUSE_RESISTANCE_BIT35",480610,"Parametric","",65,200,"ohms",91,91,91,0,1,0,81.4506,***
"EFUSE_RESISTANCE_MEASUREMENT","BANKB_EFUSE_RESISTANCE_BIT34",480620,"Parametric","",65,200,"ohms",91,91,91,0,1,0,81.4506,***
"EFUSE_RESISTANCE_MEASUREMENT","BANKB_EFUSE_RESISTANCE_BIT33",480630,"Parametric","",65,200,"ohms",91,91,91,0,1,0,81.4506,***
"EFUSE_RESISTANCE_MEASUREMENT","BANKB_EFUSE_RESISTANCE_BIT32",480640,"Parametric","",65,200,"ohms",91,91,91,0,1,0,81.4506,***
"EFUSE_RESISTANCE_MEASUREMENT","BANKB_EFUSE_RESISTANCE_BIT31",480650,"Parametric","",65,200,"ohms",79.6,79.6,79.6,0,1,0,81.4506,***
"EFUSE_RESISTANCE_MEASUREMENT","BANKB_EFUSE_RESISTANCE_BIT30",480660,"Parametric","",65,200,"ohms",79.6,79.6,79.6,0,1,0,81.4506,***
"EFUSE_RESISTANCE_MEASUREMENT","BANKB_EFUSE_RESISTANCE_BIT29",480670,"Parametric","",65,200,"ohms",79.6,79.6,79.6,0,1,0,81.4506,***
"EFUSE_RESISTANCE_MEASUREMENT","BANKB_EFUSE_RESISTANCE_BIT28",480680,"Parametric","",65,200,"ohms",79.6,79.6,79.6,0,1,0,81.4506,***
"EFUSE_RESISTANCE_MEASUREMENT","BANKB_EFUSE_RESISTANCE_BIT27",480690,"Parametric","",65,200,"ohms",79.6,79.6,79.6,0,1,0,81.4506,***
"EFUSE_RESISTANCE_MEASUREMENT","BANKB_EFUSE_RESISTANCE_BIT26",480700,"Parametric","",65,200,"ohms",91,91,91,0,1,0,81.4506,***
"EFUSE_RESISTANCE_MEASUREMENT","BANKB_EFUSE_RESISTANCE_BIT25",480710,"Parametric","",65,200,"ohms",79.6,79.6,79.6,0,1,0,81.4506,***
"EFUSE_RESISTANCE_MEASUREMENT","BANKB_EFUSE_RESISTANCE_BIT24",480720,"Parametric","",65,200,"ohms",91,91,91,0,1,0,81.4506,***
"EFUSE_RESISTANCE_MEASUREMENT","BANKB_EFUSE_RESISTANCE_BIT23",480730,"Parametric","",65,200,"ohms",91,91,91,0,1,0,81.4506,***
"EFUSE_RESISTANCE_MEASUREMENT","BANKB_EFUSE_RESISTANCE_BIT22",480740,"Parametric","",65,200,"ohms",79.6,79.6,79.6,0,1,0,81.4506,***
"EFUSE_RESISTANCE_MEASUREMENT","BANKB_EFUSE_RESISTANCE_BIT21",480750,"Parametric","",65,200,"ohms",79.6,79.6,79.6,0,1,0,81.4506,***
"EFUSE_RESISTANCE_MEASUREMENT","BANKB_EFUSE_RESISTANCE_BIT20",480760,"Parametric","",65,200,"ohms",91,91,91,0,1,0,81.4506,***
"EFUSE_RESISTANCE_MEASUREMENT","BANKB_EFUSE_RESISTANCE_BIT19",480770,"Parametric","",65,200,"ohms",91,91,91,0,1,0,81.4506,***
"EFUSE_RESISTANCE_MEASUREMENT","BANKB_EFUSE_RESISTANCE_BIT18",480780,"Parametric","",65,200,"ohms",79.6,79.6,79.6,0,1,0,81.4506,***
"EFUSE_RESISTANCE_MEASUREMENT","BANKB_EFUSE_RESISTANCE_BIT17",480790,"Parametric","",65,200,"ohms",91,91,91,0,1,0,81.4506,***
"EFUSE_RESISTANCE_MEASUREMENT","BANKB_EFUSE_RESISTANCE_BIT16",480800,"Parametric","",65,200,"ohms",79.6,79.6,79.6,0,1,0,81.4506,***
"EFUSE_RESISTANCE_MEASUREMENT","BANKB_EFUSE_RESISTANCE_BIT15",480810,"Parametric","",65,200,"ohms",91,91,91,0,1,0,81.4506,***
"EFUSE_RESISTANCE_MEASUREMENT","BANKB_EFUSE_RESISTANCE_BIT14",480820,"Parametric","",65,200,"ohms",91,91,91,0,1,0,81.4506,***
"EFUSE_RESISTANCE_MEASUREMENT","BANKB_EFUSE_RESISTANCE_BIT13",480830,"Parametric","",65,200,"ohms",91,91,91,0,1,0,81.4506,***
"EFUSE_RESISTANCE_MEASUREMENT","BANKB_EFUSE_RESISTANCE_BIT12",480840,"Parametric","",65,200,"ohms",91,91,91,0,1,0,81.4506,***
"EFUSE_RESISTANCE_MEASUREMENT","BANKB_EFUSE_RESISTANCE_BIT11",480850,"Parametric","",65,200,"ohms",79.6,79.6,79.6,0,1,0,81.4506,***
"EFUSE_RESISTANCE_MEASUREMENT","BANKB_EFUSE_RESISTANCE_BIT10",480860,"Parametric","",65,200,"ohms",79.6,79.6,79.6,0,1,0,81.4506,***
"EFUSE_RESISTANCE_MEASUREMENT","BANKB_EFUSE_RESISTANCE_BIT9",480870,"Parametric","",65,200,"ohms",91,91,91,0,1,0,81.4506,***
"EFUSE_RESISTANCE_MEASUREMENT","BANKB_EFUSE_RESISTANCE_BIT8",480880,"Parametric","",65,200,"ohms",91,91,91,0,1,0,81.4506,***
"EFUSE_RESISTANCE_MEASUREMENT","BANKB_EFUSE_RESISTANCE_BIT7",480890,"Parametric","",65,200,"ohms",79.6,79.6,79.6,0,1,0,81.4506,***
"EFUSE_RESISTANCE_MEASUREMENT","BANKB_EFUSE_RESISTANCE_BIT6",480900,"Parametric","",65,200,"ohms",79.6,79.6,79.6,0,1,0,81.4506,***
"EFUSE_RESISTANCE_MEASUREMENT","BANKB_EFUSE_RESISTANCE_BIT5",480910,"Parametric","",65,200,"ohms",79.6,79.6,79.6,0,1,0,81.4506,***
"EFUSE_RESISTANCE_MEASUREMENT","BANKB_EFUSE_RESISTANCE_BIT4",480920,"Parametric","",65,200,"ohms",91,91,91,0,1,0,81.4506,***
"EFUSE_RESISTANCE_MEASUREMENT","BANKB_EFUSE_RESISTANCE_BIT3",480930,"Parametric","",65,200,"ohms",79.6,79.6,79.6,0,1,0,81.4506,***
"EFUSE_RESISTANCE_MEASUREMENT","BANKB_EFUSE_RESISTANCE_BIT2",480940,"Parametric","",65,200,"ohms",91,91,91,0,1,0,81.4506,***
"EFUSE_RESISTANCE_MEASUREMENT","BANKB_EFUSE_RESISTANCE_BIT1",480950,"Parametric","",65,200,"ohms",91,91,91,0,1,0,81.4506,***
"EFUSE_RESISTANCE_MEASUREMENT","BANKB_EFUSE_RESISTANCE_BIT0",480960,"Parametric","",65,200,"ohms",91,91,91,0,1,0,81.4506,***
"Post_Vbias_Test","GENERAL TEST",510001,"Parametric","",1.75,1.85,"V",1.92352,1.92352,1.92352,0,0,1,0.047516,***