Test Suite,Test,Test#,Type,Pattern,Lower,Upper,Unit,Min,Max,Mean,Sdev,Time,TS Time
"CONTINUITY","CONTINUITY",10030,"Parametric","",-700,-300,"mV",-374.245,-367.93,-370.812,2.25434,0.307627,***
"CONTINUITY","CONTINUITY",10020,"Parametric","",-700,-300,"mV",-428.428,-423.533,-425.345,1.90965,0.307627,***
"CONTINUITY","CONTINUITY",10050,"Parametric","",-700,-300,"mV",-374.54,-368.45,-371.305,2.15487,0.307627,***
"CONTINUITY","CONTINUITY",10090,"Parametric","",-700,-300,"mV",-361.325,-355.576,-358.356,2.29826,0.307627,***
"CONTINUITY","CONTINUITY",10080,"Parametric","",-700,-300,"mV",-376.304,-369.873,-373.098,2.45936,0.307627,***
"CONTINUITY","CONTINUITY",10040,"Parametric","",-700,-300,"mV",-367.539,-361.904,-364.608,1.95243,0.307627,***
"CONTINUITY","CONTINUITY",10010,"Parametric","",-700,-300,"mV",-456.058,-444.048,-448.981,4.37877,0.307627,***
"CONTINUITY","CONTINUITY",10070,"Parametric","",-700,-200,"mV",-300.946,-297.531,-298.916,1.16014,0.307627,***
"CONTINUITY","CONTINUITY",10060,"Parametric","",-700,-300,"mV",-372.708,-352.56,-356.24,8.07282,0.307627,***
"CONTINUITY","CONTINUITY",10180,"Parametric","",-700,-120,"mV",-347.301,-345.243,-346.121,0.751987,0.307627,***
"CONTINUITY","CONTINUITY",10190,"Parametric","",-700,-120,"mV",-347.641,-345.648,-346.706,0.798337,0.307627,***
"CONTINUITY","CONTINUITY",10200,"Parametric","",-700,-120,"mV",-347.895,-346.046,-346.811,0.712705,0.307627,***
"CONTINUITY","CONTINUITY",10210,"Parametric","",-700,-120,"mV",-347.677,-346.111,-346.871,0.608772,0.307627,***
"CONTINUITY","CONTINUITY",10220,"Parametric","",-700,-120,"mV",-347.67,-345.959,-346.784,0.705755,0.307627,***
"CONTINUITY","CONTINUITY",10230,"Parametric","",-700,-120,"mV",-347.651,-345.793,-346.709,0.765574,0.307627,***
"CONTINUITY","CONTINUITY",10240,"Parametric","",-700,-120,"mV",-347.769,-345.943,-346.768,0.733368,0.307627,***
"CONTINUITY","CONTINUITY",10250,"Parametric","",-700,-120,"mV",-347.923,-345.695,-346.881,0.788299,0.307627,***
"CONTINUITY","CONTINUITY",10100,"Parametric","",-700,-100,"mV",-231.781,-231.081,-231.342,0.276431,0.307627,***
"CONTINUITY","CONTINUITY",10110,"Parametric","",-700,-120,"mV",-231.71,-231.232,-231.374,0.210485,0.307627,***
"CONTINUITY","CONTINUITY",10120,"Parametric","",-700,-120,"mV",-231.953,-230.967,-231.379,0.344292,0.307627,***
"CONTINUITY","CONTINUITY",10130,"Parametric","",-700,-120,"mV",-231.834,-231.094,-231.325,0.274982,0.307627,***
"CONTINUITY","CONTINUITY",10140,"Parametric","",-700,-120,"mV",-231.865,-231.068,-231.349,0.302259,0.307627,***
"CONTINUITY","CONTINUITY",10150,"Parametric","",-700,-120,"mV",-232.1,-230.957,-231.297,0.431966,0.307627,***
"CONTINUITY","CONTINUITY",10160,"Parametric","",-700,-120,"mV",-231.819,-230.778,-231.285,0.34166,0.307627,***
"CONTINUITY","CONTINUITY",10170,"Parametric","",-700,-120,"mV",-231.867,-231.012,-231.367,0.318858,0.307627,***
"Pin_to_Pin_Leakage","PIN_TO_PIN_POS_LEAKAGE_PIN",20010,"Parametric","",-9999,9999,"nA",-1.01438,687,179.459,242.378,0.311189,***
"Pin_to_Pin_Leakage","PIN_TO_PIN_NEG_LEAKAGE_PIN",20020,"Parametric","",-9999,9999,"nA",-514.588,-3.60086,-127.647,182.567,0.311189,***
"Pin_to_Pin_Leakage","PIN_TO_PIN_POS_LEAKAGE_PIN",20011,"Parametric","",-9999,9999,"nA",-762,-733,-749.833,9.5586,0.311189,***
"Gross_Functional_EN_FCB_FAULTB_OFF","EN_FCB_LOW_VOUT_LOW",30010,"Parametric","",-0.7,0.7,"V",0.000339508,0.00157356,0.000813166,0.000456123,0.318612,***
"Gross_Functional_EN_FCB_FAULTB_OFF","EN_FCB_LOW_OFF_HIGH",30020,"Parametric","",1.1,6,"V",1.8937,1.91539,1.90181,0.0100886,0.318612,***
"Gross_Functional_EN_FCB_FAULTB_OFF","FCB_LOW_VOUT_LOW",30030,"Parametric","",-0.7,0.7,"V",0.000324249,0.00196075,0.000889142,0.000586284,0.318612,***
"Gross_Functional_EN_FCB_FAULTB_OFF","FCB_LOW_OFF_HIGH",30040,"Parametric","",1.1,6,"V",1.89404,1.91613,1.90227,0.0102827,0.318612,***
"Gross_Functional_EN_FCB_FAULTB_OFF","EN_LOW_VOUT_LOW",30050,"Parametric","",-0.7,0.7,"V",0.000253677,0.00175095,0.000926654,0.000489676,0.318612,***
"Gross_Functional_EN_FCB_FAULTB_OFF","EN_LOW_OFF_HIGH",30060,"Parametric","",1.1,6,"V",1.89376,1.91533,1.90199,0.0100034,0.318612,***
"Gross_Functional_EN_FCB_FAULTB_OFF","EN_FCB_HIGH_VOUT_HIGH",30070,"Parametric","",4,6,"V",4.99977,5.00005,4.99989,0.000108532,0.318612,***
"Gross_Functional_EN_FCB_FAULTB_OFF","EN_FCB_HIGH_OFF_LOW",30080,"Parametric","",0,0.7,"V",0.000714269,0.00122652,0.000828102,0.000197165,0.318612,***
"Gross_Functional_EN_FCB_FAULTB_OFF","FAULT_SET_VOUT_LOW",30090,"Parametric","",-0.7,0.7,"V",-0.000125885,0.000179291,2.32062e-05,0.000131402,0.318612,***
"Gross_Functional_EN_FCB_FAULTB_OFF","FAULT_SET_OFF_HIGH",30100,"Parametric","",1.1,6,"V",1.93519,1.95819,1.94383,0.0102795,0.318612,***
"Gross_Functional_EN_FCB_FAULTB_OFF","FAULT_RESET_VOUT_HIGH",30110,"Parametric","",4,6,"V",4.99973,5.0004,5,0.000228709,0.318612,***
"Gross_Functional_EN_FCB_FAULTB_OFF","FAULT_RESET_OFF_LOW",30120,"Parametric","",0,0.7,"V",0.000714269,0.00122652,0.000818616,0.000201766,0.318612,***
"Output_disabled_leakage","IVDDDIS_VDD_3_VIN_3",40010,"Parametric","",-10,450,"uA",108.388,817.411,229.985,287.797,0.162811,***
"Output_disabled_leakage","IVINDIS_VDD_3_VIN_3",40050,"Parametric","",-10,450,"uA",68.8806,72.1961,70.3353,1.19475,0.162811,***
"Output_disabled_leakage","IOFF_VDD_3_VIN_3",40090,"Parametric","",-10,450,"uA",-2.77261,5.01244,1.50482,2.92453,0.162811,***
"Output_disabled_leakage","IVDDDIS_VDD_3_VIN_50",40180,"Parametric","",-10,450,"uA",114.367,820.294,232.963,287.734,0.162811,***
"Output_disabled_leakage","IVINDIS_VDD_3_VIN_50",40220,"Parametric","",-10,450,"uA",122.169,123.601,122.594,0.532743,0.162811,***
"Output_disabled_leakage","IOFF_VDD_3_VIN_50",40260,"Parametric","",-10,450,"uA",-1.81363,1.72484,0.231113,1.17441,0.162811,***
"Output_disabled_leakage","IVINVDD0_VIN_3",40130,"Parametric","",-10,450,"uA",62.8904,69.5912,65.6745,2.54254,0.162811,***
"Output_disabled_leakage","IOFFVDD0_VIN_3",40150,"Parametric","",-10,450,"uA",-2.02673,2.95465,0.481342,1.82468,0.162811,***
"Output_disabled_leakage","IVDDDIS_VDD_50_VIN_3",40190,"Parametric","",-10,450,"uA",139.302,848.934,260.008,288.522,0.162811,***
"Output_disabled_leakage","IVINDIS_VDD_50_VIN_3",40230,"Parametric","",-10,450,"uA",65.282,71.7696,68.3858,2.63781,0.162811,***
"Output_disabled_leakage","IOFF_VDD_50_VIN_3",40270,"Parametric","",-10,450,"uA",-2.54766,0.445452,-0.810251,1.21694,0.162811,***
"Output_disabled_leakage","IVDDDIS_VDD_50_VIN_50",40200,"Parametric","",-10,450,"uA",135.228,854.179,259.955,291.125,0.162811,***
"Output_disabled_leakage","IVINDIS_VDD_50_VIN_50",40240,"Parametric","",-10,450,"uA",116.913,123.436,119.529,2.43283,0.162811,***
"Output_disabled_leakage","IOFF_VDD_50_VIN_50",40280,"Parametric","",-10,450,"uA",-2.73783,3.17959,-0.0472318,2.43647,0.162811,***
"Output_disabled_leakage","IVINVDD0_VIN_50",40300,"Parametric","",-10,450,"uA",154.112,156.598,155.705,1.0069,0.162811,***
"Output_disabled_leakage","IOFFVDD0_VIN_50",40320,"Parametric","",-10,450,"uA",-1.61237,2.90654,0.433984,1.9051,0.162811,***
"EN_pullup_resistor","EN0V_PULLUP_RES",50010,"Parametric","",0,220,"Kohm",196.192,200.768,197.972,1.53292,0.07664,***
"EN_pullup_resistor","EN1V_PULLUP_RES",50020,"Parametric","",0,220,"Kohm",196.642,205.801,199.434,3.22038,0.07664,***
"EN_pullup_resistor","EN0V_Current",50030,"Parametric","",-20,10,"uA",-9.17466,-8.96556,-9.09264,0.0699367,0.07664,***
"EN_pullup_resistor","EN1V_Current",50040,"Parametric","",-6,6,"uA",-4.06831,-3.88725,-4.01221,0.0633724,0.07664,***
"Leakage_Test","IOFF_REVERSE_VOUT_VIN_LEAKAGE_1mA",60030,"Parametric","",-500,-100,"mV",-273.264,-272.356,-272.964,0.318699,0.08277,***
"Leakage_Test","IOFF_REVERSE_VOUT_VIN_LEAKAGE_10mA",60040,"Parametric","",-500,-100,"mV",-335.142,-334.314,-334.556,0.302212,0.08277,***
"Leakage_Test","IOFF_REVERSE_VOUT_VIN_LEAKAGE_100mA",60050,"Parametric","",-500,-100,"mV",-217.031,-213.139,-214.598,1.47844,0.08277,***
"Nominal_Input_pin_Leakages","LEAKAGE",70010,"Parametric","",0,100,"uA",24.4855,24.8221,24.6053,0.136307,0.257879,***
"Nominal_Input_pin_Leakages","LEAKAGE",70060,"Parametric","",-0.1,100,"uA",0.0018538,0.00642314,0.00515388,0.00167619,0.257879,***
"Nominal_Input_pin_Leakages","LEAKAGE",70020,"Parametric","",-0.1,100,"uA",0.0366117,0.136876,0.0742106,0.0345511,0.257879,***
"Nominal_Input_pin_Leakages","LEAKAGE",70040,"Parametric","",0,100,"uA",25.8898,27.8351,26.3488,0.736439,0.257879,***
"Nominal_Input_pin_Leakages","LEAKAGE",70030,"Parametric","",0,100,"uA",17.0045,17.1803,17.0924,0.0566996,0.257879,***
"Nominal_Input_pin_Leakages","LEAKAGE",70080,"Parametric","",-0.1,100,"uA",0.0241387,0.07472,0.0452143,0.0248656,0.257879,***
"Nominal_Input_pin_Leakages","LEAKAGE",70050,"Parametric","",0,100,"uA",47.9661,53.2322,49.1923,1.99359,0.257879,***
"Nominal_Input_pin_Leakages","LEAKAGE",70070,"Parametric","",0,100,"uA",18.7246,25.978,24.264,2.73358,0.257879,***
"Nominal_Input_pin_Leakages","LEAKAGE_2V",70090,"Parametric","",-0.1,100,"uA",-0.0580667,0.0683866,0.0135902,0.0540455,0.257879,***
"Output_enabled_leakage","IVDD_VDD_3_Vin_3",80001,"Parametric","",0,450,"uA",96.2773,807.062,218.775,288.224,0.542341,***
"Output_enabled_leakage","IVIN_VDD_3_Vin_3",80005,"Parametric","",0,450,"uA",52.8041,56.7213,55.1553,1.38915,0.542341,***
"Output_enabled_leakage","IVDD_VDD_3_Vin_50",80018,"Parametric","",0,450,"uA",102.22,810.66,223.502,287.658,0.542341,***
"Output_enabled_leakage","IVIN_VDD_3_Vin_50",80022,"Parametric","",0,450,"uA",86.342,89.4107,88.0227,1.18484,0.542341,***
"Output_enabled_leakage","IVDD_VDD_50_Vin_3",80019,"Parametric","",0,450,"uA",110.247,819.944,231.054,288.504,0.542341,***
"Output_enabled_leakage","IVIN_VDD_50_Vin_3",80023,"Parametric","",0,450,"uA",50.7808,58.176,54.6071,2.64824,0.542341,***
"Output_enabled_leakage","IVDD_VDD_50_Vin_50",80020,"Parametric","",0,450,"uA",109.644,824.302,234.603,288.944,0.542341,***
"Output_enabled_leakage","IVIN_VDD_50_Vin_50",80024,"Parametric","",0,450,"uA",86.8421,91.7064,88.8434,1.7553,0.542341,***
"IVDDFL_IVINFL_RONFL","RON_200mAVDD_5_VIN_5",90040,"Parametric","",0.04,0.07,"ohm",0.0560015,0.0567893,0.0564527,0.000343602,0.0860045,***
"IVDDFL_IVINFL_RONFL","DEVICE_VARIENT_TRUE",90060,"Parametric","",1,1,"",1,1,1,0,0.0860045,***
"SCAN","Scan_test",330010,"Functional","_rdi_burst_SCAN_bk4_mp",***,***," ",***,***,***,***,0.088613,***
"Logic","Logic_test",340010,"Functional","_rdi_burst_Logic_bk6_mp",***,***," ",***,***,***,***,0.277113,***
"Vreftrim","VBIAS_VALUE_CODE0",180020,"Parametric","",0,3,"V",1.89262,1.91476,1.9012,0.0100806,2.14169,***
"Vreftrim","VBIAS_VALUE_CODE1",180030,"Parametric","",0,3,"V",1.90918,1.93144,1.91796,0.00997189,2.14169,***
"Vreftrim","VBIAS_VALUE_CODE2",180040,"Parametric","",0,3,"V",1.92654,1.94868,1.93522,0.0100359,2.14169,***
"Vreftrim","VBIAS_VALUE_CODE3",180050,"Parametric","",0,3,"V",1.94339,1.9661,1.95254,0.0101737,2.14169,***
"Vreftrim","VBIAS_VALUE_CODE4",180060,"Parametric","",0,3,"V",1.96092,1.98408,1.97035,0.0102774,2.14169,***
"Vreftrim","VBIAS_VALUE_CODE5",180070,"Parametric","",0,3,"V",1.97782,2.00173,1.98751,0.0105041,2.14169,***
"Vreftrim","VBIAS_VALUE_CODE6",180080,"Parametric","",0,3,"V",1.99524,2.01897,2.00482,0.0105809,2.14169,***
"Vreftrim","VBIAS_VALUE_CODE7",180090,"Parametric","",0,3,"V",2.01237,2.03599,2.02211,0.0106252,2.14169,***
"Vreftrim","VBIAS_VALUE_CODE8",180100,"Parametric","",0,3,"V",2.03098,2.05426,2.04024,0.010496,2.14169,***
"Vreftrim","VBIAS_VALUE_CODE9",180110,"Parametric","",0,3,"V",2.04811,2.07145,2.05741,0.010606,2.14169,***
"Vreftrim","VBIAS_VALUE_CODE10",180120,"Parametric","",0,3,"V",2.06519,2.08915,2.07482,0.0108119,2.14169,***
"Vreftrim","VBIAS_VALUE_CODE11",180130,"Parametric","",0,3,"V",2.08204,2.10634,2.09201,0.0109164,2.14169,***
"Vreftrim","VBIAS_VALUE_CODE12",180140,"Parametric","",0,3,"V",2.0998,2.12484,2.10993,0.0110981,2.14169,***
"Vreftrim","VBIAS_VALUE_CODE13",180150,"Parametric","",0,3,"V",2.11664,2.14186,2.12713,0.0112154,2.14169,***
"Vreftrim","VBIAS_VALUE_CODE14",180160,"Parametric","",0,3,"V",2.13411,2.15933,2.14445,0.0112846,2.14169,***
"Vreftrim","VBIAS_VALUE_CODE15",180170,"Parametric","",0,3,"V",2.15102,2.17657,2.16162,0.0113068,2.14169,***
"Vreftrim","VBIAS_VALUE_CODE16",180180,"Parametric","",0,3,"V",1.61606,1.63319,1.62293,0.00795538,2.14169,***
"Vreftrim","VBIAS_VALUE_CODE17",180190,"Parametric","",0,3,"V",1.63297,1.65044,1.64007,0.00805203,2.14169,***
"Vreftrim","VBIAS_VALUE_CODE18",180200,"Parametric","",0,3,"V",1.64976,1.66757,1.65712,0.00818776,2.14169,***
"Vreftrim","VBIAS_VALUE_CODE19",180210,"Parametric","",0,3,"V",1.66689,1.68521,1.67428,0.00842782,2.14169,***
"Vreftrim","VBIAS_VALUE_CODE20",180220,"Parametric","",0,3,"V",1.68413,1.70314,1.692,0.00849067,2.14169,***
"Vreftrim","VBIAS_VALUE_CODE21",180230,"Parametric","",0,3,"V",1.70115,1.71999,1.70907,0.00844425,2.14169,***
"Vreftrim","VBIAS_VALUE_CODE22",180240,"Parametric","",0,3,"V",1.71828,1.73775,1.72634,0.00872883,2.14169,***
"Vreftrim","VBIAS_VALUE_CODE23",180250,"Parametric","",0,3,"V",1.7353,1.75471,1.7433,0.00879303,2.14169,***
"Vreftrim","VBIAS_VALUE_CODE24",180260,"Parametric","",0,3,"V",1.7538,1.77292,1.76155,0.00861945,2.14169,***
"Vreftrim","VBIAS_VALUE_CODE25",180270,"Parametric","",0,3,"V",1.77093,1.79017,1.77862,0.00876387,2.14169,***
"Vreftrim","VBIAS_VALUE_CODE26",180280,"Parametric","",0,3,"V",1.78784,1.80753,1.79586,0.00888586,2.14169,***
"Vreftrim","VBIAS_VALUE_CODE27",180290,"Parametric","",0,3,"V",1.80514,1.82466,1.81293,0.00908627,2.14169,***
"Vreftrim","VBIAS_VALUE_CODE28",180300,"Parametric","",0,3,"V",1.82244,1.84282,1.83087,0.00923537,2.14169,***
"Vreftrim","VBIAS_VALUE_CODE29",180310,"Parametric","",0,3,"V",1.83934,1.85989,1.84787,0.00925327,2.14169,***
"Vreftrim","VBIAS_VALUE_CODE30",180320,"Parametric","",0,3,"V",1.85648,1.87708,1.86507,0.00934059,2.14169,***
"Vreftrim","VBIAS_VALUE_CODE31",180330,"Parametric","",0,3,"V",1.87338,1.8945,1.88223,0.00943299,2.14169,***
"Vreftrim","VREF_TRIM_CODE",180010,"Parametric","",0,31,"Code",26,27,26.5,0.547723,2.14169,***
"Vreftrim","VBIAS_BEST_FIT_VALUE",180340,"Parametric","",0,3,"V",1.79472,1.80753,1.80429,0.0047581,2.14169,***
"SS_Current_Trim","SS_CURRENT_CODE0",220040,"Parametric","",-20,20,"uA",-10.517,-10.231,-10.3478,0.125904,2.45094,***
"SS_Current_Trim","SS_CURRENT_CODE1",220050,"Parametric","",-20,20,"uA",-10.672,-10.378,-10.4955,0.128266,2.45094,***
"SS_Current_Trim","SS_CURRENT_CODE2",220060,"Parametric","",-20,20,"uA",-10.812,-10.515,-10.635,0.128572,2.45094,***
"SS_Current_Trim","SS_CURRENT_CODE3",220070,"Parametric","",-20,20,"uA",-10.951,-10.652,-10.772,0.130131,2.45094,***
"SS_Current_Trim","SS_CURRENT_CODE4",220080,"Parametric","",-20,20,"uA",-11.113,-10.809,-10.9287,0.131695,2.45094,***
"SS_Current_Trim","SS_CURRENT_CODE5",220090,"Parametric","",-20,20,"uA",-11.255,-10.951,-11.073,0.132002,2.45094,***
"SS_Current_Trim","SS_CURRENT_CODE6",220100,"Parametric","",-20,20,"uA",-11.415,-11.111,-11.231,0.133538,2.45094,***
"SS_Current_Trim","SS_CURRENT_CODE7",220110,"Parametric","",-20,20,"uA",-11.595,-11.283,-11.4045,0.135444,2.45094,***
"SS_Current_Trim","SS_CURRENT_CODE8",220120,"Parametric","",-20,20,"uA",-11.762,-11.443,-11.5722,0.137319,2.45094,***
"SS_Current_Trim","SS_CURRENT_CODE9",220130,"Parametric","",-20,20,"uA",-11.922,-11.6,-11.7335,0.139342,2.45094,***
"SS_Current_Trim","SS_CURRENT_CODE10",220140,"Parametric","",-20,20,"uA",-12.105,-11.783,-11.9122,0.139753,2.45094,***
"SS_Current_Trim","SS_CURRENT_CODE11",220150,"Parametric","",-20,20,"uA",-12.3,-11.97,-12.105,0.142068,2.45094,***
"SS_Current_Trim","SS_CURRENT_CODE12",220160,"Parametric","",-20,20,"uA",-12.482,-12.153,-12.2848,0.142508,2.45094,***
"SS_Current_Trim","SS_CURRENT_CODE13",220170,"Parametric","",-20,20,"uA",-12.693,-12.361,-12.4928,0.144381,2.45094,***
"SS_Current_Trim","SS_CURRENT_CODE14",220180,"Parametric","",-20,20,"uA",-12.898,-12.561,-12.6937,0.145816,2.45094,***
"SS_Current_Trim","SS_CURRENT_CODE15",220190,"Parametric","",-20,20,"uA",-13.104,-12.756,-12.8923,0.149235,2.45094,***
"SS_Current_Trim","SS_CURRENT_CODE16",220200,"Parametric","",-20,20,"uA",-8.717,-8.464,-8.5705,0.109632,2.45094,***
"SS_Current_Trim","SS_CURRENT_CODE17",220210,"Parametric","",-20,20,"uA",-8.801,-8.55,-8.65733,0.111166,2.45094,***
"SS_Current_Trim","SS_CURRENT_CODE18",220220,"Parametric","",-20,20,"uA",-8.9,-8.641,-8.75267,0.111692,2.45094,***
"SS_Current_Trim","SS_CURRENT_CODE19",220230,"Parametric","",-20,20,"uA",-9.014,-8.748,-8.85717,0.114913,2.45094,***
"SS_Current_Trim","SS_CURRENT_CODE20",220240,"Parametric","",-20,20,"uA",-9.103,-8.839,-8.9485,0.114469,2.45094,***
"SS_Current_Trim","SS_CURRENT_CODE21",220250,"Parametric","",-20,20,"uA",-9.207,-8.951,-9.0575,0.11411,2.45094,***
"SS_Current_Trim","SS_CURRENT_CODE22",220260,"Parametric","",-20,20,"uA",-9.316,-9.052,-9.1615,0.116595,2.45094,***
"SS_Current_Trim","SS_CURRENT_CODE23",220270,"Parametric","",-20,20,"uA",-9.415,-9.146,-9.25933,0.118071,2.45094,***
"SS_Current_Trim","SS_CURRENT_CODE24",220280,"Parametric","",-20,20,"uA",-9.526,-9.252,-9.36983,0.118356,2.45094,***
"SS_Current_Trim","SS_CURRENT_CODE25",220290,"Parametric","",-20,20,"uA",-9.648,-9.374,-9.4885,0.118461,2.45094,***
"SS_Current_Trim","SS_CURRENT_CODE26",220300,"Parametric","",-20,20,"uA",-9.764,-9.488,-9.60317,0.118901,2.45094,***
"SS_Current_Trim","SS_CURRENT_CODE27",220310,"Parametric","",-20,20,"uA",-9.879,-9.59,-9.71217,0.123443,2.45094,***
"SS_Current_Trim","SS_CURRENT_CODE28",220320,"Parametric","",-20,20,"uA",-10.008,-9.726,-9.842,0.122879,2.45094,***
"SS_Current_Trim","SS_CURRENT_CODE29",220330,"Parametric","",-20,20,"uA",-10.122,-9.835,-9.95517,0.124371,2.45094,***
"SS_Current_Trim","SS_CURRENT_CODE30",220340,"Parametric","",-20,20,"uA",-10.251,-9.962,-10.0822,0.125033,2.45094,***
"SS_Current_Trim","SS_CURRENT_CODE31",220350,"Parametric","",-20,20,"uA",-10.393,-10.102,-10.2208,0.125821,2.45094,***
"SS_Current_Trim","SS_CURRENT_TRIM_CODE",220030,"Parametric","",0,31,"Code",28,30,29.1667,0.983192,2.45094,***
"SS_Current_Trim","SS_CURRENT_BEST_FIT_VALUE",220360,"Parametric","",-20,20,"uA",-10.008,-9.962,-9.98083,0.0185731,2.45094,***
"SS_Gain","CURRENT_SS_0P1V_CODE0",230020,"Parametric","",0,3500,"mA",205.791,215.271,210.819,3.31805,3.80331,***
"SS_Gain","CURRENT_SS_0P2V_CODE0",230180,"Parametric","",0,3500,"mA",430.515,446.597,439.294,5.88763,3.80331,***
"SS_Gain","CURRENT_SS_0P1V_CODE1",230030,"Parametric","",0,3500,"mA",238.835,249.338,244.393,3.70507,3.80331,***
"SS_Gain","CURRENT_SS_0P2V_CODE1",230190,"Parametric","",0,3500,"mA",493.048,511.407,503.022,6.72909,3.80331,***
"SS_Gain","CURRENT_SS_0P1V_CODE2",230040,"Parametric","",0,3500,"mA",271.177,282.957,277.501,4.27996,3.80331,***
"SS_Gain","CURRENT_SS_0P2V_CODE2",230200,"Parametric","",0,3500,"mA",555.72,576.459,566.769,7.60623,3.80331,***
"SS_Gain","CURRENT_SS_0P1V_CODE3",230050,"Parametric","",0,3500,"mA",304.641,317.245,311.337,4.51296,3.80331,***
"SS_Gain","CURRENT_SS_0P2V_CODE3",230210,"Parametric","",0,3500,"mA",618.612,640.9,630.953,8.36951,3.80331,***
"SS_Gain","CURRENT_SS_0P1V_CODE4",230060,"Parametric","",0,3500,"mA",336.805,350.941,344.136,5.12089,3.80331,***
"SS_Gain","CURRENT_SS_0P2V_CODE4",230220,"Parametric","",0,3500,"mA",680.546,705.458,693.815,9.17767,3.80331,***
"SS_Gain","CURRENT_SS_0P1V_CODE5",230070,"Parametric","",0,3500,"mA",370.043,385.626,378.211,5.69944,3.80331,***
"SS_Gain","CURRENT_SS_0P2V_CODE5",230230,"Parametric","",0,3500,"mA",745.054,771.501,758.909,10.0254,3.80331,***
"SS_Gain","CURRENT_SS_0P1V_CODE6",230080,"Parametric","",0,3500,"mA",403.351,420.04,412.22,6.11246,3.80331,***
"SS_Gain","CURRENT_SS_0P2V_CODE6",230240,"Parametric","",0,3500,"mA",808.776,836.716,823.763,10.5864,3.80331,***
"SS_Gain","CURRENT_SS_0P1V_CODE7",230090,"Parametric","",0,3500,"mA",437.153,454.526,446.464,6.41845,3.80331,***
"SS_Gain","CURRENT_SS_0P2V_CODE7",230250,"Parametric","",0,3500,"mA",873.51,903.435,889.31,11.3364,3.80331,***
"SS_Gain","CURRENT_SS_0P1V_CODE8",230100,"Parametric","",0,3500,"mA",469.532,488.08,479.601,6.84753,3.80331,***
"SS_Gain","CURRENT_SS_0P2V_CODE8",230260,"Parametric","",0,3500,"mA",936.34,966.137,952.445,11.4514,3.80331,***
"SS_Gain","CURRENT_SS_0P1V_CODE9",230110,"Parametric","",0,3500,"mA",503.9,523.3,514.304,7.22403,3.80331,***
"SS_Gain","CURRENT_SS_0P2V_CODE9",230270,"Parametric","",0,3500,"mA",1001.5,1034.11,1019.1,12.5296,3.80331,***
"SS_Gain","CURRENT_SS_0P1V_CODE10",230120,"Parametric","",0,3500,"mA",537.312,558.13,548.544,7.64734,3.80331,***
"SS_Gain","CURRENT_SS_0P2V_CODE10",230280,"Parametric","",0,3500,"mA",1065.9,1099.74,1084.47,13.0019,3.80331,***
"SS_Gain","CURRENT_SS_0P1V_CODE11",230130,"Parametric","",0,3500,"mA",571.271,592.572,583.078,8.07175,3.80331,***
"SS_Gain","CURRENT_SS_0P2V_CODE11",230290,"Parametric","",0,3500,"mA",1131.42,1166.54,1150.69,13.6541,3.80331,***
"SS_Gain","CURRENT_SS_0P1V_CODE12",230140,"Parametric","",0,3500,"mA",605.103,627.878,617.105,8.5733,3.80331,***
"SS_Gain","CURRENT_SS_0P2V_CODE12",230300,"Parametric","",0,3500,"mA",1195.04,1232.34,1215.09,14.5391,3.80331,***
"SS_Gain","CURRENT_SS_0P1V_CODE13",230150,"Parametric","",0,3500,"mA",638.676,662.876,651.779,9.05345,3.80331,***
"SS_Gain","CURRENT_SS_0P2V_CODE13",230310,"Parametric","",0,3500,"mA",1260.22,1300.01,1281.4,15.3907,3.80331,***
"SS_Gain","CURRENT_SS_0P1V_CODE14",230160,"Parametric","",0,3500,"mA",673.364,697.911,686.497,9.19862,3.80331,***
"SS_Gain","CURRENT_SS_0P2V_CODE14",230320,"Parametric","",0,3500,"mA",1325.52,1366.49,1347.37,15.8757,3.80331,***
"SS_Gain","CURRENT_SS_0P1V_CODE15",230170,"Parametric","",0,3500,"mA",707.131,733.376,721.493,9.94279,3.80331,***
"SS_Gain","CURRENT_SS_0P2V_CODE15",230330,"Parametric","",0,3500,"mA",1391.04,1433.78,1414.03,16.7113,3.80331,***
"SS_Gain","SS_GAIN_TRIM_CODE",230010,"Parametric","",0,15,"Code",9,9,9,0,3.80331,***
"SS_Gain","BEST_CURR_SS_0p2V",230340,"Parametric","",0,3500,"mA",1001.5,1034.11,1019.1,12.5296,3.80331,***
"SS_Gain","BEST_CURR_SS_0p1V",230350,"Parametric","",0,3500,"mA",503.9,523.3,514.304,7.22403,3.80331,***
"SS_Gain","BEST_CURR_SS_delta",230360,"Parametric","",0,2000,"mA",497.6,511.046,504.794,5.4729,3.80331,***
"SSoffset_Trim","SS_OFFSET_CURRENT_CODE0",240020,"Parametric","",-550,-0.7,"mA",-230.391,-219.876,-225.552,3.95768,2.87687,***
"SSoffset_Trim","SS_OFFSET_CURRENT_CODE1",240030,"Parametric","",-550,-0.7,"mA",-224.903,-214.151,-219.836,3.9736,2.87687,***
"SSoffset_Trim","SS_OFFSET_CURRENT_CODE2",240040,"Parametric","",-550,0,"mA",-211.597,-201.058,-206.886,3.91393,2.87687,***
"SSoffset_Trim","SS_OFFSET_CURRENT_CODE3",240050,"Parametric","",-550,0,"mA",-211.623,-201.113,-206.934,3.8849,2.87687,***
"SSoffset_Trim","SS_OFFSET_CURRENT_CODE4",240060,"Parametric","",-550,0,"mA",-185.23,-175.143,-181.221,3.79975,2.87687,***
"SSoffset_Trim","SS_OFFSET_CURRENT_CODE5",240070,"Parametric","",-550,0,"mA",-198.17,-188.044,-194.031,3.89603,2.87687,***
"SSoffset_Trim","SS_OFFSET_CURRENT_CODE6",240080,"Parametric","",-550,0,"mA",-185.083,-175.483,-181.299,3.70654,2.87687,***
"SSoffset_Trim","SS_OFFSET_CURRENT_CODE7",240090,"Parametric","",-550,0,"mA",-185.071,-175.332,-181.256,3.74106,2.87687,***
"SSoffset_Trim","SS_OFFSET_CURRENT_CODE8",240100,"Parametric","",-550,0,"mA",-134.709,-125.57,-131.396,3.42396,2.87687,***
"SSoffset_Trim","SS_OFFSET_CURRENT_CODE9",240110,"Parametric","",-550,0,"mA",-172.809,-163.595,-169.134,3.53049,2.87687,***
"SSoffset_Trim","SS_OFFSET_CURRENT_CODE10",240120,"Parametric","",-550,0,"mA",-159.899,-150.906,-156.461,3.50879,2.87687,***
"SSoffset_Trim","SS_OFFSET_CURRENT_CODE11",240130,"Parametric","",-550,0,"mA",-160.07,-150.737,-156.571,3.57668,2.87687,***
"SSoffset_Trim","SS_OFFSET_CURRENT_CODE12",240140,"Parametric","",-550,0,"mA",-134.913,-125.883,-131.417,3.32957,2.87687,***
"SSoffset_Trim","SS_OFFSET_CURRENT_CODE13",240150,"Parametric","",-550,0,"mA",-147.319,-138.115,-143.858,3.43872,2.87687,***
"SSoffset_Trim","SS_OFFSET_CURRENT_CODE14",240160,"Parametric","",-550,0,"mA",-134.583,-125.862,-131.453,3.22882,2.87687,***
"SSoffset_Trim","SS_OFFSET_CURRENT_CODE15",240170,"Parametric","",-550,0,"mA",-134.761,-125.443,-131.322,3.4013,2.87687,***
"SSoffset_Trim","SS_OFFSET_TRIM_CODE",240010,"Parametric","",0,15,"Code",12,15,13.8333,1.47196,2.87687,***
"SSoffset_Trim","BEST_Curr_SS_0p04V",240180,"Parametric","",-550,0,"mA",-134.583,-125.443,-131.241,3.39877,2.87687,***
"VDD_UVLO_OTS_POR","Low_Temp_Voltage_bank0",200130,"Parametric","",-0.5,0.5,"V",0.000714269,0.00134035,0.000885018,0.000227666,0.260773,***
"VDD_UVLO_OTS_POR","High_Temp_Voltage_bank0",200140,"Parametric","",0,2,"V",1.88994,1.91265,1.89938,0.0100507,0.260773,***
"VDD_UVLO_OTS_POR","Low_Temp_Voltage_bank0_reset",200150,"Parametric","",0,0.5,"V",0.000714269,0.00128343,0.00085656,0.000215232,0.260773,***
"VDD_UVLO_OTS_POR","Low_Temp_Voltage_bank1",200160,"Parametric","",0,0.5,"V",0.000714269,0.00122652,0.000847074,0.000189342,0.260773,***
"VDD_UVLO_OTS_POR","High_Temp_Voltage_bank1",200170,"Parametric","",0,2,"V",1.88994,1.91294,1.89948,0.0102815,0.260773,***
"VDD_UVLO_OTS_POR","Low_Temp_Voltage_bank1_reset",200180,"Parametric","",-0.5,0.5,"V",0.000771185,0.00122652,0.00085656,0.000182666,0.260773,***
"UVLO_POR_redundancy","I_ISEN_UVLO",410010,"Parametric","",8,12.5,"uA",10.382,10.476,10.4202,0.0372205,7.72177,***
"UVLO_POR_redundancy","I_IN_VDD3V",410020,"Parametric","",-300,300,"nA",-1,-1,-1,0,7.72177,***
"UVLO_POR_redundancy","VDD_UVLO_Falling",410030,"Parametric","",2,2.7,"V",2.435,2.475,2.455,0.0170294,7.72177,***
"UVLO_POR_redundancy","I_IN_VDD_UVLO_Falling",410040,"Parametric","",8,12.5,"uA",10.3797,10.4737,10.4178,0.0372139,7.72177,***
"UVLO_POR_redundancy","VBIAS_POR_Falling",410050,"Parametric","",1.1,1.45,"V",1.23,1.25,1.2425,0.00821583,7.72177,***
"UVLO_POR_redundancy","I_IN_VBIAS_POR_Falling",410060,"Parametric","",20,32,"uA",26.1116,26.3785,26.2048,0.109499,7.72177,***
"UVLO_POR_redundancy","VBIAS_PORsu_Falling",410070,"Parametric","",0.725,1.2,"V",0.935,0.965,0.946667,0.0121106,7.72177,***
"UVLO_POR_redundancy","I_IN_VBIAS_PORsu_Falling",410080,"Parametric","",35,50,"uA",42.1282,42.5374,42.3269,0.149336,7.72177,***
"UVLO_POR_redundancy","VBIAS_PORsu_Rising",410090,"Parametric","",0.8,1.25,"V",1.005,1.045,1.02083,0.0177247,7.72177,***
"UVLO_POR_redundancy","I_IN_VBIAS_PORsu_Rising",410100,"Parametric","",20,32,"uA",25.9617,26.2031,26.0502,0.103142,7.72177,***
"UVLO_POR_redundancy","PORsu_Hysteresis",410110,"Parametric","",0.001,0.14,"",0.065,0.09,0.0741667,0.00861201,7.72177,***
"UVLO_POR_redundancy","VBIAS_POR_Rising",410120,"Parametric","",1.2,1.55,"V",1.445,1.485,1.46167,0.018619,7.72177,***
"UVLO_POR_redundancy","I_IN_VBIAS_POR_Rising",410130,"Parametric","",8,12.5,"uA",10.3415,10.4381,10.3839,0.041658,7.72177,***
"UVLO_POR_redundancy","POR_Hysteresis",410140,"Parametric","",0.09,0.25,"",0.205,0.24,0.219167,0.0146344,7.72177,***
"UVLO_POR_redundancy","VDD_UVLO_Rising",410150,"Parametric","",2.2,2.75,"V",2.615,2.66,2.64083,0.0153025,7.72177,***
"UVLO_POR_redundancy","I_IN_VDD_UVLO_Rising",410160,"Parametric","",-300,300,"nA",-7.51877,-2.43574,-4.97725,2.2732,7.72177,***
"UVLO_POR_redundancy","VDD_UVLO_Hysteresis",410170,"Parametric","",0.1,0.25,"",0.175,0.205,0.185833,0.0120069,7.72177,***
"ILIM_gain_Trim","ILIM_GAIN_20PIMAX_CODE0",270020,"Parametric","",-100,100,"uA",-32.483,-30.602,-31.45,0.826616,3.81306,***
"ILIM_gain_Trim","ILIM_GAIN_20PIMAX_CODE1",270030,"Parametric","",-100,100,"uA",-31.438,-29.648,-30.4445,0.787335,3.81306,***
"ILIM_gain_Trim","ILIM_GAIN_20PIMAX_CODE2",270040,"Parametric","",-100,100,"uA",-30.395,-28.663,-29.4168,0.772,3.81306,***
"ILIM_gain_Trim","ILIM_GAIN_20PIMAX_CODE3",270050,"Parametric","",-100,100,"uA",-29.36,-27.676,-28.4058,0.740794,3.81306,***
"ILIM_gain_Trim","ILIM_GAIN_20PIMAX_CODE4",270060,"Parametric","",-100,100,"uA",-28.327,-26.671,-27.4017,0.726036,3.81306,***
"ILIM_gain_Trim","ILIM_GAIN_20PIMAX_CODE5",270070,"Parametric","",-100,100,"uA",-27.254,-25.678,-26.3858,0.692837,3.81306,***
"ILIM_gain_Trim","ILIM_GAIN_20PIMAX_CODE6",270080,"Parametric","",-100,100,"uA",-26.191,-24.704,-25.349,0.667668,3.81306,***
"ILIM_gain_Trim","ILIM_GAIN_20PIMAX_CODE7",270090,"Parametric","",-100,100,"uA",-25.138,-23.716,-24.335,0.637009,3.81306,***
"ILIM_gain_Trim","ILIM_GAIN_20PIMAX_CODE8",270100,"Parametric","",-100,100,"uA",-24.156,-22.747,-23.356,0.609526,3.81306,***
"ILIM_gain_Trim","ILIM_GAIN_20PIMAX_CODE9",270110,"Parametric","",-100,100,"uA",-23.123,-21.762,-22.3483,0.577783,3.81306,***
"ILIM_gain_Trim","ILIM_GAIN_20PIMAX_CODE10",270120,"Parametric","",-100,100,"uA",-22.053,-20.772,-21.3085,0.552333,3.81306,***
"ILIM_gain_Trim","ILIM_GAIN_20PIMAX_CODE11",270130,"Parametric","",-100,100,"uA",-21.027,-19.785,-20.2947,0.53036,3.81306,***
"ILIM_gain_Trim","ILIM_GAIN_20PIMAX_CODE12",270140,"Parametric","",-100,100,"uA",-19.924,-18.77,-19.291,0.511839,3.81306,***
"ILIM_gain_Trim","ILIM_GAIN_20PIMAX_CODE13",270150,"Parametric","",-100,100,"uA",-18.879,-17.788,-18.2778,0.477596,3.81306,***
"ILIM_gain_Trim","ILIM_GAIN_20PIMAX_CODE14",270160,"Parametric","",-100,100,"uA",-17.823,-16.806,-17.2423,0.452985,3.81306,***
"ILIM_gain_Trim","ILIM_GAIN_20PIMAX_CODE15",270170,"Parametric","",-100,100,"uA",-16.77,-15.811,-16.2282,0.422764,3.81306,***
"ILIM_gain_Trim","ILIM_GAIN_20PIMAX_CODE16",270180,"Parametric","",-100,100,"uA",-15.755,-14.834,-15.2597,0.403169,3.81306,***
"ILIM_gain_Trim","ILIM_GAIN_20PIMAX_CODE17",270190,"Parametric","",-100,100,"uA",-14.702,-13.846,-14.2452,0.374194,3.81306,***
"ILIM_gain_Trim","ILIM_GAIN_20PIMAX_CODE18",270200,"Parametric","",-100,100,"uA",-13.632,-12.864,-13.2053,0.346572,3.81306,***
"ILIM_gain_Trim","ILIM_GAIN_20PIMAX_CODE19",270210,"Parametric","",-100,100,"uA",-12.597,-11.874,-12.1943,0.321305,3.81306,***
"ILIM_gain_Trim","ILIM_GAIN_20PIMAX_CODE20",270220,"Parametric","",-100,100,"uA",-11.617,-10.862,-11.1857,0.305201,3.81306,***
"ILIM_gain_Trim","ILIM_GAIN_20PIMAX_CODE21",270230,"Parametric","",-100,100,"uA",-10.556,-9.872,-10.1733,0.276053,3.81306,***
"ILIM_gain_Trim","ILIM_GAIN_20PIMAX_CODE22",270240,"Parametric","",-100,100,"uA",-9.493,-8.89,-9.13533,0.251533,3.81306,***
"ILIM_gain_Trim","ILIM_GAIN_20PIMAX_CODE23",270250,"Parametric","",-100,100,"uA",-8.435,-7.908,-8.12583,0.218397,3.81306,***
"ILIM_gain_Trim","ILIM_GAIN_20PIMAX_CODE24",270260,"Parametric","",-100,100,"uA",-7.408,-6.938,-7.1445,0.191699,3.81306,***
"ILIM_gain_Trim","ILIM_GAIN_20PIMAX_CODE25",270270,"Parametric","",-100,100,"uA",-6.362,-5.951,-6.131,0.162883,3.81306,***
"ILIM_gain_Trim","ILIM_GAIN_20PIMAX_CODE26",270280,"Parametric","",-100,100,"uA",-5.302,-4.969,-5.09683,0.137561,3.81306,***
"ILIM_gain_Trim","ILIM_GAIN_20PIMAX_CODE27",270290,"Parametric","",-100,100,"uA",-4.257,-3.976,-4.08317,0.109229,3.81306,***
"ILIM_gain_Trim","ILIM_GAIN_20PIMAX_CODE28",270300,"Parametric","",-100,100,"uA",-3.194,-2.966,-3.07283,0.0873394,3.81306,***
"ILIM_gain_Trim","ILIM_GAIN_20PIMAX_CODE29",270310,"Parametric","",-100,100,"uA",-2.136,-1.979,-2.0605,0.0581816,3.81306,***
"ILIM_gain_Trim","ILIM_GAIN_20PIMAX_CODE30",270320,"Parametric","",-100,100,"uA",-1.073,-0.999,-1.02467,0.031627,3.81306,***
"ILIM_gain_Trim","ILIM_GAIN_20PIMAX_CODE31",270330,"Parametric","",-100,100,"uA",-0.012,-0.007,-0.0108333,0.00204124,3.81306,***
"ILIM_gain_Trim","ILIM_GAIN_TRIM",270010,"Parametric","",0,31,"Code",11,12,11.3333,0.516398,3.81306,***
"ILIM_gain_Trim","BEST_MEAS_20pIMAX",270660,"Parametric","",-100,100,"uA",-20.26,-19.785,-19.9535,0.159528,3.81306,***
"ILIM_gain_Trim","BEST_GAIN",270670,"Parametric","",37000,43000,"GAIN",39486.7,40434.7,40095.3,317.603,3.81306,***
"ILIM_Slowtrip","ITRIP_VOLTAGE_ILIM_TM_011",830010,"Parametric","",0,1.1,"V",1.056,1.068,1.06267,0.00484424,15.3606,***
"ILIM_Slowtrip","ITRIP_VOLTAGE_ILIM_TM_111",830020,"Parametric","",0,1.1,"V",1.056,1.068,1.062,0.00489897,15.3606,***
"ISENSE_BlockOffset_Trim_New","ISNS_MEAS_10mAIOUT_CODE0",310020,"Parametric","",-20,20,"uA",-0.002,-0.002,-0.002,0,3.40248,***
"ISENSE_BlockOffset_Trim_New","ISNS_MEAS_10mAIOUT_CODE1",310030,"Parametric","",-20,20,"uA",-0.002,-0.001,-0.00183333,0.000408248,3.40248,***
"ISENSE_BlockOffset_Trim_New","ISNS_MEAS_10mAIOUT_CODE2",310040,"Parametric","",-20,20,"uA",-0.002,-0.002,-0.002,0,3.40248,***
"ISENSE_BlockOffset_Trim_New","ISNS_MEAS_10mAIOUT_CODE3",310050,"Parametric","",-20,20,"uA",-0.002,-0.001,-0.00166667,0.000516398,3.40248,***
"ISENSE_BlockOffset_Trim_New","ISNS_MEAS_10mAIOUT_CODE4",310060,"Parametric","",-20,20,"uA",-0.002,-0.001,-0.00166667,0.000516398,3.40248,***
"ISENSE_BlockOffset_Trim_New","ISNS_MEAS_10mAIOUT_CODE5",310070,"Parametric","",-20,20,"uA",-0.002,-0.001,-0.00166667,0.000516398,3.40248,***
"ISENSE_BlockOffset_Trim_New","ISNS_MEAS_10mAIOUT_CODE6",310080,"Parametric","",-20,20,"uA",-0.002,-0.001,-0.00183333,0.000408248,3.40248,***
"ISENSE_BlockOffset_Trim_New","ISNS_MEAS_10mAIOUT_CODE7",310090,"Parametric","",-20,20,"uA",-0.002,-0.001,-0.00166667,0.000516398,3.40248,***
"ISENSE_BlockOffset_Trim_New","ISNS_MEAS_10mAIOUT_CODE8",310100,"Parametric","",-20,20,"uA",-0.002,-0.001,-0.00183333,0.000408248,3.40248,***
"ISENSE_BlockOffset_Trim_New","ISNS_MEAS_10mAIOUT_CODE9",310110,"Parametric","",-20,20,"uA",-0.419,-0.001,-0.0713333,0.170322,3.40248,***
"ISENSE_BlockOffset_Trim_New","ISNS_MEAS_10mAIOUT_CODE10",310120,"Parametric","",-20,20,"uA",-1.497,-0.001,-0.317333,0.587875,3.40248,***
"ISENSE_BlockOffset_Trim_New","ISNS_MEAS_10mAIOUT_CODE11",310130,"Parametric","",-20,20,"uA",-2.557,-0.488,-1.2335,0.717307,3.40248,***
"ISENSE_BlockOffset_Trim_New","ISNS_MEAS_10mAIOUT_CODE12",310140,"Parametric","",-20,20,"uA",-3.837,-1.569,-2.3815,0.779406,3.40248,***
"ISENSE_BlockOffset_Trim_New","ISNS_MEAS_10mAIOUT_CODE13",310150,"Parametric","",-20,20,"uA",-4.967,-2.927,-3.515,0.751107,3.40248,***
"ISENSE_BlockOffset_Trim_New","ISNS_MEAS_10mAIOUT_CODE14",310160,"Parametric","",-20,20,"uA",-6.142,-3.905,-4.65583,0.793533,3.40248,***
"ISENSE_BlockOffset_Trim_New","ISNS_MEAS_10mAIOUT_CODE15",310170,"Parametric","",-20,20,"uA",-6.948,-5.002,-5.7075,0.684204,3.40248,***
"ISENSE_BlockOffset_Trim_New","ISNS_BLOCK_OFFSET_TRIM",310010,"Parametric","",0,15,"Code",11,11,11,0,3.40248,***
"ISENSE_BlockOffset_Trim_New","BEST_MEAS_10mAIOUT",310350,"Parametric","",-20,20,"uA",-0.822,-0.822,-0.822,0,3.40248,***
"SNS_gain_Trim","SNS_GAIN_20PIMAX_CODE0",320020,"Parametric","",-300,300,"uA",-257.927,-254.883,-256.235,1.04803,0.0559128,***
"SNS_gain_Trim","SNS_GAIN_TRIM",320010,"Parametric","",0,31,"Code",0,0,0,0,0.0559128,***
"SNS_gain_Trim","BEST_MEAS_20pIMAX",320340,"Parametric","",-300,300,"uA",-257.927,-254.883,-256.235,1.04803,0.0559128,***
"EFUSE_RESISTANCE_MEASUREMENT","BANKA_EFUSE_RESISTANCE_BIT47",480010,"Parametric","",0,200,"ohms",79.6,91,83.4,5.88694,14.5035,***
"EFUSE_RESISTANCE_MEASUREMENT","BANKA_EFUSE_RESISTANCE_BIT46",480020,"Parametric","",0,200,"ohms",79.6,91,83.4,5.88694,14.5035,***
"EFUSE_RESISTANCE_MEASUREMENT","BANKA_EFUSE_RESISTANCE_BIT45",480030,"Parametric","",0,200,"ohms",79.6,91,83.4,5.88694,14.5035,***
"EFUSE_RESISTANCE_MEASUREMENT","BANKA_EFUSE_RESISTANCE_BIT44",480040,"Parametric","",0,200,"ohms",79.6,91,85.3,6.24404,14.5035,***
"EFUSE_RESISTANCE_MEASUREMENT","BANKA_EFUSE_RESISTANCE_BIT43",480050,"Parametric","",0,200,"ohms",79.6,91,87.2,5.88694,14.5035,***
"EFUSE_RESISTANCE_MEASUREMENT","BANKA_EFUSE_RESISTANCE_BIT42",480060,"Parametric","",0,200,"ohms",79.6,91,83.4,5.88694,14.5035,***
"EFUSE_RESISTANCE_MEASUREMENT","BANKA_EFUSE_RESISTANCE_BIT41",480070,"Parametric","",0,200,"ohms",79.6,91,83.4,5.88694,14.5035,***
"EFUSE_RESISTANCE_MEASUREMENT","BANKA_EFUSE_RESISTANCE_BIT40",480080,"Parametric","",0,200,"ohms",79.6,91,85.3,6.24404,14.5035,***
"EFUSE_RESISTANCE_MEASUREMENT","BANKA_EFUSE_RESISTANCE_BIT39",480090,"Parametric","",0,200,"ohms",79.6,91,85.3,6.24404,14.5035,***
"EFUSE_RESISTANCE_MEASUREMENT","BANKA_EFUSE_RESISTANCE_BIT38",480100,"Parametric","",0,200,"ohms",79.6,91,83.4,5.88694,14.5035,***
"EFUSE_RESISTANCE_MEASUREMENT","BANKA_EFUSE_RESISTANCE_BIT37",480110,"Parametric","",0,200,"ohms",79.6,91,81.5,4.65403,14.5035,***
"EFUSE_RESISTANCE_MEASUREMENT","BANKA_EFUSE_RESISTANCE_BIT36",480120,"Parametric","",0,200,"ohms",79.6,91,83.4,5.88694,14.5035,***
"EFUSE_RESISTANCE_MEASUREMENT","BANKA_EFUSE_RESISTANCE_BIT35",480130,"Parametric","",0,200,"ohms",79.6,91,85.3,6.24404,14.5035,***
"EFUSE_RESISTANCE_MEASUREMENT","BANKA_EFUSE_RESISTANCE_BIT34",480140,"Parametric","",0,200,"ohms",79.6,91,85.3,6.24404,14.5035,***
"EFUSE_RESISTANCE_MEASUREMENT","BANKA_EFUSE_RESISTANCE_BIT33",480150,"Parametric","",0,200,"ohms",79.6,91,81.5,4.65403,14.5035,***
"EFUSE_RESISTANCE_MEASUREMENT","BANKA_EFUSE_RESISTANCE_BIT32",480160,"Parametric","",0,200,"ohms",79.6,91,87.2,5.88694,14.5035,***
"EFUSE_RESISTANCE_MEASUREMENT","BANKA_EFUSE_RESISTANCE_BIT31",480170,"Parametric","",0,200,"ohms",79.6,91,85.3,6.24404,14.5035,***
"EFUSE_RESISTANCE_MEASUREMENT","BANKA_EFUSE_RESISTANCE_BIT30",480180,"Parametric","",0,200,"ohms",79.6,91,81.5,4.65403,14.5035,***
"EFUSE_RESISTANCE_MEASUREMENT","BANKA_EFUSE_RESISTANCE_BIT29",480190,"Parametric","",0,200,"ohms",79.6,91,81.5,4.65403,14.5035,***
"EFUSE_RESISTANCE_MEASUREMENT","BANKA_EFUSE_RESISTANCE_BIT28",480200,"Parametric","",0,200,"ohms",79.6,91,85.3,6.24404,14.5035,***
"EFUSE_RESISTANCE_MEASUREMENT","BANKA_EFUSE_RESISTANCE_BIT27",480210,"Parametric","",0,200,"ohms",79.6,91,83.4,5.88694,14.5035,***
"EFUSE_RESISTANCE_MEASUREMENT","BANKA_EFUSE_RESISTANCE_BIT26",480220,"Parametric","",0,200,"ohms",79.6,91,85.3,6.24404,14.5035,***
"EFUSE_RESISTANCE_MEASUREMENT","BANKA_EFUSE_RESISTANCE_BIT25",480230,"Parametric","",0,200,"ohms",79.6,91,83.4,5.88694,14.5035,***
"EFUSE_RESISTANCE_MEASUREMENT","BANKA_EFUSE_RESISTANCE_BIT24",480240,"Parametric","",0,200,"ohms",79.6,91,85.3,6.24404,14.5035,***
"EFUSE_RESISTANCE_MEASUREMENT","BANKA_EFUSE_RESISTANCE_BIT23",480250,"Parametric","",0,200,"ohms",79.6,91,83.4,5.88694,14.5035,***
"EFUSE_RESISTANCE_MEASUREMENT","BANKA_EFUSE_RESISTANCE_BIT22",480260,"Parametric","",0,200,"ohms",79.6,91,87.2,5.88694,14.5035,***
"EFUSE_RESISTANCE_MEASUREMENT","BANKA_EFUSE_RESISTANCE_BIT21",480270,"Parametric","",0,200,"ohms",79.6,102.4,87.2,9.30806,14.5035,***
"EFUSE_RESISTANCE_MEASUREMENT","BANKA_EFUSE_RESISTANCE_BIT20",480280,"Parametric","",0,200,"ohms",79.6,91,85.3,6.24404,14.5035,***
"EFUSE_RESISTANCE_MEASUREMENT","BANKA_EFUSE_RESISTANCE_BIT19",480290,"Parametric","",0,200,"ohms",79.6,91,83.4,5.88694,14.5035,***
"EFUSE_RESISTANCE_MEASUREMENT","BANKA_EFUSE_RESISTANCE_BIT18",480300,"Parametric","",0,200,"ohms",79.6,91,85.3,6.24404,14.5035,***
"EFUSE_RESISTANCE_MEASUREMENT","BANKA_EFUSE_RESISTANCE_BIT17",480310,"Parametric","",0,200,"ohms",79.6,91,81.5,4.65403,14.5035,***
"EFUSE_RESISTANCE_MEASUREMENT","BANKA_EFUSE_RESISTANCE_BIT16",480320,"Parametric","",0,200,"ohms",79.6,91,83.4,5.88694,14.5035,***
"EFUSE_RESISTANCE_MEASUREMENT","BANKA_EFUSE_RESISTANCE_BIT15",480330,"Parametric","",0,200,"ohms",79.6,91,81.5,4.65403,14.5035,***
"EFUSE_RESISTANCE_MEASUREMENT","BANKA_EFUSE_RESISTANCE_BIT14",480340,"Parametric","",0,200,"ohms",79.6,91,83.4,5.88694,14.5035,***
"EFUSE_RESISTANCE_MEASUREMENT","BANKA_EFUSE_RESISTANCE_BIT13",480350,"Parametric","",0,200,"ohms",79.6,79.6,79.6,0,14.5035,***
"EFUSE_RESISTANCE_MEASUREMENT","BANKA_EFUSE_RESISTANCE_BIT12",480360,"Parametric","",0,200,"ohms",79.6,91,83.4,5.88694,14.5035,***
"EFUSE_RESISTANCE_MEASUREMENT","BANKA_EFUSE_RESISTANCE_BIT11",480370,"Parametric","",0,200,"ohms",79.6,91,83.4,5.88694,14.5035,***
"EFUSE_RESISTANCE_MEASUREMENT","BANKA_EFUSE_RESISTANCE_BIT10",480380,"Parametric","",0,200,"ohms",79.6,91,83.4,5.88694,14.5035,***
"EFUSE_RESISTANCE_MEASUREMENT","BANKA_EFUSE_RESISTANCE_BIT9",480390,"Parametric","",0,200,"ohms",79.6,91,83.4,5.88694,14.5035,***
"EFUSE_RESISTANCE_MEASUREMENT","BANKA_EFUSE_RESISTANCE_BIT8",480400,"Parametric","",0,200,"ohms",79.6,91,81.5,4.65403,14.5035,***
"EFUSE_RESISTANCE_MEASUREMENT","BANKA_EFUSE_RESISTANCE_BIT7",480410,"Parametric","",0,200,"ohms",79.6,91,85.3,6.24404,14.5035,***
"EFUSE_RESISTANCE_MEASUREMENT","BANKA_EFUSE_RESISTANCE_BIT6",480420,"Parametric","",0,200,"ohms",79.6,91,83.4,5.88694,14.5035,***
"EFUSE_RESISTANCE_MEASUREMENT","BANKA_EFUSE_RESISTANCE_BIT5",480430,"Parametric","",0,200,"ohms",79.6,91,83.4,5.88694,14.5035,***
"EFUSE_RESISTANCE_MEASUREMENT","BANKA_EFUSE_RESISTANCE_BIT4",480440,"Parametric","",0,200,"ohms",79.6,91,85.3,6.24404,14.5035,***
"EFUSE_RESISTANCE_MEASUREMENT","BANKA_EFUSE_RESISTANCE_BIT3",480450,"Parametric","",0,200,"ohms",79.6,91,81.5,4.65403,14.5035,***
"EFUSE_RESISTANCE_MEASUREMENT","BANKA_EFUSE_RESISTANCE_BIT2",480460,"Parametric","",0,200,"ohms",79.6,91,85.3,6.24404,14.5035,***
"EFUSE_RESISTANCE_MEASUREMENT","BANKA_EFUSE_RESISTANCE_BIT1",480470,"Parametric","",0,200,"ohms",79.6,91,85.3,6.24404,14.5035,***
"EFUSE_RESISTANCE_MEASUREMENT","BANKA_EFUSE_RESISTANCE_BIT0",480480,"Parametric","",0,200,"ohms",79.6,91,85.3,6.24404,14.5035,***
"EFUSE_RESISTANCE_MEASUREMENT","BANKB_EFUSE_RESISTANCE_BIT47",480490,"Parametric","",0,200,"ohms",79.6,91,81.5,4.65403,14.5035,***
"EFUSE_RESISTANCE_MEASUREMENT","BANKB_EFUSE_RESISTANCE_BIT46",480500,"Parametric","",0,200,"ohms",79.6,91,83.4,5.88694,14.5035,***
"EFUSE_RESISTANCE_MEASUREMENT","BANKB_EFUSE_RESISTANCE_BIT45",480510,"Parametric","",0,200,"ohms",79.6,91,85.3,6.24404,14.5035,***
"EFUSE_RESISTANCE_MEASUREMENT","BANKB_EFUSE_RESISTANCE_BIT44",480520,"Parametric","",0,200,"ohms",79.6,91,83.4,5.88694,14.5035,***
"EFUSE_RESISTANCE_MEASUREMENT","BANKB_EFUSE_RESISTANCE_BIT43",480530,"Parametric","",0,200,"ohms",79.6,91,81.5,4.65403,14.5035,***
"EFUSE_RESISTANCE_MEASUREMENT","BANKB_EFUSE_RESISTANCE_BIT42",480540,"Parametric","",0,200,"ohms",79.6,91,83.4,5.88694,14.5035,***
"EFUSE_RESISTANCE_MEASUREMENT","BANKB_EFUSE_RESISTANCE_BIT41",480550,"Parametric","",0,200,"ohms",79.6,91,87.2,5.88694,14.5035,***
"EFUSE_RESISTANCE_MEASUREMENT","BANKB_EFUSE_RESISTANCE_BIT40",480560,"Parametric","",0,200,"ohms",79.6,91,85.3,6.24404,14.5035,***
"EFUSE_RESISTANCE_MEASUREMENT","BANKB_EFUSE_RESISTANCE_BIT39",480570,"Parametric","",0,200,"ohms",79.6,91,81.5,4.65403,14.5035,***
"EFUSE_RESISTANCE_MEASUREMENT","BANKB_EFUSE_RESISTANCE_BIT38",480580,"Parametric","",0,200,"ohms",79.6,91,87.2,5.88694,14.5035,***
"EFUSE_RESISTANCE_MEASUREMENT","BANKB_EFUSE_RESISTANCE_BIT37",480590,"Parametric","",0,200,"ohms",79.6,91,83.4,5.88694,14.5035,***
"EFUSE_RESISTANCE_MEASUREMENT","BANKB_EFUSE_RESISTANCE_BIT36",480600,"Parametric","",0,200,"ohms",79.6,91,85.3,6.24404,14.5035,***
"EFUSE_RESISTANCE_MEASUREMENT","BANKB_EFUSE_RESISTANCE_BIT35",480610,"Parametric","",0,200,"ohms",79.6,91,83.4,5.88694,14.5035,***
"EFUSE_RESISTANCE_MEASUREMENT","BANKB_EFUSE_RESISTANCE_BIT34",480620,"Parametric","",0,200,"ohms",79.6,102.4,85.3,9.53793,14.5035,***
"EFUSE_RESISTANCE_MEASUREMENT","BANKB_EFUSE_RESISTANCE_BIT33",480630,"Parametric","",0,200,"ohms",68.2,79.6,77.7,4.65403,14.5035,***
"EFUSE_RESISTANCE_MEASUREMENT","BANKB_EFUSE_RESISTANCE_BIT32",480640,"Parametric","",0,200,"ohms",79.6,91,83.4,5.88694,14.5035,***
"EFUSE_RESISTANCE_MEASUREMENT","BANKB_EFUSE_RESISTANCE_BIT31",480650,"Parametric","",0,200,"ohms",79.6,79.6,79.6,0,14.5035,***
"EFUSE_RESISTANCE_MEASUREMENT","BANKB_EFUSE_RESISTANCE_BIT30",480660,"Parametric","",0,200,"ohms",79.6,91,83.4,5.88694,14.5035,***
"EFUSE_RESISTANCE_MEASUREMENT","BANKB_EFUSE_RESISTANCE_BIT29",480670,"Parametric","",0,200,"ohms",79.6,91,81.5,4.65403,14.5035,***
"EFUSE_RESISTANCE_MEASUREMENT","BANKB_EFUSE_RESISTANCE_BIT28",480680,"Parametric","",0,200,"ohms",79.6,91,83.4,5.88694,14.5035,***
"EFUSE_RESISTANCE_MEASUREMENT","BANKB_EFUSE_RESISTANCE_BIT27",480690,"Parametric","",0,200,"ohms",79.6,91,87.2,5.88694,14.5035,***
"EFUSE_RESISTANCE_MEASUREMENT","BANKB_EFUSE_RESISTANCE_BIT26",480700,"Parametric","",0,200,"ohms",79.6,91,85.3,6.24404,14.5035,***
"EFUSE_RESISTANCE_MEASUREMENT","BANKB_EFUSE_RESISTANCE_BIT25",480710,"Parametric","",0,200,"ohms",79.6,91,83.4,5.88694,14.5035,***
"EFUSE_RESISTANCE_MEASUREMENT","BANKB_EFUSE_RESISTANCE_BIT24",480720,"Parametric","",0,200,"ohms",79.6,79.6,79.6,0,14.5035,***
"EFUSE_RESISTANCE_MEASUREMENT","BANKB_EFUSE_RESISTANCE_BIT23",480730,"Parametric","",0,200,"ohms",79.6,91,81.5,4.65403,14.5035,***
"EFUSE_RESISTANCE_MEASUREMENT","BANKB_EFUSE_RESISTANCE_BIT22",480740,"Parametric","",0,200,"ohms",79.6,91,83.4,5.88694,14.5035,***
"EFUSE_RESISTANCE_MEASUREMENT","BANKB_EFUSE_RESISTANCE_BIT21",480750,"Parametric","",0,200,"ohms",79.6,91,85.3,6.24404,14.5035,***
"EFUSE_RESISTANCE_MEASUREMENT","BANKB_EFUSE_RESISTANCE_BIT20",480760,"Parametric","",0,200,"ohms",79.6,91,85.3,6.24404,14.5035,***
"EFUSE_RESISTANCE_MEASUREMENT","BANKB_EFUSE_RESISTANCE_BIT19",480770,"Parametric","",0,200,"ohms",79.6,91,81.5,4.65403,14.5035,***
"EFUSE_RESISTANCE_MEASUREMENT","BANKB_EFUSE_RESISTANCE_BIT18",480780,"Parametric","",0,200,"ohms",79.6,91,81.5,4.65403,14.5035,***
"EFUSE_RESISTANCE_MEASUREMENT","BANKB_EFUSE_RESISTANCE_BIT17",480790,"Parametric","",0,200,"ohms",79.6,91,85.3,6.24404,14.5035,***
"EFUSE_RESISTANCE_MEASUREMENT","BANKB_EFUSE_RESISTANCE_BIT16",480800,"Parametric","",0,200,"ohms",79.6,91,85.3,6.24404,14.5035,***
"EFUSE_RESISTANCE_MEASUREMENT","BANKB_EFUSE_RESISTANCE_BIT15",480810,"Parametric","",0,200,"ohms",79.6,91,83.4,5.88694,14.5035,***
"EFUSE_RESISTANCE_MEASUREMENT","BANKB_EFUSE_RESISTANCE_BIT14",480820,"Parametric","",0,200,"ohms",79.6,91,81.5,4.65403,14.5035,***
"EFUSE_RESISTANCE_MEASUREMENT","BANKB_EFUSE_RESISTANCE_BIT13",480830,"Parametric","",0,200,"ohms",79.6,91,87.2,5.88694,14.5035,***
"EFUSE_RESISTANCE_MEASUREMENT","BANKB_EFUSE_RESISTANCE_BIT12",480840,"Parametric","",0,200,"ohms",79.6,91,81.5,4.65403,14.5035,***
"EFUSE_RESISTANCE_MEASUREMENT","BANKB_EFUSE_RESISTANCE_BIT11",480850,"Parametric","",0,200,"ohms",79.6,91,83.4,5.88694,14.5035,***
"EFUSE_RESISTANCE_MEASUREMENT","BANKB_EFUSE_RESISTANCE_BIT10",480860,"Parametric","",0,200,"ohms",79.6,91,83.4,5.88694,14.5035,***
"EFUSE_RESISTANCE_MEASUREMENT","BANKB_EFUSE_RESISTANCE_BIT9",480870,"Parametric","",0,200,"ohms",79.6,91,85.3,6.24404,14.5035,***
"EFUSE_RESISTANCE_MEASUREMENT","BANKB_EFUSE_RESISTANCE_BIT8",480880,"Parametric","",0,200,"ohms",79.6,91,83.4,5.88694,14.5035,***
"EFUSE_RESISTANCE_MEASUREMENT","BANKB_EFUSE_RESISTANCE_BIT7",480890,"Parametric","",0,200,"ohms",79.6,91,81.5,4.65403,14.5035,***
"EFUSE_RESISTANCE_MEASUREMENT","BANKB_EFUSE_RESISTANCE_BIT6",480900,"Parametric","",0,200,"ohms",79.6,91,83.4,5.88694,14.5035,***
"EFUSE_RESISTANCE_MEASUREMENT","BANKB_EFUSE_RESISTANCE_BIT5",480910,"Parametric","",0,200,"ohms",79.6,79.6,79.6,0,14.5035,***
"EFUSE_RESISTANCE_MEASUREMENT","BANKB_EFUSE_RESISTANCE_BIT4",480920,"Parametric","",0,200,"ohms",79.6,91,81.5,4.65403,14.5035,***
"EFUSE_RESISTANCE_MEASUREMENT","BANKB_EFUSE_RESISTANCE_BIT3",480930,"Parametric","",0,200,"ohms",79.6,91,85.3,6.24404,14.5035,***
"EFUSE_RESISTANCE_MEASUREMENT","BANKB_EFUSE_RESISTANCE_BIT2",480940,"Parametric","",0,200,"ohms",79.6,91,83.4,5.88694,14.5035,***
"EFUSE_RESISTANCE_MEASUREMENT","BANKB_EFUSE_RESISTANCE_BIT1",480950,"Parametric","",0,200,"ohms",79.6,79.6,79.6,0,14.5035,***
"EFUSE_RESISTANCE_MEASUREMENT","BANKB_EFUSE_RESISTANCE_BIT0",480960,"Parametric","",0,200,"ohms",79.6,91,83.4,5.88694,14.5035,***
"PRE_BURN_PASS_FET_LEAKAGE","PRE_Forward_Leakage_FET",470010,"Parametric","",-20,20,"nA",-2,-1,-1.16667,0.408248,0.112158,***
"PRE_BURN_PASS_FET_LEAKAGE","PRE_Reverse_Leakage_FET",470020,"Parametric","",-20,20,"nA",-2,-1,-1.16667,0.408248,0.112158,***
"eFUSE_burn_readmargin","BANKA_READMARGIN_BIT_0",430010,"Parametric","",0,1,"",0,0,0,0,22.1275,***
"eFUSE_burn_readmargin","BANKA_BURN_BIT_0",430490,"Parametric","",0,1,"",0,0,0,0,22.1275,***
"eFUSE_burn_readmargin","BANKA_BIT_BLOWN_TRUE_0",430970,"Parametric","",1,1,"",1,1,1,0,22.1275,***
"eFUSE_burn_readmargin","BANKA_READMARGIN_BIT_1",430020,"Parametric","",0,1,"",0,0,0,0,22.1275,***
"eFUSE_burn_readmargin","BANKA_BURN_BIT_1",430500,"Parametric","",0,1,"",0,0,0,0,22.1275,***
"eFUSE_burn_readmargin","BANKA_BIT_BLOWN_TRUE_1",430980,"Parametric","",1,1,"",1,1,1,0,22.1275,***
"eFUSE_burn_readmargin","BANKA_READMARGIN_BIT_2",430030,"Parametric","",0,1,"",0,0,0,0,22.1275,***
"eFUSE_burn_readmargin","BANKA_BURN_BIT_2",430510,"Parametric","",0,1,"",0,0,0,0,22.1275,***
"eFUSE_burn_readmargin","BANKA_BIT_BLOWN_TRUE_2",430990,"Parametric","",1,1,"",1,1,1,0,22.1275,***
"eFUSE_burn_readmargin","BANKA_READMARGIN_BIT_3",430040,"Parametric","",0,1,"",0,0,0,0,22.1275,***
"eFUSE_burn_readmargin","BANKA_BURN_BIT_3",430520,"Parametric","",0,1,"",0,0,0,0,22.1275,***
"eFUSE_burn_readmargin","BANKA_BIT_BLOWN_TRUE_3",431000,"Parametric","",1,1,"",1,1,1,0,22.1275,***
"eFUSE_burn_readmargin","BANKA_READMARGIN_BIT_4",430050,"Parametric","",0,1,"",0,0,0,0,22.1275,***
"eFUSE_burn_readmargin","BANKA_BURN_BIT_4",430530,"Parametric","",0,1,"",0,0,0,0,22.1275,***
"eFUSE_burn_readmargin","BANKA_BIT_BLOWN_TRUE_4",431010,"Parametric","",1,1,"",1,1,1,0,22.1275,***
"eFUSE_burn_readmargin","BANKA_READMARGIN_BIT_5",430060,"Parametric","",0,1,"",0,0,0,0,22.1275,***
"eFUSE_burn_readmargin","BANKA_BURN_BIT_5",430540,"Parametric","",0,1,"",0,0,0,0,22.1275,***
"eFUSE_burn_readmargin","BANKA_BIT_BLOWN_TRUE_5",431020,"Parametric","",1,1,"",1,1,1,0,22.1275,***
"eFUSE_burn_readmargin","BANKA_READMARGIN_BIT_6",430070,"Parametric","",0,1,"",0,0,0,0,22.1275,***
"eFUSE_burn_readmargin","BANKA_BURN_BIT_6",430550,"Parametric","",0,1,"",0,0,0,0,22.1275,***
"eFUSE_burn_readmargin","BANKA_BIT_BLOWN_TRUE_6",431030,"Parametric","",1,1,"",1,1,1,0,22.1275,***
"eFUSE_burn_readmargin","BANKA_READMARGIN_BIT_7",430080,"Parametric","",0,1,"",0,0,0,0,22.1275,***
"eFUSE_burn_readmargin","BANKA_BURN_BIT_7",430560,"Parametric","",0,1,"",0,0,0,0,22.1275,***
"eFUSE_burn_readmargin","BANKA_BIT_BLOWN_TRUE_7",431040,"Parametric","",1,1,"",1,1,1,0,22.1275,***
"eFUSE_burn_readmargin","BANKA_READMARGIN_BIT_8",430090,"Parametric","",0,1,"",0,0,0,0,22.1275,***
"eFUSE_burn_readmargin","BANKA_BURN_BIT_8",430570,"Parametric","",0,1,"",0,0,0,0,22.1275,***
"eFUSE_burn_readmargin","BANKA_BIT_BLOWN_TRUE_8",431050,"Parametric","",1,1,"",1,1,1,0,22.1275,***
"eFUSE_burn_readmargin","BANKA_READMARGIN_BIT_9",430100,"Parametric","",0,1,"",0,0,0,0,22.1275,***
"eFUSE_burn_readmargin","BANKA_BURN_BIT_9",430580,"Parametric","",0,1,"",0,0,0,0,22.1275,***
"eFUSE_burn_readmargin","BANKA_BIT_BLOWN_TRUE_9",431060,"Parametric","",1,1,"",1,1,1,0,22.1275,***
"eFUSE_burn_readmargin","BANKA_READMARGIN_BIT_10",430110,"Parametric","",0,1,"",0,0,0,0,22.1275,***
"eFUSE_burn_readmargin","BANKA_BURN_BIT_10",430590,"Parametric","",0,1,"",0,0,0,0,22.1275,***
"eFUSE_burn_readmargin","BANKA_BIT_BLOWN_TRUE_10",431070,"Parametric","",1,1,"",1,1,1,0,22.1275,***
"eFUSE_burn_readmargin","BANKA_READMARGIN_BIT_11",430120,"Parametric","",0,1,"",1,1,1,0,22.1275,***
"eFUSE_burn_readmargin","BANKA_BURN_BIT_11",430600,"Parametric","",0,1,"",1,1,1,0,22.1275,***
"eFUSE_burn_readmargin","BANKA_BIT_BLOWN_TRUE_11",431080,"Parametric","",1,1,"",1,1,1,0,22.1275,***
"eFUSE_burn_readmargin","BANKA_READMARGIN_BIT_12",430130,"Parametric","",0,1,"",1,1,1,0,22.1275,***
"eFUSE_burn_readmargin","BANKA_BURN_BIT_12",430610,"Parametric","",0,1,"",1,1,1,0,22.1275,***
"eFUSE_burn_readmargin","BANKA_BIT_BLOWN_TRUE_12",431090,"Parametric","",1,1,"",1,1,1,0,22.1275,***
"eFUSE_burn_readmargin","BANKA_READMARGIN_BIT_13",430140,"Parametric","",0,1,"",0,0,0,0,22.1275,***
"eFUSE_burn_readmargin","BANKA_BURN_BIT_13",430620,"Parametric","",0,1,"",0,0,0,0,22.1275,***
"eFUSE_burn_readmargin","BANKA_BIT_BLOWN_TRUE_13",431100,"Parametric","",1,1,"",1,1,1,0,22.1275,***
"eFUSE_burn_readmargin","BANKA_READMARGIN_BIT_14",430150,"Parametric","",0,1,"",1,1,1,0,22.1275,***
"eFUSE_burn_readmargin","BANKA_BURN_BIT_14",430630,"Parametric","",0,1,"",1,1,1,0,22.1275,***
"eFUSE_burn_readmargin","BANKA_BIT_BLOWN_TRUE_14",431110,"Parametric","",1,1,"",1,1,1,0,22.1275,***
"eFUSE_burn_readmargin","BANKA_READMARGIN_BIT_15",430160,"Parametric","",0,1,"",0,0,0,0,22.1275,***
"eFUSE_burn_readmargin","BANKA_BURN_BIT_15",430640,"Parametric","",0,1,"",0,0,0,0,22.1275,***
"eFUSE_burn_readmargin","BANKA_BIT_BLOWN_TRUE_15",431120,"Parametric","",1,1,"",1,1,1,0,22.1275,***
"eFUSE_burn_readmargin","BANKA_READMARGIN_BIT_16",430170,"Parametric","",0,1,"",0,0,0,0,22.1275,***
"eFUSE_burn_readmargin","BANKA_BURN_BIT_16",430650,"Parametric","",0,1,"",0,0,0,0,22.1275,***
"eFUSE_burn_readmargin","BANKA_BIT_BLOWN_TRUE_16",431130,"Parametric","",1,1,"",1,1,1,0,22.1275,***
"eFUSE_burn_readmargin","BANKA_READMARGIN_BIT_17",430180,"Parametric","",0,1,"",0,0,0,0,22.1275,***
"eFUSE_burn_readmargin","BANKA_BURN_BIT_17",430660,"Parametric","",0,1,"",0,0,0,0,22.1275,***
"eFUSE_burn_readmargin","BANKA_BIT_BLOWN_TRUE_17",431140,"Parametric","",1,1,"",1,1,1,0,22.1275,***
"eFUSE_burn_readmargin","BANKA_READMARGIN_BIT_18",430190,"Parametric","",0,1,"",0,0,0,0,22.1275,***
"eFUSE_burn_readmargin","BANKA_BURN_BIT_18",430670,"Parametric","",0,1,"",0,0,0,0,22.1275,***
"eFUSE_burn_readmargin","BANKA_BIT_BLOWN_TRUE_18",431150,"Parametric","",1,1,"",1,1,1,0,22.1275,***
"eFUSE_burn_readmargin","BANKA_READMARGIN_BIT_19",430200,"Parametric","",0,1,"",0,0,0,0,22.1275,***
"eFUSE_burn_readmargin","BANKA_BURN_BIT_19",430680,"Parametric","",0,1,"",0,0,0,0,22.1275,***
"eFUSE_burn_readmargin","BANKA_BIT_BLOWN_TRUE_19",431160,"Parametric","",1,1,"",1,1,1,0,22.1275,***
"eFUSE_burn_readmargin","BANKA_READMARGIN_BIT_20",430210,"Parametric","",0,1,"",0,0,0,0,22.1275,***
"eFUSE_burn_readmargin","BANKA_BURN_BIT_20",430690,"Parametric","",0,1,"",0,0,0,0,22.1275,***
"eFUSE_burn_readmargin","BANKA_BIT_BLOWN_TRUE_20",431170,"Parametric","",1,1,"",1,1,1,0,22.1275,***
"eFUSE_burn_readmargin","BANKA_READMARGIN_BIT_21",430220,"Parametric","",0,1,"",0,0,0,0,22.1275,***
"eFUSE_burn_readmargin","BANKA_BURN_BIT_21",430700,"Parametric","",0,1,"",0,0,0,0,22.1275,***
"eFUSE_burn_readmargin","BANKA_BIT_BLOWN_TRUE_21",431180,"Parametric","",1,1,"",1,1,1,0,22.1275,***
"eFUSE_burn_readmargin","BANKA_READMARGIN_BIT_22",430230,"Parametric","",0,1,"",0,0,0,0,22.1275,***
"eFUSE_burn_readmargin","BANKA_BURN_BIT_22",430710,"Parametric","",0,1,"",0,0,0,0,22.1275,***
"eFUSE_burn_readmargin","BANKA_BIT_BLOWN_TRUE_22",431190,"Parametric","",1,1,"",1,1,1,0,22.1275,***
"eFUSE_burn_readmargin","BANKA_READMARGIN_BIT_23",430240,"Parametric","",0,1,"",0,0,0,0,22.1275,***
"eFUSE_burn_readmargin","BANKA_BURN_BIT_23",430720,"Parametric","",0,1,"",0,0,0,0,22.1275,***
"eFUSE_burn_readmargin","BANKA_BIT_BLOWN_TRUE_23",431200,"Parametric","",1,1,"",1,1,1,0,22.1275,***
"eFUSE_burn_readmargin","BANKA_READMARGIN_BIT_24",430250,"Parametric","",0,1,"",0,1,0.666667,0.516398,22.1275,***
"eFUSE_burn_readmargin","BANKA_BURN_BIT_24",430730,"Parametric","",0,1,"",0,1,0.666667,0.516398,22.1275,***
"eFUSE_burn_readmargin","BANKA_BIT_BLOWN_TRUE_24",431210,"Parametric","",1,1,"",1,1,1,0,22.1275,***
"eFUSE_burn_readmargin","BANKA_READMARGIN_BIT_25",430260,"Parametric","",0,1,"",0,1,0.666667,0.516398,22.1275,***
"eFUSE_burn_readmargin","BANKA_BURN_BIT_25",430740,"Parametric","",0,1,"",0,1,0.666667,0.516398,22.1275,***
"eFUSE_burn_readmargin","BANKA_BIT_BLOWN_TRUE_25",431220,"Parametric","",1,1,"",1,1,1,0,22.1275,***
"eFUSE_burn_readmargin","BANKA_READMARGIN_BIT_26",430270,"Parametric","",0,1,"",0,1,0.333333,0.516398,22.1275,***
"eFUSE_burn_readmargin","BANKA_BURN_BIT_26",430750,"Parametric","",0,1,"",0,1,0.333333,0.516398,22.1275,***
"eFUSE_burn_readmargin","BANKA_BIT_BLOWN_TRUE_26",431230,"Parametric","",1,1,"",1,1,1,0,22.1275,***
"eFUSE_burn_readmargin","BANKA_READMARGIN_BIT_27",430280,"Parametric","",0,1,"",1,1,1,0,22.1275,***
"eFUSE_burn_readmargin","BANKA_BURN_BIT_27",430760,"Parametric","",0,1,"",1,1,1,0,22.1275,***
"eFUSE_burn_readmargin","BANKA_BIT_BLOWN_TRUE_27",431240,"Parametric","",1,1,"",1,1,1,0,22.1275,***
"eFUSE_burn_readmargin","BANKA_READMARGIN_BIT_28",430290,"Parametric","",0,1,"",0,0,0,0,22.1275,***
"eFUSE_burn_readmargin","BANKA_BURN_BIT_28",430770,"Parametric","",0,1,"",0,0,0,0,22.1275,***
"eFUSE_burn_readmargin","BANKA_BIT_BLOWN_TRUE_28",431250,"Parametric","",1,1,"",1,1,1,0,22.1275,***
"eFUSE_burn_readmargin","BANKA_READMARGIN_BIT_29",430300,"Parametric","",0,1,"",0,1,0.5,0.547723,22.1275,***
"eFUSE_burn_readmargin","BANKA_BURN_BIT_29",430780,"Parametric","",0,1,"",0,1,0.5,0.547723,22.1275,***
"eFUSE_burn_readmargin","BANKA_BIT_BLOWN_TRUE_29",431260,"Parametric","",1,1,"",1,1,1,0,22.1275,***
"eFUSE_burn_readmargin","BANKA_READMARGIN_BIT_30",430310,"Parametric","",0,1,"",0,1,0.666667,0.516398,22.1275,***
"eFUSE_burn_readmargin","BANKA_BURN_BIT_30",430790,"Parametric","",0,1,"",0,1,0.666667,0.516398,22.1275,***
"eFUSE_burn_readmargin","BANKA_BIT_BLOWN_TRUE_30",431270,"Parametric","",1,1,"",1,1,1,0,22.1275,***
"eFUSE_burn_readmargin","BANKA_READMARGIN_BIT_31",430320,"Parametric","",0,1,"",1,1,1,0,22.1275,***
"eFUSE_burn_readmargin","BANKA_BURN_BIT_31",430800,"Parametric","",0,1,"",1,1,1,0,22.1275,***
"eFUSE_burn_readmargin","BANKA_BIT_BLOWN_TRUE_31",431280,"Parametric","",1,1,"",1,1,1,0,22.1275,***
"eFUSE_burn_readmargin","BANKA_READMARGIN_BIT_32",430330,"Parametric","",0,1,"",1,1,1,0,22.1275,***
"eFUSE_burn_readmargin","BANKA_BURN_BIT_32",430810,"Parametric","",0,1,"",1,1,1,0,22.1275,***
"eFUSE_burn_readmargin","BANKA_BIT_BLOWN_TRUE_32",431290,"Parametric","",1,1,"",1,1,1,0,22.1275,***
"eFUSE_burn_readmargin","BANKA_READMARGIN_BIT_33",430340,"Parametric","",0,1,"",1,1,1,0,22.1275,***
"eFUSE_burn_readmargin","BANKA_BURN_BIT_33",430820,"Parametric","",0,1,"",1,1,1,0,22.1275,***
"eFUSE_burn_readmargin","BANKA_BIT_BLOWN_TRUE_33",431300,"Parametric","",1,1,"",1,1,1,0,22.1275,***
"eFUSE_burn_readmargin","BANKA_READMARGIN_BIT_34",430350,"Parametric","",0,1,"",0,0,0,0,22.1275,***
"eFUSE_burn_readmargin","BANKA_BURN_BIT_34",430830,"Parametric","",0,1,"",0,0,0,0,22.1275,***
"eFUSE_burn_readmargin","BANKA_BIT_BLOWN_TRUE_34",431310,"Parametric","",1,1,"",1,1,1,0,22.1275,***
"eFUSE_burn_readmargin","BANKA_READMARGIN_BIT_35",430360,"Parametric","",0,1,"",0,0,0,0,22.1275,***
"eFUSE_burn_readmargin","BANKA_BURN_BIT_35",430840,"Parametric","",0,1,"",0,0,0,0,22.1275,***
"eFUSE_burn_readmargin","BANKA_BIT_BLOWN_TRUE_35",431320,"Parametric","",1,1,"",1,1,1,0,22.1275,***
"eFUSE_burn_readmargin","BANKA_READMARGIN_BIT_36",430370,"Parametric","",0,1,"",1,1,1,0,22.1275,***
"eFUSE_burn_readmargin","BANKA_BURN_BIT_36",430850,"Parametric","",0,1,"",1,1,1,0,22.1275,***
"eFUSE_burn_readmargin","BANKA_BIT_BLOWN_TRUE_36",431330,"Parametric","",1,1,"",1,1,1,0,22.1275,***
"eFUSE_burn_readmargin","BANKA_READMARGIN_BIT_37",430380,"Parametric","",0,1,"",0,0,0,0,22.1275,***
"eFUSE_burn_readmargin","BANKA_BURN_BIT_37",430860,"Parametric","",0,1,"",0,0,0,0,22.1275,***
"eFUSE_burn_readmargin","BANKA_BIT_BLOWN_TRUE_37",431340,"Parametric","",1,1,"",1,1,1,0,22.1275,***
"eFUSE_burn_readmargin","BANKA_READMARGIN_BIT_38",430390,"Parametric","",0,1,"",0,1,0.166667,0.408248,22.1275,***
"eFUSE_burn_readmargin","BANKA_BURN_BIT_38",430870,"Parametric","",0,1,"",0,1,0.166667,0.408248,22.1275,***
"eFUSE_burn_readmargin","BANKA_BIT_BLOWN_TRUE_38",431350,"Parametric","",1,1,"",1,1,1,0,22.1275,***
"eFUSE_burn_readmargin","BANKA_READMARGIN_BIT_39",430400,"Parametric","",0,1,"",0,1,0.5,0.547723,22.1275,***
"eFUSE_burn_readmargin","BANKA_BURN_BIT_39",430880,"Parametric","",0,1,"",0,1,0.5,0.547723,22.1275,***
"eFUSE_burn_readmargin","BANKA_BIT_BLOWN_TRUE_39",431360,"Parametric","",1,1,"",1,1,1,0,22.1275,***
"eFUSE_burn_readmargin","BANKA_READMARGIN_BIT_40",430410,"Parametric","",0,1,"",1,1,1,0,22.1275,***
"eFUSE_burn_readmargin","BANKA_BURN_BIT_40",430890,"Parametric","",0,1,"",1,1,1,0,22.1275,***
"eFUSE_burn_readmargin","BANKA_BIT_BLOWN_TRUE_40",431370,"Parametric","",1,1,"",1,1,1,0,22.1275,***
"eFUSE_burn_readmargin","BANKA_READMARGIN_BIT_41",430420,"Parametric","",0,1,"",1,1,1,0,22.1275,***
"eFUSE_burn_readmargin","BANKA_BURN_BIT_41",430900,"Parametric","",0,1,"",1,1,1,0,22.1275,***
"eFUSE_burn_readmargin","BANKA_BIT_BLOWN_TRUE_41",431380,"Parametric","",1,1,"",1,1,1,0,22.1275,***
"eFUSE_burn_readmargin","BANKA_READMARGIN_BIT_42",430430,"Parametric","",0,1,"",1,1,1,0,22.1275,***
"eFUSE_burn_readmargin","BANKA_BURN_BIT_42",430910,"Parametric","",0,1,"",1,1,1,0,22.1275,***
"eFUSE_burn_readmargin","BANKA_BIT_BLOWN_TRUE_42",431390,"Parametric","",1,1,"",1,1,1,0,22.1275,***
"eFUSE_burn_readmargin","BANKA_READMARGIN_BIT_43",430440,"Parametric","",0,1,"",0,1,0.5,0.547723,22.1275,***
"eFUSE_burn_readmargin","BANKA_BURN_BIT_43",430920,"Parametric","",0,1,"",0,1,0.5,0.547723,22.1275,***
"eFUSE_burn_readmargin","BANKA_BIT_BLOWN_TRUE_43",431400,"Parametric","",1,1,"",1,1,1,0,22.1275,***
"eFUSE_burn_readmargin","BANKA_READMARGIN_BIT_44",430450,"Parametric","",0,1,"",1,1,1,0,22.1275,***
"eFUSE_burn_readmargin","BANKA_BURN_BIT_44",430930,"Parametric","",0,1,"",1,1,1,0,22.1275,***
"eFUSE_burn_readmargin","BANKA_BIT_BLOWN_TRUE_44",431410,"Parametric","",1,1,"",1,1,1,0,22.1275,***
"eFUSE_burn_readmargin","BANKA_READMARGIN_BIT_45",430460,"Parametric","",0,1,"",0,0,0,0,22.1275,***
"eFUSE_burn_readmargin","BANKA_BURN_BIT_45",430940,"Parametric","",0,1,"",0,0,0,0,22.1275,***
"eFUSE_burn_readmargin","BANKA_BIT_BLOWN_TRUE_45",431420,"Parametric","",1,1,"",1,1,1,0,22.1275,***
"eFUSE_burn_readmargin","BANKA_READMARGIN_BIT_46",430470,"Parametric","",0,1,"",1,1,1,0,22.1275,***
"eFUSE_burn_readmargin","BANKA_BURN_BIT_46",430950,"Parametric","",0,1,"",1,1,1,0,22.1275,***
"eFUSE_burn_readmargin","BANKA_BIT_BLOWN_TRUE_46",431430,"Parametric","",1,1,"",1,1,1,0,22.1275,***
"eFUSE_burn_readmargin","BANKA_READMARGIN_BIT_47",430480,"Parametric","",0,1,"",1,1,1,0,22.1275,***
"eFUSE_burn_readmargin","BANKA_BURN_BIT_47",430960,"Parametric","",0,1,"",1,1,1,0,22.1275,***
"eFUSE_burn_readmargin","BANKA_BIT_BLOWN_TRUE_47",431440,"Parametric","",1,1,"",1,1,1,0,22.1275,***
"eFUSE_burn_readmargin","BANKB_READMARGIN_BIT_0",431450,"Parametric","",0,1,"",0,0,0,0,22.1275,***
"eFUSE_burn_readmargin","BANKB_BURN_BIT_0",431930,"Parametric","",0,1,"",0,0,0,0,22.1275,***
"eFUSE_burn_readmargin","BANKB_BIT_BLOWN_TRUE_0",432410,"Parametric","",1,1,"",1,1,1,0,22.1275,***
"eFUSE_burn_readmargin","BANKB_READMARGIN_BIT_1",431460,"Parametric","",0,1,"",0,0,0,0,22.1275,***
"eFUSE_burn_readmargin","BANKB_BURN_BIT_1",431940,"Parametric","",0,1,"",0,0,0,0,22.1275,***
"eFUSE_burn_readmargin","BANKB_BIT_BLOWN_TRUE_1",432420,"Parametric","",1,1,"",1,1,1,0,22.1275,***
"eFUSE_burn_readmargin","BANKB_READMARGIN_BIT_2",431470,"Parametric","",0,1,"",0,0,0,0,22.1275,***
"eFUSE_burn_readmargin","BANKB_BURN_BIT_2",431950,"Parametric","",0,1,"",0,0,0,0,22.1275,***
"eFUSE_burn_readmargin","BANKB_BIT_BLOWN_TRUE_2",432430,"Parametric","",1,1,"",1,1,1,0,22.1275,***
"eFUSE_burn_readmargin","BANKB_READMARGIN_BIT_3",431480,"Parametric","",0,1,"",0,0,0,0,22.1275,***
"eFUSE_burn_readmargin","BANKB_BURN_BIT_3",431960,"Parametric","",0,1,"",0,0,0,0,22.1275,***
"eFUSE_burn_readmargin","BANKB_BIT_BLOWN_TRUE_3",432440,"Parametric","",1,1,"",1,1,1,0,22.1275,***
"eFUSE_burn_readmargin","BANKB_READMARGIN_BIT_4",431490,"Parametric","",0,1,"",0,0,0,0,22.1275,***
"eFUSE_burn_readmargin","BANKB_BURN_BIT_4",431970,"Parametric","",0,1,"",0,0,0,0,22.1275,***
"eFUSE_burn_readmargin","BANKB_BIT_BLOWN_TRUE_4",432450,"Parametric","",1,1,"",1,1,1,0,22.1275,***
"eFUSE_burn_readmargin","BANKB_READMARGIN_BIT_5",431500,"Parametric","",0,1,"",0,0,0,0,22.1275,***
"eFUSE_burn_readmargin","BANKB_BURN_BIT_5",431980,"Parametric","",0,1,"",0,0,0,0,22.1275,***
"eFUSE_burn_readmargin","BANKB_BIT_BLOWN_TRUE_5",432460,"Parametric","",1,1,"",1,1,1,0,22.1275,***
"eFUSE_burn_readmargin","BANKB_READMARGIN_BIT_6",431510,"Parametric","",0,1,"",0,0,0,0,22.1275,***
"eFUSE_burn_readmargin","BANKB_BURN_BIT_6",431990,"Parametric","",0,1,"",0,0,0,0,22.1275,***
"eFUSE_burn_readmargin","BANKB_BIT_BLOWN_TRUE_6",432470,"Parametric","",1,1,"",1,1,1,0,22.1275,***
"eFUSE_burn_readmargin","BANKB_READMARGIN_BIT_7",431520,"Parametric","",0,1,"",0,0,0,0,22.1275,***
"eFUSE_burn_readmargin","BANKB_BURN_BIT_7",432000,"Parametric","",0,1,"",0,0,0,0,22.1275,***
"eFUSE_burn_readmargin","BANKB_BIT_BLOWN_TRUE_7",432480,"Parametric","",1,1,"",1,1,1,0,22.1275,***
"eFUSE_burn_readmargin","BANKB_READMARGIN_BIT_8",431530,"Parametric","",0,1,"",0,0,0,0,22.1275,***
"eFUSE_burn_readmargin","BANKB_BURN_BIT_8",432010,"Parametric","",0,1,"",0,0,0,0,22.1275,***
"eFUSE_burn_readmargin","BANKB_BIT_BLOWN_TRUE_8",432490,"Parametric","",1,1,"",1,1,1,0,22.1275,***
"eFUSE_burn_readmargin","BANKB_READMARGIN_BIT_9",431540,"Parametric","",0,1,"",0,0,0,0,22.1275,***
"eFUSE_burn_readmargin","BANKB_BURN_BIT_9",432020,"Parametric","",0,1,"",0,0,0,0,22.1275,***
"eFUSE_burn_readmargin","BANKB_BIT_BLOWN_TRUE_9",432500,"Parametric","",1,1,"",1,1,1,0,22.1275,***
"eFUSE_burn_readmargin","BANKB_READMARGIN_BIT_10",431550,"Parametric","",0,1,"",0,0,0,0,22.1275,***
"eFUSE_burn_readmargin","BANKB_BURN_BIT_10",432030,"Parametric","",0,1,"",0,0,0,0,22.1275,***
"eFUSE_burn_readmargin","BANKB_BIT_BLOWN_TRUE_10",432510,"Parametric","",1,1,"",1,1,1,0,22.1275,***
"eFUSE_burn_readmargin","BANKB_READMARGIN_BIT_11",431560,"Parametric","",0,1,"",1,1,1,0,22.1275,***
"eFUSE_burn_readmargin","BANKB_BURN_BIT_11",432040,"Parametric","",0,1,"",1,1,1,0,22.1275,***
"eFUSE_burn_readmargin","BANKB_BIT_BLOWN_TRUE_11",432520,"Parametric","",1,1,"",1,1,1,0,22.1275,***
"eFUSE_burn_readmargin","BANKB_READMARGIN_BIT_12",431570,"Parametric","",0,1,"",1,1,1,0,22.1275,***
"eFUSE_burn_readmargin","BANKB_BURN_BIT_12",432050,"Parametric","",0,1,"",1,1,1,0,22.1275,***
"eFUSE_burn_readmargin","BANKB_BIT_BLOWN_TRUE_12",432530,"Parametric","",1,1,"",1,1,1,0,22.1275,***
"eFUSE_burn_readmargin","BANKB_READMARGIN_BIT_13",431580,"Parametric","",0,1,"",0,0,0,0,22.1275,***
"eFUSE_burn_readmargin","BANKB_BURN_BIT_13",432060,"Parametric","",0,1,"",0,0,0,0,22.1275,***
"eFUSE_burn_readmargin","BANKB_BIT_BLOWN_TRUE_13",432540,"Parametric","",1,1,"",1,1,1,0,22.1275,***
"eFUSE_burn_readmargin","BANKB_READMARGIN_BIT_14",431590,"Parametric","",0,1,"",1,1,1,0,22.1275,***
"eFUSE_burn_readmargin","BANKB_BURN_BIT_14",432070,"Parametric","",0,1,"",1,1,1,0,22.1275,***
"eFUSE_burn_readmargin","BANKB_BIT_BLOWN_TRUE_14",432550,"Parametric","",1,1,"",1,1,1,0,22.1275,***
"eFUSE_burn_readmargin","BANKB_READMARGIN_BIT_15",431600,"Parametric","",0,1,"",0,0,0,0,22.1275,***
"eFUSE_burn_readmargin","BANKB_BURN_BIT_15",432080,"Parametric","",0,1,"",0,0,0,0,22.1275,***
"eFUSE_burn_readmargin","BANKB_BIT_BLOWN_TRUE_15",432560,"Parametric","",1,1,"",1,1,1,0,22.1275,***
"eFUSE_burn_readmargin","BANKB_READMARGIN_BIT_16",431610,"Parametric","",0,1,"",0,0,0,0,22.1275,***
"eFUSE_burn_readmargin","BANKB_BURN_BIT_16",432090,"Parametric","",0,1,"",0,0,0,0,22.1275,***
"eFUSE_burn_readmargin","BANKB_BIT_BLOWN_TRUE_16",432570,"Parametric","",1,1,"",1,1,1,0,22.1275,***
"eFUSE_burn_readmargin","BANKB_READMARGIN_BIT_17",431620,"Parametric","",0,1,"",0,0,0,0,22.1275,***
"eFUSE_burn_readmargin","BANKB_BURN_BIT_17",432100,"Parametric","",0,1,"",0,0,0,0,22.1275,***
"eFUSE_burn_readmargin","BANKB_BIT_BLOWN_TRUE_17",432580,"Parametric","",1,1,"",1,1,1,0,22.1275,***
"eFUSE_burn_readmargin","BANKB_READMARGIN_BIT_18",431630,"Parametric","",0,1,"",0,0,0,0,22.1275,***
"eFUSE_burn_readmargin","BANKB_BURN_BIT_18",432110,"Parametric","",0,1,"",0,0,0,0,22.1275,***
"eFUSE_burn_readmargin","BANKB_BIT_BLOWN_TRUE_18",432590,"Parametric","",1,1,"",1,1,1,0,22.1275,***
"eFUSE_burn_readmargin","BANKB_READMARGIN_BIT_19",431640,"Parametric","",0,1,"",0,0,0,0,22.1275,***
"eFUSE_burn_readmargin","BANKB_BURN_BIT_19",432120,"Parametric","",0,1,"",0,0,0,0,22.1275,***
"eFUSE_burn_readmargin","BANKB_BIT_BLOWN_TRUE_19",432600,"Parametric","",1,1,"",1,1,1,0,22.1275,***
"eFUSE_burn_readmargin","BANKB_READMARGIN_BIT_20",431650,"Parametric","",0,1,"",0,0,0,0,22.1275,***
"eFUSE_burn_readmargin","BANKB_BURN_BIT_20",432130,"Parametric","",0,1,"",0,0,0,0,22.1275,***
"eFUSE_burn_readmargin","BANKB_BIT_BLOWN_TRUE_20",432610,"Parametric","",1,1,"",1,1,1,0,22.1275,***
"eFUSE_burn_readmargin","BANKB_READMARGIN_BIT_21",431660,"Parametric","",0,1,"",0,0,0,0,22.1275,***
"eFUSE_burn_readmargin","BANKB_BURN_BIT_21",432140,"Parametric","",0,1,"",0,0,0,0,22.1275,***
"eFUSE_burn_readmargin","BANKB_BIT_BLOWN_TRUE_21",432620,"Parametric","",1,1,"",1,1,1,0,22.1275,***
"eFUSE_burn_readmargin","BANKB_READMARGIN_BIT_22",431670,"Parametric","",0,1,"",0,0,0,0,22.1275,***
"eFUSE_burn_readmargin","BANKB_BURN_BIT_22",432150,"Parametric","",0,1,"",0,0,0,0,22.1275,***
"eFUSE_burn_readmargin","BANKB_BIT_BLOWN_TRUE_22",432630,"Parametric","",1,1,"",1,1,1,0,22.1275,***
"eFUSE_burn_readmargin","BANKB_READMARGIN_BIT_23",431680,"Parametric","",0,1,"",0,0,0,0,22.1275,***
"eFUSE_burn_readmargin","BANKB_BURN_BIT_23",432160,"Parametric","",0,1,"",0,0,0,0,22.1275,***
"eFUSE_burn_readmargin","BANKB_BIT_BLOWN_TRUE_23",432640,"Parametric","",1,1,"",1,1,1,0,22.1275,***
"eFUSE_burn_readmargin","BANKB_READMARGIN_BIT_24",431690,"Parametric","",0,1,"",0,1,0.666667,0.516398,22.1275,***
"eFUSE_burn_readmargin","BANKB_BURN_BIT_24",432170,"Parametric","",0,1,"",0,1,0.666667,0.516398,22.1275,***
"eFUSE_burn_readmargin","BANKB_BIT_BLOWN_TRUE_24",432650,"Parametric","",1,1,"",1,1,1,0,22.1275,***
"eFUSE_burn_readmargin","BANKB_READMARGIN_BIT_25",431700,"Parametric","",0,1,"",0,1,0.666667,0.516398,22.1275,***
"eFUSE_burn_readmargin","BANKB_BURN_BIT_25",432180,"Parametric","",0,1,"",0,1,0.666667,0.516398,22.1275,***
"eFUSE_burn_readmargin","BANKB_BIT_BLOWN_TRUE_25",432660,"Parametric","",1,1,"",1,1,1,0,22.1275,***
"eFUSE_burn_readmargin","BANKB_READMARGIN_BIT_26",431710,"Parametric","",0,1,"",0,1,0.333333,0.516398,22.1275,***
"eFUSE_burn_readmargin","BANKB_BURN_BIT_26",432190,"Parametric","",0,1,"",0,1,0.333333,0.516398,22.1275,***
"eFUSE_burn_readmargin","BANKB_BIT_BLOWN_TRUE_26",432670,"Parametric","",1,1,"",1,1,1,0,22.1275,***
"eFUSE_burn_readmargin","BANKB_READMARGIN_BIT_27",431720,"Parametric","",0,1,"",1,1,1,0,22.1275,***
"eFUSE_burn_readmargin","BANKB_BURN_BIT_27",432200,"Parametric","",0,1,"",1,1,1,0,22.1275,***
"eFUSE_burn_readmargin","BANKB_BIT_BLOWN_TRUE_27",432680,"Parametric","",1,1,"",1,1,1,0,22.1275,***
"eFUSE_burn_readmargin","BANKB_READMARGIN_BIT_28",431730,"Parametric","",0,1,"",0,0,0,0,22.1275,***
"eFUSE_burn_readmargin","BANKB_BURN_BIT_28",432210,"Parametric","",0,1,"",0,0,0,0,22.1275,***
"eFUSE_burn_readmargin","BANKB_BIT_BLOWN_TRUE_28",432690,"Parametric","",1,1,"",1,1,1,0,22.1275,***
"eFUSE_burn_readmargin","BANKB_READMARGIN_BIT_29",431740,"Parametric","",0,1,"",0,1,0.5,0.547723,22.1275,***
"eFUSE_burn_readmargin","BANKB_BURN_BIT_29",432220,"Parametric","",0,1,"",0,1,0.5,0.547723,22.1275,***
"eFUSE_burn_readmargin","BANKB_BIT_BLOWN_TRUE_29",432700,"Parametric","",1,1,"",1,1,1,0,22.1275,***
"eFUSE_burn_readmargin","BANKB_READMARGIN_BIT_30",431750,"Parametric","",0,1,"",0,1,0.666667,0.516398,22.1275,***
"eFUSE_burn_readmargin","BANKB_BURN_BIT_30",432230,"Parametric","",0,1,"",0,1,0.666667,0.516398,22.1275,***
"eFUSE_burn_readmargin","BANKB_BIT_BLOWN_TRUE_30",432710,"Parametric","",1,1,"",1,1,1,0,22.1275,***
"eFUSE_burn_readmargin","BANKB_READMARGIN_BIT_31",431760,"Parametric","",0,1,"",1,1,1,0,22.1275,***
"eFUSE_burn_readmargin","BANKB_BURN_BIT_31",432240,"Parametric","",0,1,"",1,1,1,0,22.1275,***
"eFUSE_burn_readmargin","BANKB_BIT_BLOWN_TRUE_31",432720,"Parametric","",1,1,"",1,1,1,0,22.1275,***
"eFUSE_burn_readmargin","BANKB_READMARGIN_BIT_32",431770,"Parametric","",0,1,"",1,1,1,0,22.1275,***
"eFUSE_burn_readmargin","BANKB_BURN_BIT_32",432250,"Parametric","",0,1,"",1,1,1,0,22.1275,***
"eFUSE_burn_readmargin","BANKB_BIT_BLOWN_TRUE_32",432730,"Parametric","",1,1,"",1,1,1,0,22.1275,***
"eFUSE_burn_readmargin","BANKB_READMARGIN_BIT_33",431780,"Parametric","",0,1,"",1,1,1,0,22.1275,***
"eFUSE_burn_readmargin","BANKB_BURN_BIT_33",432260,"Parametric","",0,1,"",1,1,1,0,22.1275,***
"eFUSE_burn_readmargin","BANKB_BIT_BLOWN_TRUE_33",432740,"Parametric","",1,1,"",1,1,1,0,22.1275,***
"eFUSE_burn_readmargin","BANKB_READMARGIN_BIT_34",431790,"Parametric","",0,1,"",0,0,0,0,22.1275,***
"eFUSE_burn_readmargin","BANKB_BURN_BIT_34",432270,"Parametric","",0,1,"",0,0,0,0,22.1275,***
"eFUSE_burn_readmargin","BANKB_BIT_BLOWN_TRUE_34",432750,"Parametric","",1,1,"",1,1,1,0,22.1275,***
"eFUSE_burn_readmargin","BANKB_READMARGIN_BIT_35",431800,"Parametric","",0,1,"",0,0,0,0,22.1275,***
"eFUSE_burn_readmargin","BANKB_BURN_BIT_35",432280,"Parametric","",0,1,"",0,0,0,0,22.1275,***
"eFUSE_burn_readmargin","BANKB_BIT_BLOWN_TRUE_35",432760,"Parametric","",1,1,"",1,1,1,0,22.1275,***
"eFUSE_burn_readmargin","BANKB_READMARGIN_BIT_36",431810,"Parametric","",0,1,"",1,1,1,0,22.1275,***
"eFUSE_burn_readmargin","BANKB_BURN_BIT_36",432290,"Parametric","",0,1,"",1,1,1,0,22.1275,***
"eFUSE_burn_readmargin","BANKB_BIT_BLOWN_TRUE_36",432770,"Parametric","",1,1,"",1,1,1,0,22.1275,***
"eFUSE_burn_readmargin","BANKB_READMARGIN_BIT_37",431820,"Parametric","",0,1,"",0,0,0,0,22.1275,***
"eFUSE_burn_readmargin","BANKB_BURN_BIT_37",432300,"Parametric","",0,1,"",0,0,0,0,22.1275,***
"eFUSE_burn_readmargin","BANKB_BIT_BLOWN_TRUE_37",432780,"Parametric","",1,1,"",1,1,1,0,22.1275,***
"eFUSE_burn_readmargin","BANKB_READMARGIN_BIT_38",431830,"Parametric","",0,1,"",0,1,0.166667,0.408248,22.1275,***
"eFUSE_burn_readmargin","BANKB_BURN_BIT_38",432310,"Parametric","",0,1,"",0,1,0.166667,0.408248,22.1275,***
"eFUSE_burn_readmargin","BANKB_BIT_BLOWN_TRUE_38",432790,"Parametric","",1,1,"",1,1,1,0,22.1275,***
"eFUSE_burn_readmargin","BANKB_READMARGIN_BIT_39",431840,"Parametric","",0,1,"",0,1,0.5,0.547723,22.1275,***
"eFUSE_burn_readmargin","BANKB_BURN_BIT_39",432320,"Parametric","",0,1,"",0,1,0.5,0.547723,22.1275,***
"eFUSE_burn_readmargin","BANKB_BIT_BLOWN_TRUE_39",432800,"Parametric","",1,1,"",1,1,1,0,22.1275,***
"eFUSE_burn_readmargin","BANKB_READMARGIN_BIT_40",431850,"Parametric","",0,1,"",1,1,1,0,22.1275,***
"eFUSE_burn_readmargin","BANKB_BURN_BIT_40",432330,"Parametric","",0,1,"",1,1,1,0,22.1275,***
"eFUSE_burn_readmargin","BANKB_BIT_BLOWN_TRUE_40",432810,"Parametric","",1,1,"",1,1,1,0,22.1275,***
"eFUSE_burn_readmargin","BANKB_READMARGIN_BIT_41",431860,"Parametric","",0,1,"",1,1,1,0,22.1275,***
"eFUSE_burn_readmargin","BANKB_BURN_BIT_41",432340,"Parametric","",0,1,"",1,1,1,0,22.1275,***
"eFUSE_burn_readmargin","BANKB_BIT_BLOWN_TRUE_41",432820,"Parametric","",1,1,"",1,1,1,0,22.1275,***
"eFUSE_burn_readmargin","BANKB_READMARGIN_BIT_42",431870,"Parametric","",0,1,"",1,1,1,0,22.1275,***
"eFUSE_burn_readmargin","BANKB_BURN_BIT_42",432350,"Parametric","",0,1,"",1,1,1,0,22.1275,***
"eFUSE_burn_readmargin","BANKB_BIT_BLOWN_TRUE_42",432830,"Parametric","",1,1,"",1,1,1,0,22.1275,***
"eFUSE_burn_readmargin","BANKB_READMARGIN_BIT_43",431880,"Parametric","",0,1,"",0,1,0.5,0.547723,22.1275,***
"eFUSE_burn_readmargin","BANKB_BURN_BIT_43",432360,"Parametric","",0,1,"",0,1,0.5,0.547723,22.1275,***
"eFUSE_burn_readmargin","BANKB_BIT_BLOWN_TRUE_43",432840,"Parametric","",1,1,"",1,1,1,0,22.1275,***
"eFUSE_burn_readmargin","BANKB_READMARGIN_BIT_44",431890,"Parametric","",0,1,"",1,1,1,0,22.1275,***
"eFUSE_burn_readmargin","BANKB_BURN_BIT_44",432370,"Parametric","",0,1,"",1,1,1,0,22.1275,***
"eFUSE_burn_readmargin","BANKB_BIT_BLOWN_TRUE_44",432850,"Parametric","",1,1,"",1,1,1,0,22.1275,***
"eFUSE_burn_readmargin","BANKB_READMARGIN_BIT_45",431900,"Parametric","",0,1,"",0,0,0,0,22.1275,***
"eFUSE_burn_readmargin","BANKB_BURN_BIT_45",432380,"Parametric","",0,1,"",0,0,0,0,22.1275,***
"eFUSE_burn_readmargin","BANKB_BIT_BLOWN_TRUE_45",432860,"Parametric","",1,1,"",1,1,1,0,22.1275,***
"eFUSE_burn_readmargin","BANKB_READMARGIN_BIT_46",431910,"Parametric","",0,1,"",1,1,1,0,22.1275,***
"eFUSE_burn_readmargin","BANKB_BURN_BIT_46",432390,"Parametric","",0,1,"",1,1,1,0,22.1275,***
"eFUSE_burn_readmargin","BANKB_BIT_BLOWN_TRUE_46",432870,"Parametric","",1,1,"",1,1,1,0,22.1275,***
"eFUSE_burn_readmargin","BANKB_READMARGIN_BIT_47",431920,"Parametric","",0,1,"",1,1,1,0,22.1275,***
"eFUSE_burn_readmargin","BANKB_BURN_BIT_47",432400,"Parametric","",0,1,"",1,1,1,0,22.1275,***
"eFUSE_burn_readmargin","BANKB_BIT_BLOWN_TRUE_47",432880,"Parametric","",1,1,"",1,1,1,0,22.1275,***
"POST_BURN_PASS_FET_LEAKAGE","POST_Forward_Leakage_FET",470030,"Parametric","",-20,20,"nA",-3,-2,-2.16667,0.408248,0.144833,***
"POST_BURN_PASS_FET_LEAKAGE","POST_Reverse_Leakage_FET",470040,"Parametric","",-20,20,"nA",-2,-1,-1.16667,0.408248,0.144833,***
"POST_BURN_PASS_FET_LEAKAGE","Delta_Forward_Leakage_FET",470050,"Parametric","",-20,20,"nA",-1,-1,-1,0,0.144833,***
"POST_BURN_PASS_FET_LEAKAGE","Delta_Reverse_Leakage_FET",470060,"Parametric","",-20,20,"nA",0,0,0,0,0.144833,***
"POST_EFUSE_RESISTANCE","POST_BANKA_EFUSE_RESISTANCE_BIT47",490001,"Parametric","",***,***,"ohms",1536.8,2549.8,2003.37,402.601,24.888,***
"POST_EFUSE_RESISTANCE","POST_BANKA_EFUSE_RESISTANCE_BIT46",490002,"Parametric","",***,***,"ohms",1331.8,2595.2,1880.07,563.227,24.888,***
"POST_EFUSE_RESISTANCE","POST_BANKA_EFUSE_RESISTANCE_BIT45",490003,"Parametric","",***,***,"ohms",79.8,91,87.2667,5.78365,24.888,***
"POST_EFUSE_RESISTANCE","POST_BANKA_EFUSE_RESISTANCE_BIT44",490004,"Parametric","",***,***,"ohms",1024.4,1844,1555.63,322.419,24.888,***
"POST_EFUSE_RESISTANCE","POST_BANKA_EFUSE_RESISTANCE_BIT43",490005,"Parametric","",***,***,"ohms",79.8,2003.4,937.167,941.576,24.888,***
"POST_EFUSE_RESISTANCE","POST_BANKA_EFUSE_RESISTANCE_BIT42",490006,"Parametric","",***,***,"ohms",1639,3153,2176,550.795,24.888,***
"POST_EFUSE_RESISTANCE","POST_BANKA_EFUSE_RESISTANCE_BIT41",490007,"Parametric","",***,***,"ohms",1252,2880,1973.07,596.765,24.888,***
"POST_EFUSE_RESISTANCE","POST_BANKA_EFUSE_RESISTANCE_BIT40",490008,"Parametric","",***,***,"ohms",1229.4,1900.8,1557.5,246.858,24.888,***
"POST_EFUSE_RESISTANCE","POST_BANKA_EFUSE_RESISTANCE_BIT39",490009,"Parametric","",***,***,"ohms",79.6,3665.4,1174.4,1424.52,24.888,***
"POST_EFUSE_RESISTANCE","POST_BANKA_EFUSE_RESISTANCE_BIT38",490010,"Parametric","",***,***,"ohms",79.6,1377.4,296,529.776,24.888,***
"POST_EFUSE_RESISTANCE","POST_BANKA_EFUSE_RESISTANCE_BIT37",490011,"Parametric","",***,***,"ohms",79.6,91,85.3667,6.17144,24.888,***
"POST_EFUSE_RESISTANCE","POST_BANKA_EFUSE_RESISTANCE_BIT36",490012,"Parametric","",***,***,"ohms",1297.6,2094.6,1773.8,292.347,24.888,***
"POST_EFUSE_RESISTANCE","POST_BANKA_EFUSE_RESISTANCE_BIT35",490013,"Parametric","",***,***,"ohms",79.6,91,83.4667,5.83598,24.888,***
"POST_EFUSE_RESISTANCE","POST_BANKA_EFUSE_RESISTANCE_BIT34",490014,"Parametric","",***,***,"ohms",79.6,91,83.4667,5.83598,24.888,***
"POST_EFUSE_RESISTANCE","POST_BANKA_EFUSE_RESISTANCE_BIT33",490015,"Parametric","",***,***,"ohms",1570.8,2048.8,1785.2,200.448,24.888,***
"POST_EFUSE_RESISTANCE","POST_BANKA_EFUSE_RESISTANCE_BIT32",490016,"Parametric","",***,***,"ohms",1274.8,2174,1711.17,298.359,24.888,***
"POST_EFUSE_RESISTANCE","POST_BANKA_EFUSE_RESISTANCE_BIT31",490017,"Parametric","",***,***,"ohms",1513.8,2857,1940.73,492.94,24.888,***
"POST_EFUSE_RESISTANCE","POST_BANKA_EFUSE_RESISTANCE_BIT30",490018,"Parametric","",***,***,"ohms",79.6,3540,1504.33,1376.4,24.888,***
"POST_EFUSE_RESISTANCE","POST_BANKA_EFUSE_RESISTANCE_BIT29",490019,"Parametric","",***,***,"ohms",79.6,1889.6,798.667,812.993,24.888,***
"POST_EFUSE_RESISTANCE","POST_BANKA_EFUSE_RESISTANCE_BIT28",490020,"Parametric","",***,***,"ohms",79.6,91,83.4333,5.86163,24.888,***
"POST_EFUSE_RESISTANCE","POST_BANKA_EFUSE_RESISTANCE_BIT27",490021,"Parametric","",***,***,"ohms",1149.8,2208.2,1775.73,405.229,24.888,***
"POST_EFUSE_RESISTANCE","POST_BANKA_EFUSE_RESISTANCE_BIT26",490022,"Parametric","",***,***,"ohms",79.6,2003.4,603.267,838.11,24.888,***
"POST_EFUSE_RESISTANCE","POST_BANKA_EFUSE_RESISTANCE_BIT25",490023,"Parametric","",***,***,"ohms",79.8,1809.8,984.6,728.599,24.888,***
"POST_EFUSE_RESISTANCE","POST_BANKA_EFUSE_RESISTANCE_BIT24",490024,"Parametric","",***,***,"ohms",79.8,2333.4,1286.3,1010.72,24.888,***
"POST_EFUSE_RESISTANCE","POST_BANKA_EFUSE_RESISTANCE_BIT23",490025,"Parametric","",***,***,"ohms",79.6,91,83.4667,5.83598,24.888,***
"POST_EFUSE_RESISTANCE","POST_BANKA_EFUSE_RESISTANCE_BIT22",490026,"Parametric","",***,***,"ohms",79.6,91,81.5667,4.62241,24.888,***
"POST_EFUSE_RESISTANCE","POST_BANKA_EFUSE_RESISTANCE_BIT21",490027,"Parametric","",***,***,"ohms",79.6,91,87.2333,5.83564,24.888,***
"POST_EFUSE_RESISTANCE","POST_BANKA_EFUSE_RESISTANCE_BIT20",490028,"Parametric","",***,***,"ohms",79.6,91,83.4667,5.83598,24.888,***
"POST_EFUSE_RESISTANCE","POST_BANKA_EFUSE_RESISTANCE_BIT19",490029,"Parametric","",***,***,"ohms",68.4,91,79.7,7.14731,24.888,***
"POST_EFUSE_RESISTANCE","POST_BANKA_EFUSE_RESISTANCE_BIT18",490030,"Parametric","",***,***,"ohms",79.6,91,85.3667,6.17144,24.888,***
"POST_EFUSE_RESISTANCE","POST_BANKA_EFUSE_RESISTANCE_BIT17",490031,"Parametric","",***,***,"ohms",79.6,91,85.3667,6.17144,24.888,***
"POST_EFUSE_RESISTANCE","POST_BANKA_EFUSE_RESISTANCE_BIT16",490032,"Parametric","",***,***,"ohms",79.8,91,87.2667,5.78365,24.888,***
"POST_EFUSE_RESISTANCE","POST_BANKA_EFUSE_RESISTANCE_BIT15",490033,"Parametric","",***,***,"ohms",79.6,91,81.6,4.60608,24.888,***
"POST_EFUSE_RESISTANCE","POST_BANKA_EFUSE_RESISTANCE_BIT14",490034,"Parametric","",***,***,"ohms",1229.4,2379,1589.8,421.525,24.888,***
"POST_EFUSE_RESISTANCE","POST_BANKA_EFUSE_RESISTANCE_BIT13",490035,"Parametric","",***,***,"ohms",79.6,91,83.5,5.80999,24.888,***
"POST_EFUSE_RESISTANCE","POST_BANKA_EFUSE_RESISTANCE_BIT12",490036,"Parametric","",***,***,"ohms",1411.4,2470,1732.03,398.459,24.888,***
"POST_EFUSE_RESISTANCE","POST_BANKA_EFUSE_RESISTANCE_BIT11",490037,"Parametric","",***,***,"ohms",1183.8,2333.4,1593.63,402.677,24.888,***
"POST_EFUSE_RESISTANCE","POST_BANKA_EFUSE_RESISTANCE_BIT10",490038,"Parametric","",***,***,"ohms",79.6,91.2,83.4667,5.9136,24.888,***
"POST_EFUSE_RESISTANCE","POST_BANKA_EFUSE_RESISTANCE_BIT9",490039,"Parametric","",***,***,"ohms",79.6,91,81.6,4.60608,24.888,***
"POST_EFUSE_RESISTANCE","POST_BANKA_EFUSE_RESISTANCE_BIT8",490040,"Parametric","",***,***,"ohms",68.2,91,81.6,8.5557,24.888,***
"POST_EFUSE_RESISTANCE","POST_BANKA_EFUSE_RESISTANCE_BIT7",490041,"Parametric","",***,***,"ohms",79.6,91,83.4667,5.83598,24.888,***
"POST_EFUSE_RESISTANCE","POST_BANKA_EFUSE_RESISTANCE_BIT6",490042,"Parametric","",***,***,"ohms",79.6,79.8,79.7,0.109547,24.888,***
"POST_EFUSE_RESISTANCE","POST_BANKA_EFUSE_RESISTANCE_BIT5",490043,"Parametric","",***,***,"ohms",79.6,91,81.6,4.60608,24.888,***
"POST_EFUSE_RESISTANCE","POST_BANKA_EFUSE_RESISTANCE_BIT4",490044,"Parametric","",***,***,"ohms",79.6,91,81.5667,4.62241,24.888,***
"POST_EFUSE_RESISTANCE","POST_BANKA_EFUSE_RESISTANCE_BIT3",490045,"Parametric","",***,***,"ohms",79.6,91.2,85.3667,6.24489,24.888,***
"POST_EFUSE_RESISTANCE","POST_BANKA_EFUSE_RESISTANCE_BIT2",490046,"Parametric","",***,***,"ohms",79.6,79.8,79.7,0.109547,24.888,***
"POST_EFUSE_RESISTANCE","POST_BANKA_EFUSE_RESISTANCE_BIT1",490047,"Parametric","",***,***,"ohms",79.6,91.2,81.6,4.70404,24.888,***
"POST_EFUSE_RESISTANCE","POST_BANKA_EFUSE_RESISTANCE_BIT0",490048,"Parametric","",***,***,"ohms",79.6,91.2,85.4,6.20838,24.888,***
"POST_EFUSE_RESISTANCE","POST_BANKB_EFUSE_RESISTANCE_BIT47",490049,"Parametric","",***,***,"ohms",1297.8,3232.6,1798.5,728.847,24.888,***
"POST_EFUSE_RESISTANCE","POST_BANKB_EFUSE_RESISTANCE_BIT46",490050,"Parametric","",***,***,"ohms",1366,1958,1608.77,264.701,24.888,***
"POST_EFUSE_RESISTANCE","POST_BANKB_EFUSE_RESISTANCE_BIT45",490051,"Parametric","",***,***,"ohms",79.6,91,81.5667,4.62241,24.888,***
"POST_EFUSE_RESISTANCE","POST_BANKB_EFUSE_RESISTANCE_BIT44",490052,"Parametric","",***,***,"ohms",1377.2,2162.6,1730.1,385.428,24.888,***
"POST_EFUSE_RESISTANCE","POST_BANKB_EFUSE_RESISTANCE_BIT43",490053,"Parametric","",***,***,"ohms",79.8,1559.4,793,779.225,24.888,***
"POST_EFUSE_RESISTANCE","POST_BANKB_EFUSE_RESISTANCE_BIT42",490054,"Parametric","",***,***,"ohms",1377.2,2003.4,1656.17,231.607,24.888,***
"POST_EFUSE_RESISTANCE","POST_BANKB_EFUSE_RESISTANCE_BIT41",490055,"Parametric","",***,***,"ohms",1252,2117.2,1631.47,364.533,24.888,***
"POST_EFUSE_RESISTANCE","POST_BANKB_EFUSE_RESISTANCE_BIT40",490056,"Parametric","",***,***,"ohms",1548.2,2071.8,1770.07,211.963,24.888,***
"POST_EFUSE_RESISTANCE","POST_BANKB_EFUSE_RESISTANCE_BIT39",490057,"Parametric","",***,***,"ohms",79.6,3278.2,1090.83,1283.11,24.888,***
"POST_EFUSE_RESISTANCE","POST_BANKB_EFUSE_RESISTANCE_BIT38",490058,"Parametric","",***,***,"ohms",79.6,2026.2,409.767,791.907,24.888,***
"POST_EFUSE_RESISTANCE","POST_BANKB_EFUSE_RESISTANCE_BIT37",490059,"Parametric","",***,***,"ohms",79.6,91,81.6,4.60608,24.888,***
"POST_EFUSE_RESISTANCE","POST_BANKB_EFUSE_RESISTANCE_BIT36",490060,"Parametric","",***,***,"ohms",1548.2,1980.6,1720.77,154.11,24.888,***
"POST_EFUSE_RESISTANCE","POST_BANKB_EFUSE_RESISTANCE_BIT35",490061,"Parametric","",***,***,"ohms",79.6,91,83.4333,5.86163,24.888,***
"POST_EFUSE_RESISTANCE","POST_BANKB_EFUSE_RESISTANCE_BIT34",490062,"Parametric","",***,***,"ohms",79.6,91,83.4667,5.83598,24.888,***
"POST_EFUSE_RESISTANCE","POST_BANKB_EFUSE_RESISTANCE_BIT33",490063,"Parametric","",***,***,"ohms",1513.8,2618,1952.1,411.954,24.888,***
"POST_EFUSE_RESISTANCE","POST_BANKB_EFUSE_RESISTANCE_BIT32",490064,"Parametric","",***,***,"ohms",1263.4,1923.6,1640.97,224.975,24.888,***
"POST_EFUSE_RESISTANCE","POST_BANKB_EFUSE_RESISTANCE_BIT31",490065,"Parametric","",***,***,"ohms",1343.2,1753,1574.7,181.94,24.888,***
"POST_EFUSE_RESISTANCE","POST_BANKB_EFUSE_RESISTANCE_BIT30",490066,"Parametric","",***,***,"ohms",79.6,2242.6,1214.17,922.986,24.888,***
"POST_EFUSE_RESISTANCE","POST_BANKB_EFUSE_RESISTANCE_BIT29",490067,"Parametric","",***,***,"ohms",79.6,2379,975.1,1034.16,24.888,***
"POST_EFUSE_RESISTANCE","POST_BANKB_EFUSE_RESISTANCE_BIT28",490068,"Parametric","",***,***,"ohms",79.6,91,87.2333,5.83564,24.888,***
"POST_EFUSE_RESISTANCE","POST_BANKB_EFUSE_RESISTANCE_BIT27",490069,"Parametric","",***,***,"ohms",1479.8,3301,2039.4,724.351,24.888,***
"POST_EFUSE_RESISTANCE","POST_BANKB_EFUSE_RESISTANCE_BIT26",490070,"Parametric","",***,***,"ohms",79.6,1775.6,639.3,858.378,24.888,***
"POST_EFUSE_RESISTANCE","POST_BANKB_EFUSE_RESISTANCE_BIT25",490071,"Parametric","",***,***,"ohms",79.6,3312.4,1314.7,1193.39,24.888,***
"POST_EFUSE_RESISTANCE","POST_BANKB_EFUSE_RESISTANCE_BIT24",490072,"Parametric","",***,***,"ohms",79.8,2333.4,1187.6,911.063,24.888,***
"POST_EFUSE_RESISTANCE","POST_BANKB_EFUSE_RESISTANCE_BIT23",490073,"Parametric","",***,***,"ohms",79.6,91,85.3667,6.17144,24.888,***
"POST_EFUSE_RESISTANCE","POST_BANKB_EFUSE_RESISTANCE_BIT22",490074,"Parametric","",***,***,"ohms",79.6,91,81.6,4.60608,24.888,***
"POST_EFUSE_RESISTANCE","POST_BANKB_EFUSE_RESISTANCE_BIT21",490075,"Parametric","",***,***,"ohms",79.6,91,81.5667,4.62241,24.888,***
"POST_EFUSE_RESISTANCE","POST_BANKB_EFUSE_RESISTANCE_BIT20",490076,"Parametric","",***,***,"ohms",79.6,91,83.5,5.80999,24.888,***
"POST_EFUSE_RESISTANCE","POST_BANKB_EFUSE_RESISTANCE_BIT19",490077,"Parametric","",***,***,"ohms",79.6,91,81.6,4.60608,24.888,***
"POST_EFUSE_RESISTANCE","POST_BANKB_EFUSE_RESISTANCE_BIT18",490078,"Parametric","",***,***,"ohms",79.6,79.8,79.7,0.109547,24.888,***
"POST_EFUSE_RESISTANCE","POST_BANKB_EFUSE_RESISTANCE_BIT17",490079,"Parametric","",***,***,"ohms",79.6,79.8,79.7,0.109547,24.888,***
"POST_EFUSE_RESISTANCE","POST_BANKB_EFUSE_RESISTANCE_BIT16",490080,"Parametric","",***,***,"ohms",79.6,91,81.6,4.60608,24.888,***
"POST_EFUSE_RESISTANCE","POST_BANKB_EFUSE_RESISTANCE_BIT15",490081,"Parametric","",***,***,"ohms",79.6,91,83.4333,5.86163,24.888,***
"POST_EFUSE_RESISTANCE","POST_BANKB_EFUSE_RESISTANCE_BIT14",490082,"Parametric","",***,***,"ohms",1275,2299.4,1555.67,399.532,24.888,***
"POST_EFUSE_RESISTANCE","POST_BANKB_EFUSE_RESISTANCE_BIT13",490083,"Parametric","",***,***,"ohms",79.6,91,85.3667,6.17144,24.888,***
"POST_EFUSE_RESISTANCE","POST_BANKB_EFUSE_RESISTANCE_BIT12",490084,"Parametric","",***,***,"ohms",1434.4,2777.4,1904.7,527.987,24.888,***
"POST_EFUSE_RESISTANCE","POST_BANKB_EFUSE_RESISTANCE_BIT11",490085,"Parametric","",***,***,"ohms",1354.6,2105.8,1753,296.211,24.888,***
"POST_EFUSE_RESISTANCE","POST_BANKB_EFUSE_RESISTANCE_BIT10",490086,"Parametric","",***,***,"ohms",79.6,91,83.5,5.80999,24.888,***
"POST_EFUSE_RESISTANCE","POST_BANKB_EFUSE_RESISTANCE_BIT9",490087,"Parametric","",***,***,"ohms",79.6,91,85.3333,6.20795,24.888,***
"POST_EFUSE_RESISTANCE","POST_BANKB_EFUSE_RESISTANCE_BIT8",490088,"Parametric","",***,***,"ohms",79.6,91,83.4667,5.83598,24.888,***
"POST_EFUSE_RESISTANCE","POST_BANKB_EFUSE_RESISTANCE_BIT7",490089,"Parametric","",***,***,"ohms",79.6,91,85.3667,6.17144,24.888,***
"POST_EFUSE_RESISTANCE","POST_BANKB_EFUSE_RESISTANCE_BIT6",490090,"Parametric","",***,***,"ohms",79.6,91,83.5,5.80999,24.888,***
"POST_EFUSE_RESISTANCE","POST_BANKB_EFUSE_RESISTANCE_BIT5",490091,"Parametric","",***,***,"ohms",79.6,91,83.4667,5.83598,24.888,***
"POST_EFUSE_RESISTANCE","POST_BANKB_EFUSE_RESISTANCE_BIT4",490092,"Parametric","",***,***,"ohms",79.6,91,81.6,4.60608,24.888,***
"POST_EFUSE_RESISTANCE","POST_BANKB_EFUSE_RESISTANCE_BIT3",490093,"Parametric","",***,***,"ohms",79.6,91,81.5667,4.62241,24.888,***
"POST_EFUSE_RESISTANCE","POST_BANKB_EFUSE_RESISTANCE_BIT2",490094,"Parametric","",***,***,"ohms",79.6,91.2,85.4,6.20838,24.888,***
"POST_EFUSE_RESISTANCE","POST_BANKB_EFUSE_RESISTANCE_BIT1",490095,"Parametric","",***,***,"ohms",79.6,91,85.3667,6.17144,24.888,***
"POST_EFUSE_RESISTANCE","POST_BANKB_EFUSE_RESISTANCE_BIT0",490096,"Parametric","",***,***,"ohms",79.6,79.8,79.7,0.109547,24.888,***
"Post_Vbias_Test","GENERAL TEST",510001,"Parametric","",1.6,2,"V",1.79466,1.80827,1.80477,0.00509984,0.0241668,***
"Post_SS_Test","ISS_0p4V",500010,"Parametric","",-12,12,"uA",-10.044,-9.884,-9.95467,0.0656892,0.220794,***
"Post_SS_Test","SS_gain_0p4V",500020,"Parametric","",0,15,"A/V",4.82049,4.98178,4.92113,0.0632768,0.220794,***
"Post_SS_Gain_Test","POST_CURRENT_SS_0P1V",820010,"Parametric","",0,3000,"mA",405.234,436.217,423.693,11.9017,0.146922,***
"Post_SS_Gain_Test","POST_CURRENT_SS_0P2V",820020,"Parametric","",0,3000,"mA",899.935,937.691,925.893,15.8653,0.146922,***
"Post_SS_Gain_Test","POST_CURRENT_SS_Delta",820030,"Parametric","",0,2000,"mA",494.701,508.387,502.199,5.49162,0.146922,***
"Post_ILIM_Test","ITRIP_10p_Current",810010,"Parametric","",-200,0,"uA",-10.43,-9.844,-10.1757,0.242693,4.31307,***
"Post_ILIM_Test","ITRIP_10p_Voltage",810020,"Parametric","",0.9,1.3,"V",1.01,1.01,1.01,0,4.31307,***
"Post_ILIM_Test","ITRIP_20p_Current",810060,"Parametric","",-200,0,"uA",-20.235,-19.78,-19.9228,0.158178,4.31307,***
"Post_ILIM_Test","ITRIP_20p_Voltage",810070,"Parametric","",0.9,1.3,"V",1.01,1.01,1.01,0,4.31307,***
"Post_ILIM_Test","gain",810040,"Parametric","",28000,49000,"GAIN",38350.9,40633.9,39328.2,942.216,4.31307,***
"Post_ILIM_Test","gain_20p",810090,"Parametric","",37000,43000,"GAIN",39535.5,40444.9,40157,315.399,4.31307,***
"Post_ISENSE_Gain","POST_SNS_GAIN_20PIMAX_CODE",820040,"Parametric","",-300,300,"uA",-261.985,-258.941,-260.463,1.06425,0.0483983,***
"TISLOW","TISLOW",840010,"Parametric","",10,13,"mS",10.3,10.5,10.4333,0.103279,0.197583,***
"IO_TEST","OFF_VOLTAGE_LOW_EN_0V_IO_TM_1",460010,"Parametric","",0,0.5,"V",0.000714,0.001283,0.000865833,0.000208773,1.19789,***
"IO_TEST","OFF_VOLTAGE_HIGH_EN_1P8V_IO_TM_1",460020,"Parametric","",0,2,"V",1.79529,1.80747,1.80435,0.00461864,1.19789,***
"IO_TEST","OFF_VOLTAGE_LOW_VIN_1P5V_IO_TM_1",460030,"Parametric","",0,0.5,"V",0.000828102,0.00128343,0.000951421,0.000166588,1.19789,***
"IO_TEST","OFF_VOLTAGE_HIGH_VIN_5V_IO_TM_1",460040,"Parametric","",0,2,"V",1.79512,1.80747,1.80455,0.00475595,1.19789,***
"IO_TEST","OFF_VOLTAGE_LOW_EN_0V_IO_TM_2",460070,"Parametric","",0,0.5,"V",0.000657,0.001113,0.000771,0.000169089,1.19789,***
"IO_TEST","OFF_VOLTAGE_HIGH_EN_1P8V_IO_TM_2",460080,"Parametric","",0,2,"V",1.79523,1.80747,1.80445,0.0046437,1.19789,***
"IO_TEST","OFF_VOLTAGE_LOW_VIN_1P5V_IO_TM_2",460090,"Parametric","",0,0.5,"V",0.000885018,0.00134035,0.000970393,0.000182666,1.19789,***
"IO_TEST","OFF_VOLTAGE_HIGH_VIN_5V_IO_TM_2",460100,"Parametric","",0,2,"V",1.79552,1.80804,1.8047,0.00467377,1.19789,***
"IO_TEST","OFF_VOLTAGE_LOW_FCB_0V_IO_TM_3",460050,"Parametric","",0,0.5,"V",0.000657,0.00117,0.0007805,0.000192173,1.19789,***
"IO_TEST","OFF_VOLTAGE_HIGH_FCB_1P8V_IO_TM_3",460060,"Parametric","",0,2,"V",1.79501,1.80764,1.80461,0.00486743,1.19789,***
"IO_TEST","OFF_VOLTAGE_LOW_FCB_0V_IO_TM_4",460110,"Parametric","",0,0.5,"V",0.000714,0.001227,0.0008755,0.000178135,1.19789,***
"IO_TEST","OFF_VOLTAGE_HIGH_FCB_1P8V_IO_TM_4",460120,"Parametric","",0,2,"V",1.79512,1.80781,1.80437,0.00471011,1.19789,***
"SS_Threshold_Test","VSS_T",210010,"Parametric","",0,1.5,"V",1.04,1.04,1.04,0,0.469885,***
"UVLO_Threshold","UVLO_RISING_VDD",350010,"Parametric","",0,2.9,"V",2.61,2.66,2.64,0.0178886,27.2925,***
"UVLO_Threshold","UVLO_FALLING_VDD",350020,"Parametric","",0,2.7,"V",2.37,2.45,2.41667,0.0273253,27.2925,***
"UVLO_Threshold","UVLO_HYSTERISIS",350030,"Parametric","",0,0.5,"V",0.2,0.28,0.223333,0.0314113,27.2925,***
"UVLO_Threshold","UVLO_RISING_VIN",350040,"Parametric","",0,2.9,"V",2.6,2.61,2.60667,0.00516397,27.2925,***
"UVLO_Threshold","UVLO_FALLING_VIN",350050,"Parametric","",0,2.75,"V",2.49,2.51,2.49833,0.00983191,27.2925,***
"UVLO_Threshold","UVLO_HYSTERISIS_VIN",350060,"Parametric","",0,0.5,"V",0.1,0.12,0.108333,0.00752772,27.2925,***
"EN_Rise_Fall_Hysteresis","EN_RISING_VDD",360010,"Parametric","",0,0.9,"V",0.721443,0.724449,0.723447,0.00155231,0.862294,***
"EN_Rise_Fall_Hysteresis","EN_FALLING_VDD",360020,"Parametric","",0,0.8,"V",0.682365,0.685371,0.683868,0.00164648,0.862294,***
"EN_Rise_Fall_Hysteresis","EN_HYSTERISIS",360030,"Parametric","",0,0.6,"V",0.0390782,0.0420842,0.0395792,0.0012272,0.862294,***
"FCB_Rise_Fall_Hysteresis","FCB_RISING_VDD",370010,"Parametric","",0,0.9,"V",0.714765,0.714765,0.714765,0,0.696142,***
"FCB_Rise_Fall_Hysteresis","FCB_FALLING_VDD",370020,"Parametric","",0,0.8,"V",0.674497,0.684564,0.682886,0.00410988,0.696142,***
"FCB_Rise_Fall_Hysteresis","FCB_HYSTERISIS",370030,"Parametric","",0,0.6,"V",0.0302013,0.0402685,0.0318792,0.00410988,0.696142,***
"Output_characteristics_functional","FAULTB_VOL_100UA",380010,"Parametric","",0,100,"mV",2.251,2.706,2.32683,0.185753,0.288137,***
"Output_characteristics_functional","FAULTB_VOL_2MA",380020,"Parametric","",0,500,"mV",25.985,26.384,26.099,0.1442,0.288137,***
"Output_characteristics_functional","OFF_VOH_100UA",380030,"Parametric","",0,5,"V",1.78829,1.80104,1.79789,0.00482419,0.288137,***
"Output_characteristics_functional","OFF_VOL_100UA",380040,"Parametric","",0,100,"mV",5.097,5.552,5.22033,0.166434,0.288137,***
"Output_characteristics_functional","OFF_VOL_2MA",380050,"Parametric","",0,500,"mV",80.511,81.251,80.7103,0.275927,0.288137,***
"Post_PintoPin_Leakage","PIN_TO_PIN_POS_LEAKAGE_PIN",700010,"Parametric","",-9999,9999,"nA",-0.413852,661,176.682,236.477,0.490603,***
"Post_PintoPin_Leakage","PIN_TO_PIN_NEG_LEAKAGE_PIN",700020,"Parametric","",-9999,9999,"nA",-517.257,-3.80355,-130.099,182.159,0.490603,***
"Post_PintoPin_Leakage","DELTA_POS",700030,"Parametric","",-9999,9999,"nA",-32,5.15138,-2.77716,8.74078,0.490603,***
"Post_PintoPin_Leakage","DELTA_NEG",700040,"Parametric","",-9999,9999,"nA",-40,4.53292,-5.09042,8.63632,0.490603,***
"Post_PintoPin_Leakage","PIN_TO_PIN_POS_LEAKAGE_PIN",700011,"Parametric","",-9999,9999,"nA",-794,-762,-778.667,11.2368,0.490603,***
"Post_Contact","POST_CONTINUITY",400030,"Parametric","",-700,-300,"mV",-374.131,-367.816,-370.699,2.23705,0.269401,***
"Post_Contact","Delta",400420,"Parametric","",-10,10,"mV",-0.631332,0.806808,0.116343,0.245474,0.269401,***
"Post_Contact","POST_CONTINUITY",400020,"Parametric","",-700,-300,"mV",-428.542,-423.818,-425.44,1.86966,0.269401,***
"Post_Contact","POST_CONTINUITY",400050,"Parametric","",-700,-300,"mV",-374.369,-368.336,-371.134,2.1099,0.269401,***
"Post_Contact","POST_CONTINUITY",400090,"Parametric","",-700,-300,"mV",-361.097,-355.519,-358.223,2.26399,0.269401,***
"Post_Contact","POST_CONTINUITY",400080,"Parametric","",-700,-300,"mV",-376.247,-369.816,-372.984,2.42086,0.269401,***
"Post_Contact","POST_CONTINUITY",400040,"Parametric","",-700,-300,"mV",-367.482,-361.847,-364.484,1.95605,0.269401,***
"Post_Contact","POST_CONTINUITY",400010,"Parametric","",-700,-300,"mV",-455.375,-443.707,-448.715,4.22872,0.269401,***
"Post_Contact","POST_CONTINUITY",400070,"Parametric","",-700,-200,"mV",-300.775,-297.417,-298.717,1.13687,0.269401,***
"Post_Contact","POST_CONTINUITY",400060,"Parametric","",-700,-300,"mV",-371.683,-349.486,-354.476,8.47781,0.269401,***
"Post_Contact","POST_CONTINUITY",400180,"Parametric","",-700,-120,"mV",-347.775,-345.875,-346.453,0.715675,0.269401,***
"Post_Contact","POST_CONTINUITY",400190,"Parametric","",-700,-120,"mV",-347.805,-345.806,-346.667,0.732034,0.269401,***
"Post_Contact","POST_CONTINUITY",400200,"Parametric","",-700,-120,"mV",-347.666,-345.737,-346.619,0.802722,0.269401,***
"Post_Contact","POST_CONTINUITY",400210,"Parametric","",-700,-120,"mV",-347.576,-345.711,-346.625,0.61875,0.269401,***
"Post_Contact","POST_CONTINUITY",400220,"Parametric","",-700,-120,"mV",-347.544,-345.976,-346.594,0.648208,0.269401,***
"Post_Contact","POST_CONTINUITY",400230,"Parametric","",-700,-120,"mV",-347.614,-345.629,-346.6,0.706599,0.269401,***
"Post_Contact","POST_CONTINUITY",400240,"Parametric","",-700,-120,"mV",-347.61,-345.825,-346.659,0.660495,0.269401,***
"Post_Contact","POST_CONTINUITY",400250,"Parametric","",-700,-120,"mV",-347.649,-345.648,-346.676,0.810446,0.269401,***
"Post_Contact","POST_CONTINUITY",400100,"Parametric","",-700,-100,"mV",-231.312,-231.133,-231.2,0.0611146,0.269401,***
"Post_Contact","POST_CONTINUITY",400110,"Parametric","",-700,-120,"mV",-231.398,-230.869,-231.276,0.20334,0.269401,***
"Post_Contact","POST_CONTINUITY",400120,"Parametric","",-700,-120,"mV",-231.527,-230.888,-231.209,0.280118,0.269401,***
"Post_Contact","POST_CONTINUITY",400130,"Parametric","",-700,-120,"mV",-231.663,-230.839,-231.179,0.333239,0.269401,***
"Post_Contact","POST_CONTINUITY",400140,"Parametric","",-700,-120,"mV",-231.518,-230.738,-231.13,0.262238,0.269401,***
"Post_Contact","POST_CONTINUITY",400150,"Parametric","",-700,-120,"mV",-231.426,-231.03,-231.243,0.178988,0.269401,***
"Post_Contact","POST_CONTINUITY",400160,"Parametric","",-700,-120,"mV",-231.72,-231.138,-231.384,0.210117,0.269401,***
"Post_Contact","POST_CONTINUITY",400170,"Parametric","",-700,-120,"mV",-231.503,-230.885,-231.088,0.217169,0.269401,***